File_Path,Domain_Category,Component_Type,Is_Active,Associated_API_Route_Or_Job,SHA_Provenance,Notes_And_Diagnostics
core/data/data_router.py,API Gateway & Router,FastAPI Unified Router,Active,"/api/*, /ui",4756f5a0e,Size: 922 bytes | Head SHA: 4756f5a0e
dashboard/app.py,API Gateway & Router,FastAPI Unified Router,Active,"/api/*, /ui",4756f5a0e,Size: 17027 bytes | Head SHA: 4756f5a0e
dashboard/backend/app.py,API Gateway & Router,FastAPI Unified Router,Active,"/api/*, /ui",4756f5a0e,Size: 423792 bytes | Head SHA: 4756f5a0e
dashboard/backend/routers/__init__.py,API Gateway & Router,FastAPI Unified Router,Active,"/api/*, /ui",4756f5a0e,Size: 18 bytes | Head SHA: 4756f5a0e
dashboard/backend/routers/shared.py,API Gateway & Router,FastAPI Unified Router,Active,"/api/*, /ui",4756f5a0e,Size: 2330 bytes | Head SHA: 4756f5a0e
dashboard/backend/routers/trading.py,API Gateway & Router,FastAPI Unified Router,Active,"/api/*, /ui",4756f5a0e,Size: 10285 bytes | Head SHA: 4756f5a0e
dashboard/backend/secure_app.py,API Gateway & Router,FastAPI Unified Router,Active,"/api/*, /ui",4756f5a0e,Size: 7499 bytes | Head SHA: 4756f5a0e
reports/latest/parallel_root_cause_audit/backend_routes.json,API Gateway & Router,FastAPI Unified Router,Active,"/api/*, /ui",4756f5a0e,Size: 959 bytes | Head SHA: 4756f5a0e
reports/latest/parallel_root_cause_audit/backend_routes.md,API Gateway & Router,FastAPI Unified Router,Active,"/api/*, /ui",4756f5a0e,Size: 694 bytes | Head SHA: 4756f5a0e
reports/latest/ui_route_verification/all_console_errors.json,API Gateway & Router,FastAPI Unified Router,Active,"/api/*, /ui",4756f5a0e,Size: 9355 bytes | Head SHA: 4756f5a0e
reports/latest/ui_route_verification/tab_results.json,API Gateway & Router,FastAPI Unified Router,Active,"/api/*, /ui",4756f5a0e,Size: 15258 bytes | Head SHA: 4756f5a0e
scripts/monitor_desktop_app.py,API Gateway & Router,FastAPI Unified Router,Active,"/api/*, /ui",4756f5a0e,Size: 3344 bytes | Head SHA: 4756f5a0e
scripts/track_desktop_app.py,API Gateway & Router,FastAPI Unified Router,Active,"/api/*, /ui",4756f5a0e,Size: 3391 bytes | Head SHA: 4756f5a0e
tests/test_dashboard_app.py,API Gateway & Router,FastAPI Unified Router,Active,"/api/*, /ui",4756f5a0e,Size: 15740 bytes | Head SHA: 4756f5a0e
tools/verify_all_routes_auditable.py,API Gateway & Router,FastAPI Unified Router,Active,"/api/*, /ui",4756f5a0e,Size: 2682 bytes | Head SHA: 4756f5a0e
audit_6c08cadc-a6cf-46e2-96ad-932ec6f0cdfd_20260829T122940Z/api_backtests.json,Backtesting Engine,Institutional Simulation,Active,/api/backtest/results,4756f5a0e,Size: 3075 bytes | Head SHA: 4756f5a0e
core/engine/dhan_synthetic_backtester.py,Backtesting Engine,Institutional Simulation,Active,/api/backtest/results,4756f5a0e,Size: 22721 bytes | Head SHA: 4756f5a0e
core/engine/system3_phase280_strategy_backtester.py,Backtesting Engine,Institutional Simulation,Active,/api/backtest/results,4756f5a0e,Size: 3595 bytes | Head SHA: 4756f5a0e
core/engine/system3_phase383_ultra_backtest_sampler.py,Backtesting Engine,Institutional Simulation,Active,/api/backtest/results,4756f5a0e,Size: 10438 bytes | Head SHA: 4756f5a0e
dashboard/backend/backtest_service.py,Backtesting Engine,Institutional Simulation,Active,/api/backtest/results,4756f5a0e,Size: 5623 bytes | Head SHA: 4756f5a0e
dashboard/backend/backtesting.py,Backtesting Engine,Institutional Simulation,Active,/api/backtest/results,4756f5a0e,Size: 8509 bytes | Head SHA: 4756f5a0e
dashboard/backend/live_simulation_service.py,Backtesting Engine,Institutional Simulation,Active,/api/backtest/results,4756f5a0e,Size: 4691 bytes | Head SHA: 4756f5a0e
dashboard/frontend/src/components/Backtest.tsx,Backtesting Engine,Institutional Simulation,Active,/api/backtest/results,4756f5a0e,Size: 6311 bytes | Head SHA: 4756f5a0e
dashboard/frontend/src/components/LiveSimulation.tsx,Backtesting Engine,Institutional Simulation,Active,/api/backtest/results,4756f5a0e,Size: 9805 bytes | Head SHA: 4756f5a0e
docs/LIVE_SIMULATION_MONITORING_GUIDE.md,Backtesting Engine,Institutional Simulation,Active,/api/backtest/results,4756f5a0e,Size: 8311 bytes | Head SHA: 4756f5a0e
docs/system3_autorun_simulation_report.md,Backtesting Engine,Institutional Simulation,Active,/api/backtest/results,4756f5a0e,Size: 1534 bytes | Head SHA: 4756f5a0e
reports/latest/backend_live_simulation/summary.json,Backtesting Engine,Institutional Simulation,Active,/api/backtest/results,4756f5a0e,Size: 502 bytes | Head SHA: 4756f5a0e
reports/latest/backend_live_simulation/summary.md,Backtesting Engine,Institutional Simulation,Active,/api/backtest/results,4756f5a0e,Size: 315 bytes | Head SHA: 4756f5a0e
reports/latest/recent_backtest_walkforward_proof/README.md,Backtesting Engine,Institutional Simulation,Active,/api/backtest/results,4756f5a0e,Size: 320 bytes | Head SHA: 4756f5a0e
reports/latest/recent_backtest_walkforward_proof/costed_walkforward_proof.json,Backtesting Engine,Institutional Simulation,Active,/api/backtest/results,4756f5a0e,Size: 7005 bytes | Head SHA: 4756f5a0e
reports/latest/recent_backtest_walkforward_proof/summary.json,Backtesting Engine,Institutional Simulation,Active,/api/backtest/results,4756f5a0e,Size: 7777 bytes | Head SHA: 4756f5a0e
scripts/inject_live_simulation_routes.py,Backtesting Engine,Institutional Simulation,Active,/api/backtest/results,4756f5a0e,Size: 4354 bytes | Head SHA: 4756f5a0e
scripts/monitor_live_simulation.py,Backtesting Engine,Institutional Simulation,Active,/api/backtest/results,4756f5a0e,Size: 11674 bytes | Head SHA: 4756f5a0e
scripts/pf_gated_backtest.py,Backtesting Engine,Institutional Simulation,Active,/api/backtest/results,4756f5a0e,Size: 12094 bytes | Head SHA: 4756f5a0e
config/dhan_automation_config.json,Broker Gateway & Ingestion,Dhan Connector / Rotator,Active,"/api/broker/status, genesis-system3-dhan-token-rotate",4756f5a0e,Size: 162 bytes | Head SHA: 4756f5a0e
core/broker/__init__.py,Broker Gateway & Ingestion,Dhan Connector / Rotator,Active,"/api/broker/status, genesis-system3-dhan-token-rotate",4756f5a0e,Size: 113 bytes | Head SHA: 4756f5a0e
core/brokers/__init__.py,Broker Gateway & Ingestion,Dhan Connector / Rotator,Active,"/api/broker/status, genesis-system3-dhan-token-rotate",4756f5a0e,Size: 0 bytes | Head SHA: 4756f5a0e
core/brokers/dhan/__init__.py,Broker Gateway & Ingestion,Dhan Connector / Rotator,Active,"/api/broker/status, genesis-system3-dhan-token-rotate",4756f5a0e,Size: 176 bytes | Head SHA: 4756f5a0e
core/brokers/dhan/broker_legacy.py,Broker Gateway & Ingestion,Dhan Connector / Rotator,Active,"/api/broker/status, genesis-system3-dhan-token-rotate",4756f5a0e,Size: 978 bytes | Head SHA: 4756f5a0e
core/brokers/dhan/cloud_runtime_patch.py,Broker Gateway & Ingestion,Dhan Connector / Rotator,Active,"/api/broker/status, genesis-system3-dhan-token-rotate",4756f5a0e,Size: 21165 bytes | Head SHA: 4756f5a0e
core/brokers/dhan/cloud_status_probe.py,Broker Gateway & Ingestion,Dhan Connector / Rotator,Active,"/api/broker/status, genesis-system3-dhan-token-rotate",4756f5a0e,Size: 17752 bytes | Head SHA: 4756f5a0e
core/brokers/dhan/cloud_token_provider.py,Broker Gateway & Ingestion,Dhan Connector / Rotator,Active,"/api/broker/status, genesis-system3-dhan-token-rotate",4756f5a0e,Size: 8859 bytes | Head SHA: 4756f5a0e
core/brokers/dhan/dhan_payload_normalizer.py,Broker Gateway & Ingestion,Dhan Connector / Rotator,Active,"/api/broker/status, genesis-system3-dhan-token-rotate",4756f5a0e,Size: 4779 bytes | Head SHA: 4756f5a0e
core/brokers/dhan/dhan_readonly.py,Broker Gateway & Ingestion,Dhan Connector / Rotator,Active,"/api/broker/status, genesis-system3-dhan-token-rotate",4756f5a0e,Size: 28249 bytes | Head SHA: 4756f5a0e
core/brokers/dhan/equity_fo_universe.py,Broker Gateway & Ingestion,Dhan Connector / Rotator,Active,"/api/broker/status, genesis-system3-dhan-token-rotate",4756f5a0e,Size: 11264 bytes | Head SHA: 4756f5a0e
core/brokers/dhan/first_rejection_trace.py,Broker Gateway & Ingestion,Dhan Connector / Rotator,Active,"/api/broker/status, genesis-system3-dhan-token-rotate",4756f5a0e,Size: 2769 bytes | Head SHA: 4756f5a0e
core/brokers/dhan/init_legacy.py,Broker Gateway & Ingestion,Dhan Connector / Rotator,Active,"/api/broker/status, genesis-system3-dhan-token-rotate",4756f5a0e,Size: 0 bytes | Head SHA: 4756f5a0e
core/brokers/dhan/instruments.py,Broker Gateway & Ingestion,Dhan Connector / Rotator,Active,"/api/broker/status, genesis-system3-dhan-token-rotate",4756f5a0e,Size: 4035 bytes | Head SHA: 4756f5a0e
core/brokers/dhan/market_ltp.py,Broker Gateway & Ingestion,Dhan Connector / Rotator,Active,"/api/broker/status, genesis-system3-dhan-token-rotate",4756f5a0e,Size: 19698 bytes | Head SHA: 4756f5a0e
core/brokers/dhan/preflight.py,Broker Gateway & Ingestion,Dhan Connector / Rotator,Active,"/api/broker/status, genesis-system3-dhan-token-rotate",4756f5a0e,Size: 1289 bytes | Head SHA: 4756f5a0e
core/brokers/dhan/token_manager.py,Broker Gateway & Ingestion,Dhan Connector / Rotator,Active,"/api/broker/status, genesis-system3-dhan-token-rotate",4756f5a0e,Size: 3483 bytes | Head SHA: 4756f5a0e
core/brokers/dhan/token_watchdog.py,Broker Gateway & Ingestion,Dhan Connector / Rotator,Active,"/api/broker/status, genesis-system3-dhan-token-rotate",4756f5a0e,Size: 891 bytes | Head SHA: 4756f5a0e
core/data_lake/dhan_5yr_history_downloader.py,Broker Gateway & Ingestion,Dhan Connector / Rotator,Active,"/api/broker/status, genesis-system3-dhan-token-rotate",4756f5a0e,Size: 5212 bytes | Head SHA: 4756f5a0e
core/engine/build_dhan_training_dataset.py,Broker Gateway & Ingestion,Dhan Connector / Rotator,Active,"/api/broker/status, genesis-system3-dhan-token-rotate",4756f5a0e,Size: 8307 bytes | Head SHA: 4756f5a0e
core/engine/dhan_adaptive_volatility_map.py,Broker Gateway & Ingestion,Dhan Connector / Rotator,Active,"/api/broker/status, genesis-system3-dhan-token-rotate",4756f5a0e,Size: 3689 bytes | Head SHA: 4756f5a0e
core/engine/dhan_alerting_system.py,Broker Gateway & Ingestion,Dhan Connector / Rotator,Active,"/api/broker/status, genesis-system3-dhan-token-rotate",4756f5a0e,Size: 5143 bytes | Head SHA: 4756f5a0e
core/engine/dhan_auto_threshold_adjuster.py,Broker Gateway & Ingestion,Dhan Connector / Rotator,Active,"/api/broker/status, genesis-system3-dhan-token-rotate",4756f5a0e,Size: 10871 bytes | Head SHA: 4756f5a0e
core/engine/dhan_automation_config.py,Broker Gateway & Ingestion,Dhan Connector / Rotator,Active,"/api/broker/status, genesis-system3-dhan-token-rotate",4756f5a0e,Size: 925 bytes | Head SHA: 4756f5a0e
core/engine/dhan_blended_dataset_builder.py,Broker Gateway & Ingestion,Dhan Connector / Rotator,Active,"/api/broker/status, genesis-system3-dhan-token-rotate",4756f5a0e,Size: 4436 bytes | Head SHA: 4756f5a0e
core/engine/dhan_blended_training_orchestrator_dryrun.py,Broker Gateway & Ingestion,Dhan Connector / Rotator,Active,"/api/broker/status, genesis-system3-dhan-token-rotate",4756f5a0e,Size: 5452 bytes | Head SHA: 4756f5a0e
core/engine/dhan_blended_training_v3.py,Broker Gateway & Ingestion,Dhan Connector / Rotator,Active,"/api/broker/status, genesis-system3-dhan-token-rotate",4756f5a0e,Size: 11342 bytes | Head SHA: 4756f5a0e
core/engine/dhan_breakout_predictor.py,Broker Gateway & Ingestion,Dhan Connector / Rotator,Active,"/api/broker/status, genesis-system3-dhan-token-rotate",4756f5a0e,Size: 4332 bytes | Head SHA: 4756f5a0e
core/engine/dhan_confidence_calibrator.py,Broker Gateway & Ingestion,Dhan Connector / Rotator,Active,"/api/broker/status, genesis-system3-dhan-token-rotate",4756f5a0e,Size: 11103 bytes | Head SHA: 4756f5a0e
core/engine/dhan_confidence_score_fusion.py,Broker Gateway & Ingestion,Dhan Connector / Rotator,Active,"/api/broker/status, genesis-system3-dhan-token-rotate",4756f5a0e,Size: 3268 bytes | Head SHA: 4756f5a0e
core/engine/dhan_daily_auto_reports.py,Broker Gateway & Ingestion,Dhan Connector / Rotator,Active,"/api/broker/status, genesis-system3-dhan-token-rotate",4756f5a0e,Size: 5130 bytes | Head SHA: 4756f5a0e
core/engine/dhan_daily_learning_digest.py,Broker Gateway & Ingestion,Dhan Connector / Rotator,Active,"/api/broker/status, genesis-system3-dhan-token-rotate",4756f5a0e,Size: 4422 bytes | Head SHA: 4756f5a0e
core/engine/dhan_daily_learning_report.py,Broker Gateway & Ingestion,Dhan Connector / Rotator,Active,"/api/broker/status, genesis-system3-dhan-token-rotate",4756f5a0e,Size: 5077 bytes | Head SHA: 4756f5a0e
core/engine/dhan_daily_pnl_summary.py,Broker Gateway & Ingestion,Dhan Connector / Rotator,Active,"/api/broker/status, genesis-system3-dhan-token-rotate",4756f5a0e,Size: 6719 bytes | Head SHA: 4756f5a0e
core/engine/dhan_daily_report_generator.py,Broker Gateway & Ingestion,Dhan Connector / Rotator,Active,"/api/broker/status, genesis-system3-dhan-token-rotate",4756f5a0e,Size: 9009 bytes | Head SHA: 4756f5a0e
core/engine/dhan_dataset_merger_real_synth_v1.py,Broker Gateway & Ingestion,Dhan Connector / Rotator,Active,"/api/broker/status, genesis-system3-dhan-token-rotate",4756f5a0e,Size: 6394 bytes | Head SHA: 4756f5a0e
core/engine/dhan_dynamic_sl_tp.py,Broker Gateway & Ingestion,Dhan Connector / Rotator,Active,"/api/broker/status, genesis-system3-dhan-token-rotate",4756f5a0e,Size: 3837 bytes | Head SHA: 4756f5a0e
core/engine/dhan_enhanced_signal_scorer.py,Broker Gateway & Ingestion,Dhan Connector / Rotator,Active,"/api/broker/status, genesis-system3-dhan-token-rotate",4756f5a0e,Size: 4248 bytes | Head SHA: 4756f5a0e
core/engine/dhan_entry_optimizer.py,Broker Gateway & Ingestion,Dhan Connector / Rotator,Active,"/api/broker/status, genesis-system3-dhan-token-rotate",4756f5a0e,Size: 2958 bytes | Head SHA: 4756f5a0e
core/engine/dhan_env_consistency_checker.py,Broker Gateway & Ingestion,Dhan Connector / Rotator,Active,"/api/broker/status, genesis-system3-dhan-token-rotate",4756f5a0e,Size: 5110 bytes | Head SHA: 4756f5a0e
core/engine/dhan_execution_guardrail.py,Broker Gateway & Ingestion,Dhan Connector / Rotator,Active,"/api/broker/status, genesis-system3-dhan-token-rotate",4756f5a0e,Size: 4073 bytes | Head SHA: 4756f5a0e
core/engine/dhan_execution_readiness_auditor.py,Broker Gateway & Ingestion,Dhan Connector / Rotator,Active,"/api/broker/status, genesis-system3-dhan-token-rotate",4756f5a0e,Size: 5235 bytes | Head SHA: 4756f5a0e
core/engine/dhan_exit_optimizer.py,Broker Gateway & Ingestion,Dhan Connector / Rotator,Active,"/api/broker/status, genesis-system3-dhan-token-rotate",4756f5a0e,Size: 10458 bytes | Head SHA: 4756f5a0e
core/engine/dhan_failure_point_predictor.py,Broker Gateway & Ingestion,Dhan Connector / Rotator,Active,"/api/broker/status, genesis-system3-dhan-token-rotate",4756f5a0e,Size: 7237 bytes | Head SHA: 4756f5a0e
core/engine/dhan_intraday_pnl_monitor.py,Broker Gateway & Ingestion,Dhan Connector / Rotator,Active,"/api/broker/status, genesis-system3-dhan-token-rotate",4756f5a0e,Size: 5775 bytes | Head SHA: 4756f5a0e
core/engine/dhan_iv_estimator.py,Broker Gateway & Ingestion,Dhan Connector / Rotator,Active,"/api/broker/status, genesis-system3-dhan-token-rotate",4756f5a0e,Size: 3941 bytes | Head SHA: 4756f5a0e
core/engine/dhan_latency_drift_observatory.py,Broker Gateway & Ingestion,Dhan Connector / Rotator,Active,"/api/broker/status, genesis-system3-dhan-token-rotate",4756f5a0e,Size: 7520 bytes | Head SHA: 4756f5a0e
core/engine/dhan_live_ai_signals.py,Broker Gateway & Ingestion,Dhan Connector / Rotator,Active,"/api/broker/status, genesis-system3-dhan-token-rotate",4756f5a0e,Size: 15574 bytes | Head SHA: 4756f5a0e
core/engine/dhan_live_ai_signals_v2.py,Broker Gateway & Ingestion,Dhan Connector / Rotator,Active,"/api/broker/status, genesis-system3-dhan-token-rotate",4756f5a0e,Size: 3416 bytes | Head SHA: 4756f5a0e
core/engine/dhan_live_signals.py,Broker Gateway & Ingestion,Dhan Connector / Rotator,Active,"/api/broker/status, genesis-system3-dhan-token-rotate",4756f5a0e,Size: 9858 bytes | Head SHA: 4756f5a0e
core/engine/dhan_live_snapshot_reasoner.py,Broker Gateway & Ingestion,Dhan Connector / Rotator,Active,"/api/broker/status, genesis-system3-dhan-token-rotate",4756f5a0e,Size: 4316 bytes | Head SHA: 4756f5a0e
core/engine/dhan_market_intelligence_dashboard.py,Broker Gateway & Ingestion,Dhan Connector / Rotator,Active,"/api/broker/status, genesis-system3-dhan-token-rotate",4756f5a0e,Size: 3175 bytes | Head SHA: 4756f5a0e
core/engine/dhan_market_profile.py,Broker Gateway & Ingestion,Dhan Connector / Rotator,Active,"/api/broker/status, genesis-system3-dhan-token-rotate",4756f5a0e,Size: 3967 bytes | Head SHA: 4756f5a0e
core/engine/dhan_market_regime_classifier.py,Broker Gateway & Ingestion,Dhan Connector / Rotator,Active,"/api/broker/status, genesis-system3-dhan-token-rotate",4756f5a0e,Size: 9560 bytes | Head SHA: 4756f5a0e
core/engine/dhan_market_warmup_scanner.py,Broker Gateway & Ingestion,Dhan Connector / Rotator,Active,"/api/broker/status, genesis-system3-dhan-token-rotate",4756f5a0e,Size: 5453 bytes | Head SHA: 4756f5a0e
core/engine/dhan_microtrend_recognizer.py,Broker Gateway & Ingestion,Dhan Connector / Rotator,Active,"/api/broker/status, genesis-system3-dhan-token-rotate",4756f5a0e,Size: 2682 bytes | Head SHA: 4756f5a0e
core/engine/dhan_misfire_classifier_v2.py,Broker Gateway & Ingestion,Dhan Connector / Rotator,Active,"/api/broker/status, genesis-system3-dhan-token-rotate",4756f5a0e,Size: 6474 bytes | Head SHA: 4756f5a0e
core/engine/dhan_misfire_detector.py,Broker Gateway & Ingestion,Dhan Connector / Rotator,Active,"/api/broker/status, genesis-system3-dhan-token-rotate",4756f5a0e,Size: 4652 bytes | Head SHA: 4756f5a0e
core/engine/dhan_monday_diagnostic.py,Broker Gateway & Ingestion,Dhan Connector / Rotator,Active,"/api/broker/status, genesis-system3-dhan-token-rotate",4756f5a0e,Size: 4626 bytes | Head SHA: 4756f5a0e
core/engine/dhan_multi_resolution_labels.py,Broker Gateway & Ingestion,Dhan Connector / Rotator,Active,"/api/broker/status, genesis-system3-dhan-token-rotate",4756f5a0e,Size: 1972 bytes | Head SHA: 4756f5a0e
core/engine/dhan_multi_timeframe_confirmation.py,Broker Gateway & Ingestion,Dhan Connector / Rotator,Active,"/api/broker/status, genesis-system3-dhan-token-rotate",4756f5a0e,Size: 9578 bytes | Head SHA: 4756f5a0e
core/engine/dhan_outcome_confidence_analyzer.py,Broker Gateway & Ingestion,Dhan Connector / Rotator,Active,"/api/broker/status, genesis-system3-dhan-token-rotate",4756f5a0e,Size: 5175 bytes | Head SHA: 4756f5a0e
core/engine/dhan_outcome_placeholder_generator.py,Broker Gateway & Ingestion,Dhan Connector / Rotator,Active,"/api/broker/status, genesis-system3-dhan-token-rotate",4756f5a0e,Size: 4654 bytes | Head SHA: 4756f5a0e
core/engine/dhan_overtrade_detector.py,Broker Gateway & Ingestion,Dhan Connector / Rotator,Active,"/api/broker/status, genesis-system3-dhan-token-rotate",4756f5a0e,Size: 3460 bytes | Head SHA: 4756f5a0e
core/engine/dhan_performance_consistency_checker.py,Broker Gateway & Ingestion,Dhan Connector / Rotator,Active,"/api/broker/status, genesis-system3-dhan-token-rotate",4756f5a0e,Size: 7246 bytes | Head SHA: 4756f5a0e
core/engine/dhan_pnl_dummy_seed.py,Broker Gateway & Ingestion,Dhan Connector / Rotator,Active,"/api/broker/status, genesis-system3-dhan-token-rotate",4756f5a0e,Size: 2661 bytes | Head SHA: 4756f5a0e
core/engine/dhan_pnl_simulator.py,Broker Gateway & Ingestion,Dhan Connector / Rotator,Active,"/api/broker/status, genesis-system3-dhan-token-rotate",4756f5a0e,Size: 6130 bytes | Head SHA: 4756f5a0e
core/engine/dhan_premium_spot_classifier.py,Broker Gateway & Ingestion,Dhan Connector / Rotator,Active,"/api/broker/status, genesis-system3-dhan-token-rotate",4756f5a0e,Size: 3600 bytes | Head SHA: 4756f5a0e
core/engine/dhan_real_data_capture_starter.py,Broker Gateway & Ingestion,Dhan Connector / Rotator,Active,"/api/broker/status, genesis-system3-dhan-token-rotate",4756f5a0e,Size: 3370 bytes | Head SHA: 4756f5a0e
core/engine/dhan_real_data_extractor.py,Broker Gateway & Ingestion,Dhan Connector / Rotator,Active,"/api/broker/status, genesis-system3-dhan-token-rotate",4756f5a0e,Size: 5143 bytes | Head SHA: 4756f5a0e
core/engine/dhan_real_master_dataset.py,Broker Gateway & Ingestion,Dhan Connector / Rotator,Active,"/api/broker/status, genesis-system3-dhan-token-rotate",4756f5a0e,Size: 18784 bytes | Head SHA: 4756f5a0e
core/engine/dhan_real_outcome_logger.py,Broker Gateway & Ingestion,Dhan Connector / Rotator,Active,"/api/broker/status, genesis-system3-dhan-token-rotate",4756f5a0e,Size: 4998 bytes | Head SHA: 4756f5a0e
core/engine/dhan_real_signal_collector_v2.py,Broker Gateway & Ingestion,Dhan Connector / Rotator,Active,"/api/broker/status, genesis-system3-dhan-token-rotate",4756f5a0e,Size: 5570 bytes | Head SHA: 4756f5a0e
core/engine/dhan_real_threshold_reco_v3.py,Broker Gateway & Ingestion,Dhan Connector / Rotator,Active,"/api/broker/status, genesis-system3-dhan-token-rotate",4756f5a0e,Size: 7532 bytes | Head SHA: 4756f5a0e
core/engine/dhan_real_threshold_recommender.py,Broker Gateway & Ingestion,Dhan Connector / Rotator,Active,"/api/broker/status, genesis-system3-dhan-token-rotate",4756f5a0e,Size: 6271 bytes | Head SHA: 4756f5a0e
core/engine/dhan_report_scheduler.py,Broker Gateway & Ingestion,Dhan Connector / Rotator,Active,"/api/broker/status, genesis-system3-dhan-token-rotate",4756f5a0e,Size: 2393 bytes | Head SHA: 4756f5a0e
core/engine/dhan_risk_event_scanner.py,Broker Gateway & Ingestion,Dhan Connector / Rotator,Active,"/api/broker/status, genesis-system3-dhan-token-rotate",4756f5a0e,Size: 2848 bytes | Head SHA: 4756f5a0e
core/engine/dhan_risk_profile_optimizer.py,Broker Gateway & Ingestion,Dhan Connector / Rotator,Active,"/api/broker/status, genesis-system3-dhan-token-rotate",4756f5a0e,Size: 4745 bytes | Head SHA: 4756f5a0e
core/engine/dhan_risk_profile_optimizer_v3.py,Broker Gateway & Ingestion,Dhan Connector / Rotator,Active,"/api/broker/status, genesis-system3-dhan-token-rotate",4756f5a0e,Size: 6038 bytes | Head SHA: 4756f5a0e
core/engine/dhan_rolling_learning_dashboard.py,Broker Gateway & Ingestion,Dhan Connector / Rotator,Active,"/api/broker/status, genesis-system3-dhan-token-rotate",4756f5a0e,Size: 6569 bytes | Head SHA: 4756f5a0e
core/engine/dhan_safety_checks.py,Broker Gateway & Ingestion,Dhan Connector / Rotator,Active,"/api/broker/status, genesis-system3-dhan-token-rotate",4756f5a0e,Size: 5778 bytes | Head SHA: 4756f5a0e
core/engine/dhan_safety_layer_v3.py,Broker Gateway & Ingestion,Dhan Connector / Rotator,Active,"/api/broker/status, genesis-system3-dhan-token-rotate",4756f5a0e,Size: 5467 bytes | Head SHA: 4756f5a0e
core/engine/dhan_signal_outcome_analyzer.py,Broker Gateway & Ingestion,Dhan Connector / Rotator,Active,"/api/broker/status, genesis-system3-dhan-token-rotate",4756f5a0e,Size: 8050 bytes | Head SHA: 4756f5a0e
core/engine/dhan_signal_quality_meter.py,Broker Gateway & Ingestion,Dhan Connector / Rotator,Active,"/api/broker/status, genesis-system3-dhan-token-rotate",4756f5a0e,Size: 3109 bytes | Head SHA: 4756f5a0e
core/engine/dhan_signal_record_buffer.py,Broker Gateway & Ingestion,Dhan Connector / Rotator,Active,"/api/broker/status, genesis-system3-dhan-token-rotate",4756f5a0e,Size: 3607 bytes | Head SHA: 4756f5a0e
core/engine/dhan_strategy_optimizer.py,Broker Gateway & Ingestion,Dhan Connector / Rotator,Active,"/api/broker/status, genesis-system3-dhan-token-rotate",4756f5a0e,Size: 8051 bytes | Head SHA: 4756f5a0e
core/engine/dhan_threshold_tuner.py,Broker Gateway & Ingestion,Dhan Connector / Rotator,Active,"/api/broker/status, genesis-system3-dhan-token-rotate",4756f5a0e,Size: 12827 bytes | Head SHA: 4756f5a0e
core/engine/dhan_trade_config.py,Broker Gateway & Ingestion,Dhan Connector / Rotator,Active,"/api/broker/status, genesis-system3-dhan-token-rotate",4756f5a0e,Size: 673 bytes | Head SHA: 4756f5a0e
core/engine/dhan_trade_decision.py,Broker Gateway & Ingestion,Dhan Connector / Rotator,Active,"/api/broker/status, genesis-system3-dhan-token-rotate",4756f5a0e,Size: 8821 bytes | Head SHA: 4756f5a0e
core/engine/dhan_trade_executor.py,Broker Gateway & Ingestion,Dhan Connector / Rotator,Active,"/api/broker/status, genesis-system3-dhan-token-rotate",4756f5a0e,Size: 5061 bytes | Head SHA: 4756f5a0e
core/engine/dhan_trade_lifecycle_logger.py,Broker Gateway & Ingestion,Dhan Connector / Rotator,Active,"/api/broker/status, genesis-system3-dhan-token-rotate",4756f5a0e,Size: 3395 bytes | Head SHA: 4756f5a0e
core/engine/dhan_trade_rules.py,Broker Gateway & Ingestion,Dhan Connector / Rotator,Active,"/api/broker/status, genesis-system3-dhan-token-rotate",4756f5a0e,Size: 5698 bytes | Head SHA: 4756f5a0e
core/engine/dhan_trade_validator_v2.py,Broker Gateway & Ingestion,Dhan Connector / Rotator,Active,"/api/broker/status, genesis-system3-dhan-token-rotate",4756f5a0e,Size: 3721 bytes | Head SHA: 4756f5a0e
core/engine/dhan_ultra_dashboard_readonly.py,Broker Gateway & Ingestion,Dhan Connector / Rotator,Active,"/api/broker/status, genesis-system3-dhan-token-rotate",4756f5a0e,Size: 7402 bytes | Head SHA: 4756f5a0e
core/engine/dhan_ultra_health_tree.py,Broker Gateway & Ingestion,Dhan Connector / Rotator,Active,"/api/broker/status, genesis-system3-dhan-token-rotate",4756f5a0e,Size: 7741 bytes | Head SHA: 4756f5a0e
core/engine/dhan_ultra_mode_readiness_report.py,Broker Gateway & Ingestion,Dhan Connector / Rotator,Active,"/api/broker/status, genesis-system3-dhan-token-rotate",4756f5a0e,Size: 6435 bytes | Head SHA: 4756f5a0e
core/engine/dhan_ultramode_prep.py,Broker Gateway & Ingestion,Dhan Connector / Rotator,Active,"/api/broker/status, genesis-system3-dhan-token-rotate",4756f5a0e,Size: 6009 bytes | Head SHA: 4756f5a0e
core/engine/dhan_unified_outcome_logger_v3.py,Broker Gateway & Ingestion,Dhan Connector / Rotator,Active,"/api/broker/status, genesis-system3-dhan-token-rotate",4756f5a0e,Size: 7630 bytes | Head SHA: 4756f5a0e
core/engine/dhan_volatility_detector.py,Broker Gateway & Ingestion,Dhan Connector / Rotator,Active,"/api/broker/status, genesis-system3-dhan-token-rotate",4756f5a0e,Size: 3238 bytes | Head SHA: 4756f5a0e
core/engine/dhan_watchdog_recovery.py,Broker Gateway & Ingestion,Dhan Connector / Rotator,Active,"/api/broker/status, genesis-system3-dhan-token-rotate",4756f5a0e,Size: 5585 bytes | Head SHA: 4756f5a0e
core/engine/dhan_weekly_summary_report.py,Broker Gateway & Ingestion,Dhan Connector / Rotator,Active,"/api/broker/status, genesis-system3-dhan-token-rotate",4756f5a0e,Size: 4405 bytes | Head SHA: 4756f5a0e
core/engine/generate_synthetic_dhan_training.py,Broker Gateway & Ingestion,Dhan Connector / Rotator,Active,"/api/broker/status, genesis-system3-dhan-token-rotate",4756f5a0e,Size: 8395 bytes | Head SHA: 4756f5a0e
core/engine/offline_dhan_ai_test.py,Broker Gateway & Ingestion,Dhan Connector / Rotator,Active,"/api/broker/status, genesis-system3-dhan-token-rotate",4756f5a0e,Size: 5307 bytes | Head SHA: 4756f5a0e
core/engine/system3_phase136_dhan_symbol_universe.py,Broker Gateway & Ingestion,Dhan Connector / Rotator,Active,"/api/broker/status, genesis-system3-dhan-token-rotate",4756f5a0e,Size: 3274 bytes | Head SHA: 4756f5a0e
core/engine/system3_phase205_broker_selftest.py,Broker Gateway & Ingestion,Dhan Connector / Rotator,Active,"/api/broker/status, genesis-system3-dhan-token-rotate",4756f5a0e,Size: 3307 bytes | Head SHA: 4756f5a0e
core/engine/system3_phase317_live_feed_sanitizer.py,Broker Gateway & Ingestion,Dhan Connector / Rotator,Active,"/api/broker/status, genesis-system3-dhan-token-rotate",4756f5a0e,Size: 2554 bytes | Head SHA: 4756f5a0e
core/engine/system3_phase364_health_dashboard_feed.py,Broker Gateway & Ingestion,Dhan Connector / Rotator,Active,"/api/broker/status, genesis-system3-dhan-token-rotate",4756f5a0e,Size: 14604 bytes | Head SHA: 4756f5a0e
core/engine/system3_phase368_broker_latency_monitor.py,Broker Gateway & Ingestion,Dhan Connector / Rotator,Active,"/api/broker/status, genesis-system3-dhan-token-rotate",4756f5a0e,Size: 0 bytes | Head SHA: 4756f5a0e
core/engine/test_dhan_instruments.py,Broker Gateway & Ingestion,Dhan Connector / Rotator,Active,"/api/broker/status, genesis-system3-dhan-token-rotate",4756f5a0e,Size: 1440 bytes | Head SHA: 4756f5a0e
core/tools/clean_dhan_signals_csv.py,Broker Gateway & Ingestion,Dhan Connector / Rotator,Active,"/api/broker/status, genesis-system3-dhan-token-rotate",4756f5a0e,Size: 14158 bytes | Head SHA: 4756f5a0e
core/ultra/phase52_multi_broker.py,Broker Gateway & Ingestion,Dhan Connector / Rotator,Active,"/api/broker/status, genesis-system3-dhan-token-rotate",4756f5a0e,Size: 6289 bytes | Head SHA: 4756f5a0e
dashboard/backend/broker_alert_deduplicator.py,Broker Gateway & Ingestion,Dhan Connector / Rotator,Active,"/api/broker/status, genesis-system3-dhan-token-rotate",4756f5a0e,Size: 7586 bytes | Head SHA: 4756f5a0e
dashboard/backend/broker_truth_validator.py,Broker Gateway & Ingestion,Dhan Connector / Rotator,Active,"/api/broker/status, genesis-system3-dhan-token-rotate",4756f5a0e,Size: 8210 bytes | Head SHA: 4756f5a0e
dashboard/backend/routers/broker.py,Broker Gateway & Ingestion,Dhan Connector / Rotator,Active,"/api/broker/status, genesis-system3-dhan-token-rotate",4756f5a0e,Size: 6995 bytes | Head SHA: 4756f5a0e
dashboard/frontend/scripts/broker_status_freshness_contract.mjs,Broker Gateway & Ingestion,Dhan Connector / Rotator,Active,"/api/broker/status, genesis-system3-dhan-token-rotate",4756f5a0e,Size: 2192 bytes | Head SHA: 4756f5a0e
dashboard/frontend/src/components/BrokerPanel.tsx,Broker Gateway & Ingestion,Dhan Connector / Rotator,Active,"/api/broker/status, genesis-system3-dhan-token-rotate",4756f5a0e,Size: 17871 bytes | Head SHA: 4756f5a0e
dashboard/frontend/src/components/BrokerProofPanel.tsx,Broker Gateway & Ingestion,Dhan Connector / Rotator,Active,"/api/broker/status, genesis-system3-dhan-token-rotate",4756f5a0e,Size: 6086 bytes | Head SHA: 4756f5a0e
dashboard/frontend/src/lib/brokerStatus.ts,Broker Gateway & Ingestion,Dhan Connector / Rotator,Active,"/api/broker/status, genesis-system3-dhan-token-rotate",4756f5a0e,Size: 731 bytes | Head SHA: 4756f5a0e
dashboard/frontend/src/lib/feedQuality.ts,Broker Gateway & Ingestion,Dhan Connector / Rotator,Active,"/api/broker/status, genesis-system3-dhan-token-rotate",4756f5a0e,Size: 3148 bytes | Head SHA: 4756f5a0e
docs/BROKER_RECURRENCE_FORENSIC_CHECKLIST.md,Broker Gateway & Ingestion,Dhan Connector / Rotator,Active,"/api/broker/status, genesis-system3-dhan-token-rotate",4756f5a0e,Size: 11718 bytes | Head SHA: 4756f5a0e
docs/BROKER_SETUP.md,Broker Gateway & Ingestion,Dhan Connector / Rotator,Active,"/api/broker/status, genesis-system3-dhan-token-rotate",4756f5a0e,Size: 2127 bytes | Head SHA: 4756f5a0e
docs/DHAN_BROKER_API_ANALYSIS.md,Broker Gateway & Ingestion,Dhan Connector / Rotator,Active,"/api/broker/status, genesis-system3-dhan-token-rotate",4756f5a0e,Size: 20183 bytes | Head SHA: 4756f5a0e
docs/GCP_DHAN_TOKEN_ROTATION_COORDINATION.md,Broker Gateway & Ingestion,Dhan Connector / Rotator,Active,"/api/broker/status, genesis-system3-dhan-token-rotate",4756f5a0e,Size: 2716 bytes | Head SHA: 4756f5a0e
docs/SYSTEM3_DHAN_TOKEN_UPDATE_NOTE.md,Broker Gateway & Ingestion,Dhan Connector / Rotator,Active,"/api/broker/status, genesis-system3-dhan-token-rotate",4756f5a0e,Size: 1874 bytes | Head SHA: 4756f5a0e
docs/audits/system3_quant_lifecycle/sessions/20260816T123000Z/01_BROKER_PART1_REPROOF.md,Broker Gateway & Ingestion,Dhan Connector / Rotator,Active,"/api/broker/status, genesis-system3-dhan-token-rotate",4756f5a0e,Size: 1665 bytes | Head SHA: 4756f5a0e
docs/audits/system3_quant_lifecycle/sessions/20260816T123000Z/supporting/broker_status.json,Broker Gateway & Ingestion,Dhan Connector / Rotator,Active,"/api/broker/status, genesis-system3-dhan-token-rotate",4756f5a0e,Size: 1129 bytes | Head SHA: 4756f5a0e
docs/handoffs/DHAN_ISSUER_MRI_OPERATOR_RUN.md,Broker Gateway & Ingestion,Dhan Connector / Rotator,Active,"/api/broker/status, genesis-system3-dhan-token-rotate",4756f5a0e,Size: 1631 bytes | Head SHA: 4756f5a0e
docs/incidents/BROKER_AUTH_20260816_IST.md,Broker Gateway & Ingestion,Dhan Connector / Rotator,Active,"/api/broker/status, genesis-system3-dhan-token-rotate",4756f5a0e,Size: 6131 bytes | Head SHA: 4756f5a0e
docs/project_control/BROKER_TOKEN_REMEDIATION_TODO_20260821.md,Broker Gateway & Ingestion,Dhan Connector / Rotator,Active,"/api/broker/status, genesis-system3-dhan-token-rotate",4756f5a0e,Size: 8263 bytes | Head SHA: 4756f5a0e
docs/system3_phases_101_130_dhan_full_auto_plan.md,Broker Gateway & Ingestion,Dhan Connector / Rotator,Active,"/api/broker/status, genesis-system3-dhan-token-rotate",4756f5a0e,Size: 22841 bytes | Head SHA: 4756f5a0e
docs/system3_phases_131_200_ultra_master_dhan.md,Broker Gateway & Ingestion,Dhan Connector / Rotator,Active,"/api/broker/status, genesis-system3-dhan-token-rotate",4756f5a0e,Size: 25568 bytes | Head SHA: 4756f5a0e
reports/latest/access_capability/live_broker_now.json,Broker Gateway & Ingestion,Dhan Connector / Rotator,Active,"/api/broker/status, genesis-system3-dhan-token-rotate",4756f5a0e,Size: 2414 bytes | Head SHA: 4756f5a0e
reports/latest/broker_authority_6rules/project_run_jobs_run_inventory.json,Broker Gateway & Ingestion,Dhan Connector / Rotator,Active,"/api/broker/status, genesis-system3-dhan-token-rotate",4756f5a0e,Size: 5781 bytes | Head SHA: 4756f5a0e
reports/latest/broker_health_confirmed/README.md,Broker Gateway & Ingestion,Dhan Connector / Rotator,Active,"/api/broker/status, genesis-system3-dhan-token-rotate",4756f5a0e,Size: 3278 bytes | Head SHA: 4756f5a0e
reports/latest/broker_recovery_20260818_live/README.md,Broker Gateway & Ingestion,Dhan Connector / Rotator,Active,"/api/broker/status, genesis-system3-dhan-token-rotate",4756f5a0e,Size: 2129 bytes | Head SHA: 4756f5a0e
reports/latest/broker_trader_validation/summary.json,Broker Gateway & Ingestion,Dhan Connector / Rotator,Active,"/api/broker/status, genesis-system3-dhan-token-rotate",4756f5a0e,Size: 2344 bytes | Head SHA: 4756f5a0e
reports/latest/broker_trader_validation/summary.md,Broker Gateway & Ingestion,Dhan Connector / Rotator,Active,"/api/broker/status, genesis-system3-dhan-token-rotate",4756f5a0e,Size: 663 bytes | Head SHA: 4756f5a0e
reports/latest/broker_truth/broker_truth_summary.json,Broker Gateway & Ingestion,Dhan Connector / Rotator,Active,"/api/broker/status, genesis-system3-dhan-token-rotate",4756f5a0e,Size: 2916 bytes | Head SHA: 4756f5a0e
reports/latest/broker_truth/broker_truth_summary.md,Broker Gateway & Ingestion,Dhan Connector / Rotator,Active,"/api/broker/status, genesis-system3-dhan-token-rotate",4756f5a0e,Size: 2142 bytes | Head SHA: 4756f5a0e
reports/latest/dashboard_auto_snap/latest_broker_status.json,Broker Gateway & Ingestion,Dhan Connector / Rotator,Active,"/api/broker/status, genesis-system3-dhan-token-rotate",4756f5a0e,Size: 417 bytes | Head SHA: 4756f5a0e
reports/latest/dhan_advance_platform_verification/claim_verification_matrix.csv,Broker Gateway & Ingestion,Dhan Connector / Rotator,Active,"/api/broker/status, genesis-system3-dhan-token-rotate",4756f5a0e,Size: 3834 bytes | Head SHA: 4756f5a0e
reports/latest/dhan_advance_platform_verification/recommendation.md,Broker Gateway & Ingestion,Dhan Connector / Rotator,Active,"/api/broker/status, genesis-system3-dhan-token-rotate",4756f5a0e,Size: 994 bytes | Head SHA: 4756f5a0e
reports/latest/dhan_advance_platform_verification/source_manifest.json,Broker Gateway & Ingestion,Dhan Connector / Rotator,Active,"/api/broker/status, genesis-system3-dhan-token-rotate",4756f5a0e,Size: 4644 bytes | Head SHA: 4756f5a0e
reports/latest/dhan_advance_platform_verification/summary.json,Broker Gateway & Ingestion,Dhan Connector / Rotator,Active,"/api/broker/status, genesis-system3-dhan-token-rotate",4756f5a0e,Size: 3772 bytes | Head SHA: 4756f5a0e
reports/latest/dhan_advance_platform_verification/summary.md,Broker Gateway & Ingestion,Dhan Connector / Rotator,Active,"/api/broker/status, genesis-system3-dhan-token-rotate",4756f5a0e,Size: 1406 bytes | Head SHA: 4756f5a0e
reports/latest/dhan_advance_platform_verification/system3_mapping_matrix.csv,Broker Gateway & Ingestion,Dhan Connector / Rotator,Active,"/api/broker/status, genesis-system3-dhan-token-rotate",4756f5a0e,Size: 1363 bytes | Head SHA: 4756f5a0e
reports/latest/dhan_parity/DHAN_LIVE_PARITY_ISSUES.md,Broker Gateway & Ingestion,Dhan Connector / Rotator,Active,"/api/broker/status, genesis-system3-dhan-token-rotate",4756f5a0e,Size: 4637 bytes | Head SHA: 4756f5a0e
reports/latest/dhan_parity/DHAN_PARITY_LIVE_COMPARE.json,Broker Gateway & Ingestion,Dhan Connector / Rotator,Active,"/api/broker/status, genesis-system3-dhan-token-rotate",4756f5a0e,Size: 9252 bytes | Head SHA: 4756f5a0e
reports/latest/dhan_parity/ISSUE188_PARITY_COMMENT.md,Broker Gateway & Ingestion,Dhan Connector / Rotator,Active,"/api/broker/status, genesis-system3-dhan-token-rotate",4756f5a0e,Size: 1002 bytes | Head SHA: 4756f5a0e
reports/latest/dhan_parity/api_broker_status.json,Broker Gateway & Ingestion,Dhan Connector / Rotator,Active,"/api/broker/status, genesis-system3-dhan-token-rotate",4756f5a0e,Size: 2416 bytes | Head SHA: 4756f5a0e
reports/latest/dhan_parity/api_deploy_info.json,Broker Gateway & Ingestion,Dhan Connector / Rotator,Active,"/api/broker/status, genesis-system3-dhan-token-rotate",4756f5a0e,Size: 470 bytes | Head SHA: 4756f5a0e
reports/latest/dhan_parity/api_health.json,Broker Gateway & Ingestion,Dhan Connector / Rotator,Active,"/api/broker/status, genesis-system3-dhan-token-rotate",4756f5a0e,Size: 701 bytes | Head SHA: 4756f5a0e
reports/latest/dhan_parity/api_state.json,Broker Gateway & Ingestion,Dhan Connector / Rotator,Active,"/api/broker/status, genesis-system3-dhan-token-rotate",4756f5a0e,Size: 5166 bytes | Head SHA: 4756f5a0e
reports/latest/full_cross_verify_20260826_193000/broker_status.json,Broker Gateway & Ingestion,Dhan Connector / Rotator,Active,"/api/broker/status, genesis-system3-dhan-token-rotate",4756f5a0e,Size: 2398 bytes | Head SHA: 4756f5a0e
reports/latest/gcp_full_mri_20260826/api_broker_status.json,Broker Gateway & Ingestion,Dhan Connector / Rotator,Active,"/api/broker/status, genesis-system3-dhan-token-rotate",4756f5a0e,Size: 3122 bytes | Head SHA: 4756f5a0e
reports/latest/gcp_full_mri_20260826/secret_dhan_versions.json,Broker Gateway & Ingestion,Dhan Connector / Rotator,Active,"/api/broker/status, genesis-system3-dhan-token-rotate",4756f5a0e,Size: 2051 bytes | Head SHA: 4756f5a0e
reports/latest/gcp_micro_mri/20260826T043801Z/live_api_broker_status.json,Broker Gateway & Ingestion,Dhan Connector / Rotator,Active,"/api/broker/status, genesis-system3-dhan-token-rotate",4756f5a0e,Size: 3101 bytes | Head SHA: 4756f5a0e
reports/latest/gcp_micro_mri/20260826T043801Z/pubsub_subs_broker-token-rotate.json,Broker Gateway & Ingestion,Dhan Connector / Rotator,Active,"/api/broker/status, genesis-system3-dhan-token-rotate",4756f5a0e,Size: 2 bytes | Head SHA: 4756f5a0e
reports/latest/gcp_micro_mri/20260826T043801Z/run_job_exec_genesis-system3-dhan-token-rotate.json,Broker Gateway & Ingestion,Dhan Connector / Rotator,Active,"/api/broker/status, genesis-system3-dhan-token-rotate",4756f5a0e,Size: 67877 bytes | Head SHA: 4756f5a0e
reports/latest/gcp_micro_mri/20260826T043801Z/run_job_genesis-system3-dhan-token-rotate.json,Broker Gateway & Ingestion,Dhan Connector / Rotator,Active,"/api/broker/status, genesis-system3-dhan-token-rotate",4756f5a0e,Size: 5796 bytes | Head SHA: 4756f5a0e
reports/latest/gcp_micro_mri/20260826T043801Z/sa_iam_genesis-system3-dhan-rotator.json,Broker Gateway & Ingestion,Dhan Connector / Rotator,Active,"/api/broker/status, genesis-system3-dhan-token-rotate",4756f5a0e,Size: 47 bytes | Head SHA: 4756f5a0e
reports/latest/gcp_micro_mri/20260826T043801Z/sa_keys_genesis-system3-dhan-rotator.json,Broker Gateway & Ingestion,Dhan Connector / Rotator,Active,"/api/broker/status, genesis-system3-dhan-token-rotate",4756f5a0e,Size: 1206 bytes | Head SHA: 4756f5a0e
reports/latest/gcp_micro_mri/20260826T043801Z/scheduler_genesis-system3-dhan-token-rotate-daily.json,Broker Gateway & Ingestion,Dhan Connector / Rotator,Active,"/api/broker/status, genesis-system3-dhan-token-rotate",4756f5a0e,Size: 1065 bytes | Head SHA: 4756f5a0e
reports/latest/gcp_micro_mri/20260826T043801Z/secret_iam_dhan-access-token-candidate.json,Broker Gateway & Ingestion,Dhan Connector / Rotator,Active,"/api/broker/status, genesis-system3-dhan-token-rotate",4756f5a0e,Size: 271 bytes | Head SHA: 4756f5a0e
reports/latest/gcp_micro_mri/20260826T043801Z/secret_iam_dhan-access-token.json,Broker Gateway & Ingestion,Dhan Connector / Rotator,Active,"/api/broker/status, genesis-system3-dhan-token-rotate",4756f5a0e,Size: 1207 bytes | Head SHA: 4756f5a0e
reports/latest/gcp_micro_mri/20260826T043801Z/secret_iam_dhan-app-id.json,Broker Gateway & Ingestion,Dhan Connector / Rotator,Active,"/api/broker/status, genesis-system3-dhan-token-rotate",4756f5a0e,Size: 328 bytes | Head SHA: 4756f5a0e
reports/latest/gcp_micro_mri/20260826T043801Z/secret_iam_dhan-app-secret.json,Broker Gateway & Ingestion,Dhan Connector / Rotator,Active,"/api/broker/status, genesis-system3-dhan-token-rotate",4756f5a0e,Size: 328 bytes | Head SHA: 4756f5a0e
reports/latest/gcp_micro_mri/20260826T043801Z/secret_iam_dhan-pin.json,Broker Gateway & Ingestion,Dhan Connector / Rotator,Active,"/api/broker/status, genesis-system3-dhan-token-rotate",4756f5a0e,Size: 483 bytes | Head SHA: 4756f5a0e
reports/latest/gcp_micro_mri/20260826T043801Z/secret_iam_dhan-totp-secret.json,Broker Gateway & Ingestion,Dhan Connector / Rotator,Active,"/api/broker/status, genesis-system3-dhan-token-rotate",4756f5a0e,Size: 483 bytes | Head SHA: 4756f5a0e
reports/latest/gcp_micro_mri/20260826T043801Z/secret_iam_system3-dhan-client-id.json,Broker Gateway & Ingestion,Dhan Connector / Rotator,Active,"/api/broker/status, genesis-system3-dhan-token-rotate",4756f5a0e,Size: 913 bytes | Head SHA: 4756f5a0e
reports/latest/gcp_micro_mri/20260826T043801Z/secret_versions_dhan-access-token-candidate.json,Broker Gateway & Ingestion,Dhan Connector / Rotator,Active,"/api/broker/status, genesis-system3-dhan-token-rotate",4756f5a0e,Size: 5303 bytes | Head SHA: 4756f5a0e
reports/latest/gcp_micro_mri/20260826T043801Z/secret_versions_dhan-access-token.json,Broker Gateway & Ingestion,Dhan Connector / Rotator,Active,"/api/broker/status, genesis-system3-dhan-token-rotate",4756f5a0e,Size: 5123 bytes | Head SHA: 4756f5a0e
reports/latest/gcp_micro_mri/20260826T043801Z/secret_versions_dhan-app-id.json,Broker Gateway & Ingestion,Dhan Connector / Rotator,Active,"/api/broker/status, genesis-system3-dhan-token-rotate",4756f5a0e,Size: 1784 bytes | Head SHA: 4756f5a0e
reports/latest/gcp_micro_mri/20260826T043801Z/secret_versions_dhan-app-secret.json,Broker Gateway & Ingestion,Dhan Connector / Rotator,Active,"/api/broker/status, genesis-system3-dhan-token-rotate",4756f5a0e,Size: 1812 bytes | Head SHA: 4756f5a0e
reports/latest/gcp_micro_mri/20260826T043801Z/secret_versions_dhan-pin.json,Broker Gateway & Ingestion,Dhan Connector / Rotator,Active,"/api/broker/status, genesis-system3-dhan-token-rotate",4756f5a0e,Size: 2546 bytes | Head SHA: 4756f5a0e
reports/latest/gcp_micro_mri/20260826T043801Z/secret_versions_dhan-totp-secret.json,Broker Gateway & Ingestion,Dhan Connector / Rotator,Active,"/api/broker/status, genesis-system3-dhan-token-rotate",4756f5a0e,Size: 2433 bytes | Head SHA: 4756f5a0e
reports/latest/gcp_micro_mri/20260826T043801Z/secret_versions_system3-dhan-client-id.json,Broker Gateway & Ingestion,Dhan Connector / Rotator,Active,"/api/broker/status, genesis-system3-dhan-token-rotate",4756f5a0e,Size: 2075 bytes | Head SHA: 4756f5a0e
reports/latest/gcp_micro_mri/20260826T050025Z/live_live_api_broker_status.json,Broker Gateway & Ingestion,Dhan Connector / Rotator,Active,"/api/broker/status, genesis-system3-dhan-token-rotate",4756f5a0e,Size: 3100 bytes | Head SHA: 4756f5a0e
reports/latest/gcp_micro_mri/20260826T050025Z/pubsub_subs_broker-token-rotate.json,Broker Gateway & Ingestion,Dhan Connector / Rotator,Active,"/api/broker/status, genesis-system3-dhan-token-rotate",4756f5a0e,Size: 2 bytes | Head SHA: 4756f5a0e
reports/latest/gcp_micro_mri/20260826T050025Z/run_job_exec_genesis-system3-dhan-token-rotate.json,Broker Gateway & Ingestion,Dhan Connector / Rotator,Active,"/api/broker/status, genesis-system3-dhan-token-rotate",4756f5a0e,Size: 67885 bytes | Head SHA: 4756f5a0e
reports/latest/gcp_micro_mri/20260826T050025Z/run_job_genesis-system3-dhan-token-rotate.json,Broker Gateway & Ingestion,Dhan Connector / Rotator,Active,"/api/broker/status, genesis-system3-dhan-token-rotate",4756f5a0e,Size: 5796 bytes | Head SHA: 4756f5a0e
reports/latest/gcp_micro_mri/20260826T050025Z/sa_iam_genesis-system3-dhan-rotator.json,Broker Gateway & Ingestion,Dhan Connector / Rotator,Active,"/api/broker/status, genesis-system3-dhan-token-rotate",4756f5a0e,Size: 47 bytes | Head SHA: 4756f5a0e
reports/latest/gcp_micro_mri/20260826T050025Z/sa_keys_genesis-system3-dhan-rotator.json,Broker Gateway & Ingestion,Dhan Connector / Rotator,Active,"/api/broker/status, genesis-system3-dhan-token-rotate",4756f5a0e,Size: 1206 bytes | Head SHA: 4756f5a0e
reports/latest/gcp_micro_mri/20260826T050025Z/scheduler_genesis-system3-dhan-token-rotate-daily.json,Broker Gateway & Ingestion,Dhan Connector / Rotator,Active,"/api/broker/status, genesis-system3-dhan-token-rotate",4756f5a0e,Size: 1065 bytes | Head SHA: 4756f5a0e
reports/latest/gcp_micro_mri/20260826T050025Z/secret_iam_dhan-access-token-candidate.json,Broker Gateway & Ingestion,Dhan Connector / Rotator,Active,"/api/broker/status, genesis-system3-dhan-token-rotate",4756f5a0e,Size: 271 bytes | Head SHA: 4756f5a0e
reports/latest/gcp_micro_mri/20260826T050025Z/secret_iam_dhan-access-token.json,Broker Gateway & Ingestion,Dhan Connector / Rotator,Active,"/api/broker/status, genesis-system3-dhan-token-rotate",4756f5a0e,Size: 1207 bytes | Head SHA: 4756f5a0e
reports/latest/gcp_micro_mri/20260826T050025Z/secret_iam_dhan-app-id.json,Broker Gateway & Ingestion,Dhan Connector / Rotator,Active,"/api/broker/status, genesis-system3-dhan-token-rotate",4756f5a0e,Size: 328 bytes | Head SHA: 4756f5a0e
reports/latest/gcp_micro_mri/20260826T050025Z/secret_iam_dhan-app-secret.json,Broker Gateway & Ingestion,Dhan Connector / Rotator,Active,"/api/broker/status, genesis-system3-dhan-token-rotate",4756f5a0e,Size: 328 bytes | Head SHA: 4756f5a0e
reports/latest/gcp_micro_mri/20260826T050025Z/secret_iam_dhan-pin.json,Broker Gateway & Ingestion,Dhan Connector / Rotator,Active,"/api/broker/status, genesis-system3-dhan-token-rotate",4756f5a0e,Size: 483 bytes | Head SHA: 4756f5a0e
reports/latest/gcp_micro_mri/20260826T050025Z/secret_iam_dhan-totp-secret.json,Broker Gateway & Ingestion,Dhan Connector / Rotator,Active,"/api/broker/status, genesis-system3-dhan-token-rotate",4756f5a0e,Size: 483 bytes | Head SHA: 4756f5a0e
reports/latest/gcp_micro_mri/20260826T050025Z/secret_iam_system3-dhan-client-id.json,Broker Gateway & Ingestion,Dhan Connector / Rotator,Active,"/api/broker/status, genesis-system3-dhan-token-rotate",4756f5a0e,Size: 913 bytes | Head SHA: 4756f5a0e
reports/latest/gcp_micro_mri/20260826T050025Z/secret_versions_dhan-access-token-candidate.json,Broker Gateway & Ingestion,Dhan Connector / Rotator,Active,"/api/broker/status, genesis-system3-dhan-token-rotate",4756f5a0e,Size: 5303 bytes | Head SHA: 4756f5a0e
reports/latest/gcp_micro_mri/20260826T050025Z/secret_versions_dhan-access-token.json,Broker Gateway & Ingestion,Dhan Connector / Rotator,Active,"/api/broker/status, genesis-system3-dhan-token-rotate",4756f5a0e,Size: 5123 bytes | Head SHA: 4756f5a0e
reports/latest/gcp_micro_mri/20260826T050025Z/secret_versions_dhan-app-id.json,Broker Gateway & Ingestion,Dhan Connector / Rotator,Active,"/api/broker/status, genesis-system3-dhan-token-rotate",4756f5a0e,Size: 1784 bytes | Head SHA: 4756f5a0e
reports/latest/gcp_micro_mri/20260826T050025Z/secret_versions_dhan-app-secret.json,Broker Gateway & Ingestion,Dhan Connector / Rotator,Active,"/api/broker/status, genesis-system3-dhan-token-rotate",4756f5a0e,Size: 1812 bytes | Head SHA: 4756f5a0e
reports/latest/gcp_micro_mri/20260826T050025Z/secret_versions_dhan-pin.json,Broker Gateway & Ingestion,Dhan Connector / Rotator,Active,"/api/broker/status, genesis-system3-dhan-token-rotate",4756f5a0e,Size: 2546 bytes | Head SHA: 4756f5a0e
reports/latest/gcp_micro_mri/20260826T050025Z/secret_versions_dhan-totp-secret.json,Broker Gateway & Ingestion,Dhan Connector / Rotator,Active,"/api/broker/status, genesis-system3-dhan-token-rotate",4756f5a0e,Size: 2433 bytes | Head SHA: 4756f5a0e
reports/latest/gcp_micro_mri/20260826T050025Z/secret_versions_system3-dhan-client-id.json,Broker Gateway & Ingestion,Dhan Connector / Rotator,Active,"/api/broker/status, genesis-system3-dhan-token-rotate",4756f5a0e,Size: 2075 bytes | Head SHA: 4756f5a0e
reports/latest/gcp_micro_mri/latest/live_api_broker_status.json,Broker Gateway & Ingestion,Dhan Connector / Rotator,Active,"/api/broker/status, genesis-system3-dhan-token-rotate",4756f5a0e,Size: 3101 bytes | Head SHA: 4756f5a0e
reports/latest/gcp_micro_mri/latest/live_live_api_broker_status.json,Broker Gateway & Ingestion,Dhan Connector / Rotator,Active,"/api/broker/status, genesis-system3-dhan-token-rotate",4756f5a0e,Size: 3100 bytes | Head SHA: 4756f5a0e
reports/latest/gcp_micro_mri/latest/pubsub_subs_broker-token-rotate.json,Broker Gateway & Ingestion,Dhan Connector / Rotator,Active,"/api/broker/status, genesis-system3-dhan-token-rotate",4756f5a0e,Size: 2 bytes | Head SHA: 4756f5a0e
reports/latest/gcp_micro_mri/latest/run_job_exec_genesis-system3-dhan-token-rotate.json,Broker Gateway & Ingestion,Dhan Connector / Rotator,Active,"/api/broker/status, genesis-system3-dhan-token-rotate",4756f5a0e,Size: 67885 bytes | Head SHA: 4756f5a0e
reports/latest/gcp_micro_mri/latest/run_job_genesis-system3-dhan-token-rotate.json,Broker Gateway & Ingestion,Dhan Connector / Rotator,Active,"/api/broker/status, genesis-system3-dhan-token-rotate",4756f5a0e,Size: 5796 bytes | Head SHA: 4756f5a0e
reports/latest/gcp_micro_mri/latest/sa_iam_genesis-system3-dhan-rotator.json,Broker Gateway & Ingestion,Dhan Connector / Rotator,Active,"/api/broker/status, genesis-system3-dhan-token-rotate",4756f5a0e,Size: 47 bytes | Head SHA: 4756f5a0e
reports/latest/gcp_micro_mri/latest/sa_keys_genesis-system3-dhan-rotator.json,Broker Gateway & Ingestion,Dhan Connector / Rotator,Active,"/api/broker/status, genesis-system3-dhan-token-rotate",4756f5a0e,Size: 1206 bytes | Head SHA: 4756f5a0e
reports/latest/gcp_micro_mri/latest/scheduler_genesis-system3-dhan-token-rotate-daily.json,Broker Gateway & Ingestion,Dhan Connector / Rotator,Active,"/api/broker/status, genesis-system3-dhan-token-rotate",4756f5a0e,Size: 1065 bytes | Head SHA: 4756f5a0e
reports/latest/gcp_micro_mri/latest/secret_iam_dhan-access-token-candidate.json,Broker Gateway & Ingestion,Dhan Connector / Rotator,Active,"/api/broker/status, genesis-system3-dhan-token-rotate",4756f5a0e,Size: 271 bytes | Head SHA: 4756f5a0e
reports/latest/gcp_micro_mri/latest/secret_iam_dhan-access-token.json,Broker Gateway & Ingestion,Dhan Connector / Rotator,Active,"/api/broker/status, genesis-system3-dhan-token-rotate",4756f5a0e,Size: 1207 bytes | Head SHA: 4756f5a0e
reports/latest/gcp_micro_mri/latest/secret_iam_dhan-app-id.json,Broker Gateway & Ingestion,Dhan Connector / Rotator,Active,"/api/broker/status, genesis-system3-dhan-token-rotate",4756f5a0e,Size: 328 bytes | Head SHA: 4756f5a0e
reports/latest/gcp_micro_mri/latest/secret_iam_dhan-app-secret.json,Broker Gateway & Ingestion,Dhan Connector / Rotator,Active,"/api/broker/status, genesis-system3-dhan-token-rotate",4756f5a0e,Size: 328 bytes | Head SHA: 4756f5a0e
reports/latest/gcp_micro_mri/latest/secret_iam_dhan-pin.json,Broker Gateway & Ingestion,Dhan Connector / Rotator,Active,"/api/broker/status, genesis-system3-dhan-token-rotate",4756f5a0e,Size: 483 bytes | Head SHA: 4756f5a0e
reports/latest/gcp_micro_mri/latest/secret_iam_dhan-totp-secret.json,Broker Gateway & Ingestion,Dhan Connector / Rotator,Active,"/api/broker/status, genesis-system3-dhan-token-rotate",4756f5a0e,Size: 483 bytes | Head SHA: 4756f5a0e
reports/latest/gcp_micro_mri/latest/secret_iam_system3-dhan-client-id.json,Broker Gateway & Ingestion,Dhan Connector / Rotator,Active,"/api/broker/status, genesis-system3-dhan-token-rotate",4756f5a0e,Size: 913 bytes | Head SHA: 4756f5a0e
reports/latest/gcp_micro_mri/latest/secret_versions_dhan-access-token-candidate.json,Broker Gateway & Ingestion,Dhan Connector / Rotator,Active,"/api/broker/status, genesis-system3-dhan-token-rotate",4756f5a0e,Size: 5303 bytes | Head SHA: 4756f5a0e
reports/latest/gcp_micro_mri/latest/secret_versions_dhan-access-token.json,Broker Gateway & Ingestion,Dhan Connector / Rotator,Active,"/api/broker/status, genesis-system3-dhan-token-rotate",4756f5a0e,Size: 5123 bytes | Head SHA: 4756f5a0e
reports/latest/gcp_micro_mri/latest/secret_versions_dhan-app-id.json,Broker Gateway & Ingestion,Dhan Connector / Rotator,Active,"/api/broker/status, genesis-system3-dhan-token-rotate",4756f5a0e,Size: 1784 bytes | Head SHA: 4756f5a0e
reports/latest/gcp_micro_mri/latest/secret_versions_dhan-app-secret.json,Broker Gateway & Ingestion,Dhan Connector / Rotator,Active,"/api/broker/status, genesis-system3-dhan-token-rotate",4756f5a0e,Size: 1812 bytes | Head SHA: 4756f5a0e
reports/latest/gcp_micro_mri/latest/secret_versions_dhan-pin.json,Broker Gateway & Ingestion,Dhan Connector / Rotator,Active,"/api/broker/status, genesis-system3-dhan-token-rotate",4756f5a0e,Size: 2546 bytes | Head SHA: 4756f5a0e
reports/latest/gcp_micro_mri/latest/secret_versions_dhan-totp-secret.json,Broker Gateway & Ingestion,Dhan Connector / Rotator,Active,"/api/broker/status, genesis-system3-dhan-token-rotate",4756f5a0e,Size: 2433 bytes | Head SHA: 4756f5a0e
reports/latest/gcp_micro_mri/latest/secret_versions_system3-dhan-client-id.json,Broker Gateway & Ingestion,Dhan Connector / Rotator,Active,"/api/broker/status, genesis-system3-dhan-token-rotate",4756f5a0e,Size: 2075 bytes | Head SHA: 4756f5a0e
reports/latest/live_proof_center/LATEST/api/broker_status.json,Broker Gateway & Ingestion,Dhan Connector / Rotator,Active,"/api/broker/status, genesis-system3-dhan-token-rotate",4756f5a0e,Size: 2491 bytes | Head SHA: 4756f5a0e
reports/latest/live_proof_center/LATEST/api/broker_truth.json,Broker Gateway & Ingestion,Dhan Connector / Rotator,Active,"/api/broker/status, genesis-system3-dhan-token-rotate",4756f5a0e,Size: 17758 bytes | Head SHA: 4756f5a0e
reports/latest/live_proof_center/from_actions_32953835848/latest/live_proof_center/LATEST/api/broker_status.json,Broker Gateway & Ingestion,Dhan Connector / Rotator,Active,"/api/broker/status, genesis-system3-dhan-token-rotate",4756f5a0e,Size: 156 bytes | Head SHA: 4756f5a0e
reports/latest/live_proof_center/from_actions_32953835848/latest/live_proof_center/LATEST/api/broker_truth.json,Broker Gateway & Ingestion,Dhan Connector / Rotator,Active,"/api/broker/status, genesis-system3-dhan-token-rotate",4756f5a0e,Size: 155 bytes | Head SHA: 4756f5a0e
reports/latest/parallel_root_cause_audit/broker_auth.json,Broker Gateway & Ingestion,Dhan Connector / Rotator,Active,"/api/broker/status, genesis-system3-dhan-token-rotate",4756f5a0e,Size: 847 bytes | Head SHA: 4756f5a0e
reports/latest/parallel_root_cause_audit/broker_auth.md,Broker Gateway & Ingestion,Dhan Connector / Rotator,Active,"/api/broker/status, genesis-system3-dhan-token-rotate",4756f5a0e,Size: 590 bytes | Head SHA: 4756f5a0e
reports/latest/post369_live_proof_20260827_000506/api_broker_status.json,Broker Gateway & Ingestion,Dhan Connector / Rotator,Active,"/api/broker/status, genesis-system3-dhan-token-rotate",4756f5a0e,Size: 2421 bytes | Head SHA: 4756f5a0e
reports/latest/render_dhanhq_fix/SUMMARY.md,Broker Gateway & Ingestion,Dhan Connector / Rotator,Active,"/api/broker/status, genesis-system3-dhan-token-rotate",4756f5a0e,Size: 630 bytes | Head SHA: 4756f5a0e
reports/latest/repo_path_audit/live_broker.json,Broker Gateway & Ingestion,Dhan Connector / Rotator,Active,"/api/broker/status, genesis-system3-dhan-token-rotate",4756f5a0e,Size: 2395 bytes | Head SHA: 4756f5a0e
reports/latest/rhui_v22_verify/api_broker_status.json,Broker Gateway & Ingestion,Dhan Connector / Rotator,Active,"/api/broker/status, genesis-system3-dhan-token-rotate",4756f5a0e,Size: 5428 bytes | Head SHA: 4756f5a0e
reports/latest/rhui_v22_verify/cross_verify_20260826T080731Z/api_broker_status.json,Broker Gateway & Ingestion,Dhan Connector / Rotator,Active,"/api/broker/status, genesis-system3-dhan-token-rotate",4756f5a0e,Size: 3101 bytes | Head SHA: 4756f5a0e
scripts/dhan_full_api_test.py,Broker Gateway & Ingestion,Dhan Connector / Rotator,Active,"/api/broker/status, genesis-system3-dhan-token-rotate",4756f5a0e,Size: 13411 bytes | Head SHA: 4756f5a0e
scripts/dhan_startup_check.py,Broker Gateway & Ingestion,Dhan Connector / Rotator,Active,"/api/broker/status, genesis-system3-dhan-token-rotate",4756f5a0e,Size: 1129 bytes | Head SHA: 4756f5a0e
scripts/dhan_token_auto_refresh.py,Broker Gateway & Ingestion,Dhan Connector / Rotator,Active,"/api/broker/status, genesis-system3-dhan-token-rotate",4756f5a0e,Size: 1152 bytes | Head SHA: 4756f5a0e
scripts/dhan_watchdog_runner.py,Broker Gateway & Ingestion,Dhan Connector / Rotator,Active,"/api/broker/status, genesis-system3-dhan-token-rotate",4756f5a0e,Size: 710 bytes | Head SHA: 4756f5a0e
scripts/gcp_dhan_rotator_forensic.py,Broker Gateway & Ingestion,Dhan Connector / Rotator,Active,"/api/broker/status, genesis-system3-dhan-token-rotate",4756f5a0e,Size: 18524 bytes | Head SHA: 4756f5a0e
scripts/gcp_dhan_token_rotation_job.py,Broker Gateway & Ingestion,Dhan Connector / Rotator,Active,"/api/broker/status, genesis-system3-dhan-token-rotate",4756f5a0e,Size: 26940 bytes | Head SHA: 4756f5a0e
scripts/setup_dhan_automation.py,Broker Gateway & Ingestion,Dhan Connector / Rotator,Active,"/api/broker/status, genesis-system3-dhan-token-rotate",4756f5a0e,Size: 926 bytes | Head SHA: 4756f5a0e
scripts/sync_dhan_instruments_master.py,Broker Gateway & Ingestion,Dhan Connector / Rotator,Active,"/api/broker/status, genesis-system3-dhan-token-rotate",4756f5a0e,Size: 4325 bytes | Head SHA: 4756f5a0e
scripts/system3_dhan_issuer_mri_bundle.ps1,Broker Gateway & Ingestion,Dhan Connector / Rotator,Active,"/api/broker/status, genesis-system3-dhan-token-rotate",4756f5a0e,Size: 14760 bytes | Head SHA: 4756f5a0e
scripts/system3_dhan_token_issuer_forensics.py,Broker Gateway & Ingestion,Dhan Connector / Rotator,Active,"/api/broker/status, genesis-system3-dhan-token-rotate",4756f5a0e,Size: 7720 bytes | Head SHA: 4756f5a0e
scripts/verify_dhan_readonly.py,Broker Gateway & Ingestion,Dhan Connector / Rotator,Active,"/api/broker/status, genesis-system3-dhan-token-rotate",4756f5a0e,Size: 6914 bytes | Head SHA: 4756f5a0e
src/dhan/expiry_selector.py,Broker Gateway & Ingestion,Dhan Connector / Rotator,Active,"/api/broker/status, genesis-system3-dhan-token-rotate",4756f5a0e,Size: 8567 bytes | Head SHA: 4756f5a0e
tests/evals/test_eval_dhan_906_no_profile_fallback.py,Broker Gateway & Ingestion,Dhan Connector / Rotator,Active,"/api/broker/status, genesis-system3-dhan-token-rotate",4756f5a0e,Size: 419 bytes | Head SHA: 4756f5a0e
tests/fixtures/dhan_instruments_sample.json,Broker Gateway & Ingestion,Dhan Connector / Rotator,Active,"/api/broker/status, genesis-system3-dhan-token-rotate",4756f5a0e,Size: 770 bytes | Head SHA: 4756f5a0e
tests/test_br1_dhan_auth_reliability.py,Broker Gateway & Ingestion,Dhan Connector / Rotator,Active,"/api/broker/status, genesis-system3-dhan-token-rotate",4756f5a0e,Size: 16230 bytes | Head SHA: 4756f5a0e
tests/test_br2_dhan_terminal_no_retry.py,Broker Gateway & Ingestion,Dhan Connector / Rotator,Active,"/api/broker/status, genesis-system3-dhan-token-rotate",4756f5a0e,Size: 2771 bytes | Head SHA: 4756f5a0e
tests/test_broker_auth_permanent_fix.py,Broker Gateway & Ingestion,Dhan Connector / Rotator,Active,"/api/broker/status, genesis-system3-dhan-token-rotate",4756f5a0e,Size: 5380 bytes | Head SHA: 4756f5a0e
tests/test_broker_router_state_truth.py,Broker Gateway & Ingestion,Dhan Connector / Rotator,Active,"/api/broker/status, genesis-system3-dhan-token-rotate",4756f5a0e,Size: 2035 bytes | Head SHA: 4756f5a0e
tests/test_dhan_bankex_underlying.py,Broker Gateway & Ingestion,Dhan Connector / Rotator,Active,"/api/broker/status, genesis-system3-dhan-token-rotate",4756f5a0e,Size: 880 bytes | Head SHA: 4756f5a0e
tests/test_dhan_cloud_status_probe_error_taxonomy.py,Broker Gateway & Ingestion,Dhan Connector / Rotator,Active,"/api/broker/status, genesis-system3-dhan-token-rotate",4756f5a0e,Size: 4198 bytes | Head SHA: 4756f5a0e
tests/test_dhan_first_rejection_trace.py,Broker Gateway & Ingestion,Dhan Connector / Rotator,Active,"/api/broker/status, genesis-system3-dhan-token-rotate",4756f5a0e,Size: 1243 bytes | Head SHA: 4756f5a0e
tests/test_dhan_issuer_mri_bundle_contract.py,Broker Gateway & Ingestion,Dhan Connector / Rotator,Active,"/api/broker/status, genesis-system3-dhan-token-rotate",4756f5a0e,Size: 1346 bytes | Head SHA: 4756f5a0e
tests/test_dhan_market_ltp.py,Broker Gateway & Ingestion,Dhan Connector / Rotator,Active,"/api/broker/status, genesis-system3-dhan-token-rotate",4756f5a0e,Size: 7612 bytes | Head SHA: 4756f5a0e
tests/test_dhan_payload_normalizer.py,Broker Gateway & Ingestion,Dhan Connector / Rotator,Active,"/api/broker/status, genesis-system3-dhan-token-rotate",4756f5a0e,Size: 1372 bytes | Head SHA: 4756f5a0e
tests/test_dhan_profile_header_reconcile.py,Broker Gateway & Ingestion,Dhan Connector / Rotator,Active,"/api/broker/status, genesis-system3-dhan-token-rotate",4756f5a0e,Size: 9583 bytes | Head SHA: 4756f5a0e
tests/test_dhan_readonly_request_contract.py,Broker Gateway & Ingestion,Dhan Connector / Rotator,Active,"/api/broker/status, genesis-system3-dhan-token-rotate",4756f5a0e,Size: 9092 bytes | Head SHA: 4756f5a0e
tests/test_dhan_rotator_forensic_redaction.py,Broker Gateway & Ingestion,Dhan Connector / Rotator,Active,"/api/broker/status, genesis-system3-dhan-token-rotate",4756f5a0e,Size: 2034 bytes | Head SHA: 4756f5a0e
tests/test_dhan_single_token_authority.py,Broker Gateway & Ingestion,Dhan Connector / Rotator,Active,"/api/broker/status, genesis-system3-dhan-token-rotate",4756f5a0e,Size: 9939 bytes | Head SHA: 4756f5a0e
tests/test_gcp_dhan_rotator_forensic_trace.py,Broker Gateway & Ingestion,Dhan Connector / Rotator,Active,"/api/broker/status, genesis-system3-dhan-token-rotate",4756f5a0e,Size: 5082 bytes | Head SHA: 4756f5a0e
tests/test_gcp_dhan_rotator_secret_metadata_contract.py,Broker Gateway & Ingestion,Dhan Connector / Rotator,Active,"/api/broker/status, genesis-system3-dhan-token-rotate",4756f5a0e,Size: 962 bytes | Head SHA: 4756f5a0e
tests/test_gcp_dhan_status_probe.py,Broker Gateway & Ingestion,Dhan Connector / Rotator,Active,"/api/broker/status, genesis-system3-dhan-token-rotate",4756f5a0e,Size: 3903 bytes | Head SHA: 4756f5a0e
tests/test_gcp_dhan_token_rotation_contract.py,Broker Gateway & Ingestion,Dhan Connector / Rotator,Active,"/api/broker/status, genesis-system3-dhan-token-rotate",4756f5a0e,Size: 16804 bytes | Head SHA: 4756f5a0e
tests/test_qc_validator_dhan_aliases.py,Broker Gateway & Ingestion,Dhan Connector / Rotator,Active,"/api/broker/status, genesis-system3-dhan-token-rotate",4756f5a0e,Size: 2842 bytes | Head SHA: 4756f5a0e
tests/test_slim_broker_status_token_proof.py,Broker Gateway & Ingestion,Dhan Connector / Rotator,Active,"/api/broker/status, genesis-system3-dhan-token-rotate",4756f5a0e,Size: 2174 bytes | Head SHA: 4756f5a0e
tests/test_state_sync_broker_truth_precedence.py,Broker Gateway & Ingestion,Dhan Connector / Rotator,Active,"/api/broker/status, genesis-system3-dhan-token-rotate",4756f5a0e,Size: 3735 bytes | Head SHA: 4756f5a0e
tests/test_system3_dhan_token_issuer_forensics.py,Broker Gateway & Ingestion,Dhan Connector / Rotator,Active,"/api/broker/status, genesis-system3-dhan-token-rotate",4756f5a0e,Size: 1183 bytes | Head SHA: 4756f5a0e
tools/broker_trader_validation.py,Broker Gateway & Ingestion,Dhan Connector / Rotator,Active,"/api/broker/status, genesis-system3-dhan-token-rotate",4756f5a0e,Size: 2256 bytes | Head SHA: 4756f5a0e
tools/dhan_advance_platform_verification_audit.py,Broker Gateway & Ingestion,Dhan Connector / Rotator,Active,"/api/broker/status, genesis-system3-dhan-token-rotate",4756f5a0e,Size: 29060 bytes | Head SHA: 4756f5a0e
.github/CLAUDE_INSTRUCTIONS.md,CI/CD & Cloud Run DevOps,GitHub Actions / GCP WIF,Active,genesis-system3-web,4756f5a0e,Size: 5033 bytes | Head SHA: 4756f5a0e
.github/CLOUD_ACCESS.md,CI/CD & Cloud Run DevOps,GitHub Actions / GCP WIF,Active,genesis-system3-web,4756f5a0e,Size: 1885 bytes | Head SHA: 4756f5a0e
.github/SETUP_DOCUMENTATION.md,CI/CD & Cloud Run DevOps,GitHub Actions / GCP WIF,Active,genesis-system3-web,4756f5a0e,Size: 1716 bytes | Head SHA: 4756f5a0e
.github/instructions/codacy.instructions.md,CI/CD & Cloud Run DevOps,GitHub Actions / GCP WIF,Active,genesis-system3-web,4756f5a0e,Size: 4239 bytes | Head SHA: 4756f5a0e
.github/scripts/root_architecture_gate.py,CI/CD & Cloud Run DevOps,GitHub Actions / GCP WIF,Active,genesis-system3-web,4756f5a0e,Size: 10442 bytes | Head SHA: 4756f5a0e
.github/scripts/workflow_priority_guard.py,CI/CD & Cloud Run DevOps,GitHub Actions / GCP WIF,Active,genesis-system3-web,4756f5a0e,Size: 15299 bytes | Head SHA: 4756f5a0e
DEPLOYMENT_READY_FIXES.md,CI/CD & Cloud Run DevOps,GitHub Actions / GCP WIF,Active,genesis-system3-web,4756f5a0e,Size: 2189 bytes | Head SHA: 4756f5a0e
audit_6c08cadc-a6cf-46e2-96ad-932ec6f0cdfd_20260829T122940Z/api_api_deploy_info.json,CI/CD & Cloud Run DevOps,GitHub Actions / GCP WIF,Active,genesis-system3-web,4756f5a0e,Size: 470 bytes | Head SHA: 4756f5a0e
audit_6c08cadc-a6cf-46e2-96ad-932ec6f0cdfd_20260829T122940Z/deploy_info.json,CI/CD & Cloud Run DevOps,GitHub Actions / GCP WIF,Active,genesis-system3-web,4756f5a0e,Size: 470 bytes | Head SHA: 4756f5a0e
dashboard/backend/DEPLOY_REFRESH_TRIGGER.md,CI/CD & Cloud Run DevOps,GitHub Actions / GCP WIF,Active,genesis-system3-web,4756f5a0e,Size: 834 bytes | Head SHA: 4756f5a0e
deploy/gcp/README.md,CI/CD & Cloud Run DevOps,GitHub Actions / GCP WIF,Active,genesis-system3-web,4756f5a0e,Size: 2169 bytes | Head SHA: 4756f5a0e
deploy/gcp/bootstrap_all.sh,CI/CD & Cloud Run DevOps,GitHub Actions / GCP WIF,Active,genesis-system3-web,4756f5a0e,Size: 647 bytes | Head SHA: 4756f5a0e
deploy/gcp/bootstrap_autonomous_authority.sh,CI/CD & Cloud Run DevOps,GitHub Actions / GCP WIF,Active,genesis-system3-web,4756f5a0e,Size: 7275 bytes | Head SHA: 4756f5a0e
deploy/gcp/bootstrap_github_wif.sh,CI/CD & Cloud Run DevOps,GitHub Actions / GCP WIF,Active,genesis-system3-web,4756f5a0e,Size: 11267 bytes | Head SHA: 4756f5a0e
deploy/gcp/deploy_smoke_job.sh,CI/CD & Cloud Run DevOps,GitHub Actions / GCP WIF,Active,genesis-system3-web,4756f5a0e,Size: 1258 bytes | Head SHA: 4756f5a0e
deploy/gcp/deploy_web.sh,CI/CD & Cloud Run DevOps,GitHub Actions / GCP WIF,Active,genesis-system3-web,4756f5a0e,Size: 1343 bytes | Head SHA: 4756f5a0e
deploy/gcp/system3_evidence_reader_baseline.json,CI/CD & Cloud Run DevOps,GitHub Actions / GCP WIF,Active,genesis-system3-web,4756f5a0e,Size: 694 bytes | Head SHA: 4756f5a0e
deploy/gcp/system3_iam_baseline.json,CI/CD & Cloud Run DevOps,GitHub Actions / GCP WIF,Active,genesis-system3-web,4756f5a0e,Size: 11172 bytes | Head SHA: 4756f5a0e
deploy/gcp/ui_visual_proof_runtime_contract.json,CI/CD & Cloud Run DevOps,GitHub Actions / GCP WIF,Active,genesis-system3-web,4756f5a0e,Size: 621 bytes | Head SHA: 4756f5a0e
deploy/monitoring/token_rotation_alert.json,CI/CD & Cloud Run DevOps,GitHub Actions / GCP WIF,Active,genesis-system3-web,4756f5a0e,Size: 500 bytes | Head SHA: 4756f5a0e
docs/BLOCKER_FIXES_DEPLOYMENT_GUIDE.md,CI/CD & Cloud Run DevOps,GitHub Actions / GCP WIF,Active,genesis-system3-web,4756f5a0e,Size: 11741 bytes | Head SHA: 4756f5a0e
docs/audits/system3_quant_lifecycle/sessions/20260816T123000Z/supporting/deploy_info.json,CI/CD & Cloud Run DevOps,GitHub Actions / GCP WIF,Active,genesis-system3-web,4756f5a0e,Size: 470 bytes | Head SHA: 4756f5a0e
docs/deploy/GCP_CLOUD_RUN_DEPLOY_READINESS.md,CI/CD & Cloud Run DevOps,GitHub Actions / GCP WIF,Active,genesis-system3-web,4756f5a0e,Size: 1750 bytes | Head SHA: 4756f5a0e
docs/deploy/STAGING_AND_BRANCH_PROTECTION_SETUP.md,CI/CD & Cloud Run DevOps,GitHub Actions / GCP WIF,Active,genesis-system3-web,4756f5a0e,Size: 1333 bytes | Head SHA: 4756f5a0e
docs/security/SECURE_DEPLOYMENT_PREREQUISITES.md,CI/CD & Cloud Run DevOps,GitHub Actions / GCP WIF,Active,genesis-system3-web,4756f5a0e,Size: 4673 bytes | Head SHA: 4756f5a0e
reports/latest/access_capability/live_deploy_now.json,CI/CD & Cloud Run DevOps,GitHub Actions / GCP WIF,Active,genesis-system3-web,4756f5a0e,Size: 470 bytes | Head SHA: 4756f5a0e
reports/latest/dashboard_deploy_provenance/summary.json,CI/CD & Cloud Run DevOps,GitHub Actions / GCP WIF,Active,genesis-system3-web,4756f5a0e,Size: 934 bytes | Head SHA: 4756f5a0e
reports/latest/dashboard_deploy_provenance/summary.md,CI/CD & Cloud Run DevOps,GitHub Actions / GCP WIF,Active,genesis-system3-web,4756f5a0e,Size: 392 bytes | Head SHA: 4756f5a0e
reports/latest/deployment_and_endpoint_proof/README.md,CI/CD & Cloud Run DevOps,GitHub Actions / GCP WIF,Active,genesis-system3-web,4756f5a0e,Size: 374 bytes | Head SHA: 4756f5a0e
reports/latest/deployment_and_endpoint_proof/summary.json,CI/CD & Cloud Run DevOps,GitHub Actions / GCP WIF,Active,genesis-system3-web,4756f5a0e,Size: 6002 bytes | Head SHA: 4756f5a0e
reports/latest/full_cross_verify_20260826_193000/deploy_info.json,CI/CD & Cloud Run DevOps,GitHub Actions / GCP WIF,Active,genesis-system3-web,4756f5a0e,Size: 475 bytes | Head SHA: 4756f5a0e
reports/latest/gcp_full_mri_20260826/api_deploy_info.json,CI/CD & Cloud Run DevOps,GitHub Actions / GCP WIF,Active,genesis-system3-web,4756f5a0e,Size: 537 bytes | Head SHA: 4756f5a0e
reports/latest/gcp_micro_mri/20260826T043801Z/live_api_deploy_info.json,CI/CD & Cloud Run DevOps,GitHub Actions / GCP WIF,Active,genesis-system3-web,4756f5a0e,Size: 537 bytes | Head SHA: 4756f5a0e
reports/latest/gcp_micro_mri/20260826T043801Z/sa_iam_github-actions-deploy.json,CI/CD & Cloud Run DevOps,GitHub Actions / GCP WIF,Active,genesis-system3-web,4756f5a0e,Size: 512 bytes | Head SHA: 4756f5a0e
reports/latest/gcp_micro_mri/20260826T043801Z/sa_keys_github-actions-deploy.json,CI/CD & Cloud Run DevOps,GitHub Actions / GCP WIF,Active,genesis-system3-web,4756f5a0e,Size: 1577 bytes | Head SHA: 4756f5a0e
reports/latest/gcp_micro_mri/20260826T043801Z/secret_iam_github-actions-deploy-sa-key.json,CI/CD & Cloud Run DevOps,GitHub Actions / GCP WIF,Active,genesis-system3-web,4756f5a0e,Size: 22 bytes | Head SHA: 4756f5a0e
reports/latest/gcp_micro_mri/20260826T043801Z/secret_versions_github-actions-deploy-sa-key.json,CI/CD & Cloud Run DevOps,GitHub Actions / GCP WIF,Active,genesis-system3-web,4756f5a0e,Size: 268 bytes | Head SHA: 4756f5a0e
reports/latest/gcp_micro_mri/20260826T043801Z/wif_providers_gs3-github-main-deploy.json,CI/CD & Cloud Run DevOps,GitHub Actions / GCP WIF,Active,genesis-system3-web,4756f5a0e,Size: 214 bytes | Head SHA: 4756f5a0e
reports/latest/gcp_micro_mri/20260826T050025Z/live_live_api_deploy_info.json,CI/CD & Cloud Run DevOps,GitHub Actions / GCP WIF,Active,genesis-system3-web,4756f5a0e,Size: 537 bytes | Head SHA: 4756f5a0e
reports/latest/gcp_micro_mri/20260826T050025Z/sa_iam_github-actions-deploy.json,CI/CD & Cloud Run DevOps,GitHub Actions / GCP WIF,Active,genesis-system3-web,4756f5a0e,Size: 512 bytes | Head SHA: 4756f5a0e
reports/latest/gcp_micro_mri/20260826T050025Z/sa_keys_github-actions-deploy.json,CI/CD & Cloud Run DevOps,GitHub Actions / GCP WIF,Active,genesis-system3-web,4756f5a0e,Size: 1577 bytes | Head SHA: 4756f5a0e
reports/latest/gcp_micro_mri/20260826T050025Z/secret_iam_github-actions-deploy-sa-key.json,CI/CD & Cloud Run DevOps,GitHub Actions / GCP WIF,Active,genesis-system3-web,4756f5a0e,Size: 22 bytes | Head SHA: 4756f5a0e
reports/latest/gcp_micro_mri/20260826T050025Z/secret_versions_github-actions-deploy-sa-key.json,CI/CD & Cloud Run DevOps,GitHub Actions / GCP WIF,Active,genesis-system3-web,4756f5a0e,Size: 268 bytes | Head SHA: 4756f5a0e
reports/latest/gcp_micro_mri/20260826T050025Z/wif_providers_gs3-github-main-deploy.json,CI/CD & Cloud Run DevOps,GitHub Actions / GCP WIF,Active,genesis-system3-web,4756f5a0e,Size: 214 bytes | Head SHA: 4756f5a0e
reports/latest/gcp_micro_mri/latest/live_api_deploy_info.json,CI/CD & Cloud Run DevOps,GitHub Actions / GCP WIF,Active,genesis-system3-web,4756f5a0e,Size: 537 bytes | Head SHA: 4756f5a0e
reports/latest/gcp_micro_mri/latest/live_live_api_deploy_info.json,CI/CD & Cloud Run DevOps,GitHub Actions / GCP WIF,Active,genesis-system3-web,4756f5a0e,Size: 537 bytes | Head SHA: 4756f5a0e
reports/latest/gcp_micro_mri/latest/sa_iam_github-actions-deploy.json,CI/CD & Cloud Run DevOps,GitHub Actions / GCP WIF,Active,genesis-system3-web,4756f5a0e,Size: 512 bytes | Head SHA: 4756f5a0e
reports/latest/gcp_micro_mri/latest/sa_keys_github-actions-deploy.json,CI/CD & Cloud Run DevOps,GitHub Actions / GCP WIF,Active,genesis-system3-web,4756f5a0e,Size: 1577 bytes | Head SHA: 4756f5a0e
reports/latest/gcp_micro_mri/latest/secret_iam_github-actions-deploy-sa-key.json,CI/CD & Cloud Run DevOps,GitHub Actions / GCP WIF,Active,genesis-system3-web,4756f5a0e,Size: 22 bytes | Head SHA: 4756f5a0e
reports/latest/gcp_micro_mri/latest/secret_versions_github-actions-deploy-sa-key.json,CI/CD & Cloud Run DevOps,GitHub Actions / GCP WIF,Active,genesis-system3-web,4756f5a0e,Size: 268 bytes | Head SHA: 4756f5a0e
reports/latest/gcp_micro_mri/latest/wif_providers_gs3-github-main-deploy.json,CI/CD & Cloud Run DevOps,GitHub Actions / GCP WIF,Active,genesis-system3-web,4756f5a0e,Size: 214 bytes | Head SHA: 4756f5a0e
reports/latest/live_proof_center/LATEST/api/deploy_info.json,CI/CD & Cloud Run DevOps,GitHub Actions / GCP WIF,Active,genesis-system3-web,4756f5a0e,Size: 711 bytes | Head SHA: 4756f5a0e
reports/latest/live_proof_center/LATEST/api/deploy_info_alias.json,CI/CD & Cloud Run DevOps,GitHub Actions / GCP WIF,Active,genesis-system3-web,4756f5a0e,Size: 711 bytes | Head SHA: 4756f5a0e
reports/latest/live_proof_center/from_actions_32953835848/latest/live_proof_center/LATEST/api/deploy_info.json,CI/CD & Cloud Run DevOps,GitHub Actions / GCP WIF,Active,genesis-system3-web,4756f5a0e,Size: 156 bytes | Head SHA: 4756f5a0e
reports/latest/live_proof_center/from_actions_32953835848/latest/live_proof_center/LATEST/api/deploy_info_alias.json,CI/CD & Cloud Run DevOps,GitHub Actions / GCP WIF,Active,genesis-system3-web,4756f5a0e,Size: 154 bytes | Head SHA: 4756f5a0e
reports/latest/post369_live_proof_20260827_000506/api_deploy_info.json,CI/CD & Cloud Run DevOps,GitHub Actions / GCP WIF,Active,genesis-system3-web,4756f5a0e,Size: 472 bytes | Head SHA: 4756f5a0e
reports/latest/render_deploy_commit_proof/summary.json,CI/CD & Cloud Run DevOps,GitHub Actions / GCP WIF,Active,genesis-system3-web,4756f5a0e,Size: 724 bytes | Head SHA: 4756f5a0e
reports/latest/render_deploy_commit_proof/summary.md,CI/CD & Cloud Run DevOps,GitHub Actions / GCP WIF,Active,genesis-system3-web,4756f5a0e,Size: 376 bytes | Head SHA: 4756f5a0e
reports/latest/render_deployment_alternatives/CHATGPT_RENDER_DEPLOYMENT_PROOF_20260704.md,CI/CD & Cloud Run DevOps,GitHub Actions / GCP WIF,Active,genesis-system3-web,4756f5a0e,Size: 5080 bytes | Head SHA: 4756f5a0e
reports/latest/render_memory_stabilization/deploy_plan.md,CI/CD & Cloud Run DevOps,GitHub Actions / GCP WIF,Active,genesis-system3-web,4756f5a0e,Size: 1521 bytes | Head SHA: 4756f5a0e
reports/latest/repo_path_audit/live_deploy_info.json,CI/CD & Cloud Run DevOps,GitHub Actions / GCP WIF,Active,genesis-system3-web,4756f5a0e,Size: 470 bytes | Head SHA: 4756f5a0e
reports/latest/rhui_v22_verify/api_deploy_info.json,CI/CD & Cloud Run DevOps,GitHub Actions / GCP WIF,Active,genesis-system3-web,4756f5a0e,Size: 581 bytes | Head SHA: 4756f5a0e
reports/latest/rhui_v22_verify/cross_verify_20260826T080731Z/api_deploy_info.json,CI/CD & Cloud Run DevOps,GitHub Actions / GCP WIF,Active,genesis-system3-web,4756f5a0e,Size: 537 bytes | Head SHA: 4756f5a0e
reports/latest/rhui_v22_verify/deploy_run_32923767070.json,CI/CD & Cloud Run DevOps,GitHub Actions / GCP WIF,Active,genesis-system3-web,4756f5a0e,Size: 276 bytes | Head SHA: 4756f5a0e
scripts/gcp_cloud_run_auto_deploy.py,CI/CD & Cloud Run DevOps,GitHub Actions / GCP WIF,Active,genesis-system3-web,4756f5a0e,Size: 13368 bytes | Head SHA: 4756f5a0e
scripts/gcp_cloud_run_auto_deploy_digest_guard.py,CI/CD & Cloud Run DevOps,GitHub Actions / GCP WIF,Active,genesis-system3-web,4756f5a0e,Size: 1263 bytes | Head SHA: 4756f5a0e
scripts/gcp_cloud_run_auto_deploy_impl.py,CI/CD & Cloud Run DevOps,GitHub Actions / GCP WIF,Active,genesis-system3-web,4756f5a0e,Size: 23856 bytes | Head SHA: 4756f5a0e
scripts/system3_resolve_runtime_deploy_sha.py,CI/CD & Cloud Run DevOps,GitHub Actions / GCP WIF,Active,genesis-system3-web,4756f5a0e,Size: 3509 bytes | Head SHA: 4756f5a0e
tests/test_cloud_run_startup_deploy_contract.py,CI/CD & Cloud Run DevOps,GitHub Actions / GCP WIF,Active,genesis-system3-web,4756f5a0e,Size: 2199 bytes | Head SHA: 4756f5a0e
tools/dashboard_deploy_provenance_gate.py,CI/CD & Cloud Run DevOps,GitHub Actions / GCP WIF,Active,genesis-system3-web,4756f5a0e,Size: 5735 bytes | Head SHA: 4756f5a0e
tools/monitor_deployment.py,CI/CD & Cloud Run DevOps,GitHub Actions / GCP WIF,Active,genesis-system3-web,4756f5a0e,Size: 1053 bytes | Head SHA: 4756f5a0e
tools/verify_live_production_deployment.py,CI/CD & Cloud Run DevOps,GitHub Actions / GCP WIF,Active,genesis-system3-web,4756f5a0e,Size: 3597 bytes | Head SHA: 4756f5a0e
audit_6c08cadc-a6cf-46e2-96ad-932ec6f0cdfd_20260829T122940Z/scheduler_desc.json,Cloud Orchestration,Job Scheduler / Runner,Active,genesis-system3-dhan-token-rotate-daily,4756f5a0e,Size: 2136 bytes | Head SHA: 4756f5a0e
audit_6c08cadc-a6cf-46e2-96ad-932ec6f0cdfd_20260829T122940Z/scheduler_logs.json,Cloud Orchestration,Job Scheduler / Runner,Active,genesis-system3-dhan-token-rotate-daily,4756f5a0e,Size: 10 bytes | Head SHA: 4756f5a0e
config/system3_job_scheduler.json,Cloud Orchestration,Job Scheduler / Runner,Active,genesis-system3-dhan-token-rotate-daily,4756f5a0e,Size: 13196 bytes | Head SHA: 4756f5a0e
config/system3_scheduler_catchup_policy.json,Cloud Orchestration,Job Scheduler / Runner,Active,genesis-system3-dhan-token-rotate-daily,4756f5a0e,Size: 6788 bytes | Head SHA: 4756f5a0e
core/engine/system3_phase82_job_scheduler.py,Cloud Orchestration,Job Scheduler / Runner,Active,genesis-system3-dhan-token-rotate-daily,4756f5a0e,Size: 20625 bytes | Head SHA: 4756f5a0e
core/engine/system3_scheduler_catchup.py,Cloud Orchestration,Job Scheduler / Runner,Active,genesis-system3-dhan-token-rotate-daily,4756f5a0e,Size: 16085 bytes | Head SHA: 4756f5a0e
dashboard/backend/scheduler_contract.py,Cloud Orchestration,Job Scheduler / Runner,Active,genesis-system3-dhan-token-rotate-daily,4756f5a0e,Size: 4286 bytes | Head SHA: 4756f5a0e
deploy/runner/Dockerfile,Cloud Orchestration,Job Scheduler / Runner,Active,genesis-system3-dhan-token-rotate-daily,4756f5a0e,Size: 1407 bytes | Head SHA: 4756f5a0e
deploy/runner/entrypoint.sh,Cloud Orchestration,Job Scheduler / Runner,Active,genesis-system3-dhan-token-rotate-daily,4756f5a0e,Size: 9096 bytes | Head SHA: 4756f5a0e
deploy/runner/run-audit.ps1,Cloud Orchestration,Job Scheduler / Runner,Active,genesis-system3-dhan-token-rotate-daily,4756f5a0e,Size: 1173 bytes | Head SHA: 4756f5a0e
deploy/runner/runbook-audit-schema.json,Cloud Orchestration,Job Scheduler / Runner,Active,genesis-system3-dhan-token-rotate-daily,4756f5a0e,Size: 1275 bytes | Head SHA: 4756f5a0e
docs/handoffs/MRI_GMAIL_SCHEDULER_5MIN_CONTROL_PLAN.md,Cloud Orchestration,Job Scheduler / Runner,Active,genesis-system3-dhan-token-rotate-daily,4756f5a0e,Size: 18320 bytes | Head SHA: 4756f5a0e
docs/project_audit/oracle_runner_setup_guide.md,Cloud Orchestration,Job Scheduler / Runner,Active,genesis-system3-dhan-token-rotate-daily,4756f5a0e,Size: 2541 bytes | Head SHA: 4756f5a0e
reports/coordination/scheduler_health_gate/20260822T103306Z_canary.json,Cloud Orchestration,Job Scheduler / Runner,Active,genesis-system3-dhan-token-rotate-daily,4756f5a0e,Size: 1235 bytes | Head SHA: 4756f5a0e
reports/latest/autonomous_kickoff_scheduler_health.json,Cloud Orchestration,Job Scheduler / Runner,Active,genesis-system3-dhan-token-rotate-daily,4756f5a0e,Size: 13193 bytes | Head SHA: 4756f5a0e
reports/latest/full_cross_verify_20260826_193000/scheduler_health.json,Cloud Orchestration,Job Scheduler / Runner,Active,genesis-system3-dhan-token-rotate-daily,4756f5a0e,Size: 6996 bytes | Head SHA: 4756f5a0e
reports/latest/gcp_full_mri_20260826/api_scheduler_health.json,Cloud Orchestration,Job Scheduler / Runner,Active,genesis-system3-dhan-token-rotate-daily,4756f5a0e,Size: 8645 bytes | Head SHA: 4756f5a0e
reports/latest/gcp_full_mri_20260826/scheduler_jobs.json,Cloud Orchestration,Job Scheduler / Runner,Active,genesis-system3-dhan-token-rotate-daily,4756f5a0e,Size: 9788 bytes | Head SHA: 4756f5a0e
reports/latest/gcp_micro_mri/20260826T043801Z/live_api_scheduler_health.json,Cloud Orchestration,Job Scheduler / Runner,Active,genesis-system3-dhan-token-rotate-daily,4756f5a0e,Size: 8645 bytes | Head SHA: 4756f5a0e
reports/latest/gcp_micro_mri/20260826T043801Z/run_job_exec_genesis-system3-scheduler-collector.json,Cloud Orchestration,Job Scheduler / Runner,Active,genesis-system3-dhan-token-rotate-daily,4756f5a0e,Size: 55821 bytes | Head SHA: 4756f5a0e
reports/latest/gcp_micro_mri/20260826T043801Z/run_job_genesis-system3-scheduler-collector.json,Cloud Orchestration,Job Scheduler / Runner,Active,genesis-system3-dhan-token-rotate-daily,4756f5a0e,Size: 4319 bytes | Head SHA: 4756f5a0e
reports/latest/gcp_micro_mri/20260826T043801Z/sa_iam_gs3-scheduler-collector.json,Cloud Orchestration,Job Scheduler / Runner,Active,genesis-system3-dhan-token-rotate-daily,4756f5a0e,Size: 259 bytes | Head SHA: 4756f5a0e
reports/latest/gcp_micro_mri/20260826T043801Z/sa_iam_gs3-scheduler.json,Cloud Orchestration,Job Scheduler / Runner,Active,genesis-system3-dhan-token-rotate-daily,4756f5a0e,Size: 354 bytes | Head SHA: 4756f5a0e
reports/latest/gcp_micro_mri/20260826T043801Z/sa_iam_system3-scheduler.json,Cloud Orchestration,Job Scheduler / Runner,Active,genesis-system3-dhan-token-rotate-daily,4756f5a0e,Size: 22 bytes | Head SHA: 4756f5a0e
reports/latest/gcp_micro_mri/20260826T043801Z/sa_keys_gs3-scheduler-collector.json,Cloud Orchestration,Job Scheduler / Runner,Active,genesis-system3-dhan-token-rotate-daily,4756f5a0e,Size: 1191 bytes | Head SHA: 4756f5a0e
reports/latest/gcp_micro_mri/20260826T043801Z/sa_keys_gs3-scheduler.json,Cloud Orchestration,Job Scheduler / Runner,Active,genesis-system3-dhan-token-rotate-daily,4756f5a0e,Size: 1161 bytes | Head SHA: 4756f5a0e
reports/latest/gcp_micro_mri/20260826T043801Z/sa_keys_system3-scheduler.json,Cloud Orchestration,Job Scheduler / Runner,Active,genesis-system3-dhan-token-rotate-daily,4756f5a0e,Size: 783 bytes | Head SHA: 4756f5a0e
reports/latest/gcp_micro_mri/20260826T043801Z/scheduler_genesis-system3-forecast-daily.json,Cloud Orchestration,Job Scheduler / Runner,Active,genesis-system3-dhan-token-rotate-daily,4756f5a0e,Size: 1126 bytes | Head SHA: 4756f5a0e
reports/latest/gcp_micro_mri/20260826T043801Z/scheduler_genesis-system3-forecast-schedule.json,Cloud Orchestration,Job Scheduler / Runner,Active,genesis-system3-dhan-token-rotate-daily,4756f5a0e,Size: 908 bytes | Head SHA: 4756f5a0e
reports/latest/gcp_micro_mri/20260826T043801Z/scheduler_genesis-system3-rank-daily.json,Cloud Orchestration,Job Scheduler / Runner,Active,genesis-system3-dhan-token-rotate-daily,4756f5a0e,Size: 1115 bytes | Head SHA: 4756f5a0e
reports/latest/gcp_micro_mri/20260826T043801Z/scheduler_genesis-system3-rank-schedule.json,Cloud Orchestration,Job Scheduler / Runner,Active,genesis-system3-dhan-token-rotate-daily,4756f5a0e,Size: 887 bytes | Head SHA: 4756f5a0e
reports/latest/gcp_micro_mri/20260826T043801Z/scheduler_genesis-system3-scheduler-collector-every-minute.json,Cloud Orchestration,Job Scheduler / Runner,Active,genesis-system3-dhan-token-rotate-daily,4756f5a0e,Size: 1073 bytes | Head SHA: 4756f5a0e
reports/latest/gcp_micro_mri/20260826T043801Z/scheduler_genesis-system3-signals-daily.json,Cloud Orchestration,Job Scheduler / Runner,Active,genesis-system3-dhan-token-rotate-daily,4756f5a0e,Size: 1118 bytes | Head SHA: 4756f5a0e
reports/latest/gcp_micro_mri/20260826T043801Z/scheduler_genesis-system3-signals-schedule.json,Cloud Orchestration,Job Scheduler / Runner,Active,genesis-system3-dhan-token-rotate-daily,4756f5a0e,Size: 896 bytes | Head SHA: 4756f5a0e
reports/latest/gcp_micro_mri/20260826T043801Z/scheduler_genesis-system3-validate-daily.json,Cloud Orchestration,Job Scheduler / Runner,Active,genesis-system3-dhan-token-rotate-daily,4756f5a0e,Size: 1036 bytes | Head SHA: 4756f5a0e
reports/latest/gcp_micro_mri/20260826T043801Z/scheduler_jobs.json,Cloud Orchestration,Job Scheduler / Runner,Active,genesis-system3-dhan-token-rotate-daily,4756f5a0e,Size: 9785 bytes | Head SHA: 4756f5a0e
reports/latest/gcp_micro_mri/20260826T050025Z/live_live_api_scheduler_health.json,Cloud Orchestration,Job Scheduler / Runner,Active,genesis-system3-dhan-token-rotate-daily,4756f5a0e,Size: 8706 bytes | Head SHA: 4756f5a0e
reports/latest/gcp_micro_mri/20260826T050025Z/run_job_exec_genesis-system3-scheduler-collector.json,Cloud Orchestration,Job Scheduler / Runner,Active,genesis-system3-dhan-token-rotate-daily,4756f5a0e,Size: 55899 bytes | Head SHA: 4756f5a0e
reports/latest/gcp_micro_mri/20260826T050025Z/run_job_genesis-system3-scheduler-collector.json,Cloud Orchestration,Job Scheduler / Runner,Active,genesis-system3-dhan-token-rotate-daily,4756f5a0e,Size: 4319 bytes | Head SHA: 4756f5a0e
reports/latest/gcp_micro_mri/20260826T050025Z/sa_iam_gs3-scheduler-collector.json,Cloud Orchestration,Job Scheduler / Runner,Active,genesis-system3-dhan-token-rotate-daily,4756f5a0e,Size: 259 bytes | Head SHA: 4756f5a0e
reports/latest/gcp_micro_mri/20260826T050025Z/sa_iam_gs3-scheduler.json,Cloud Orchestration,Job Scheduler / Runner,Active,genesis-system3-dhan-token-rotate-daily,4756f5a0e,Size: 354 bytes | Head SHA: 4756f5a0e
reports/latest/gcp_micro_mri/20260826T050025Z/sa_iam_system3-scheduler.json,Cloud Orchestration,Job Scheduler / Runner,Active,genesis-system3-dhan-token-rotate-daily,4756f5a0e,Size: 22 bytes | Head SHA: 4756f5a0e
reports/latest/gcp_micro_mri/20260826T050025Z/sa_keys_gs3-scheduler-collector.json,Cloud Orchestration,Job Scheduler / Runner,Active,genesis-system3-dhan-token-rotate-daily,4756f5a0e,Size: 1191 bytes | Head SHA: 4756f5a0e
reports/latest/gcp_micro_mri/20260826T050025Z/sa_keys_gs3-scheduler.json,Cloud Orchestration,Job Scheduler / Runner,Active,genesis-system3-dhan-token-rotate-daily,4756f5a0e,Size: 1161 bytes | Head SHA: 4756f5a0e
reports/latest/gcp_micro_mri/20260826T050025Z/sa_keys_system3-scheduler.json,Cloud Orchestration,Job Scheduler / Runner,Active,genesis-system3-dhan-token-rotate-daily,4756f5a0e,Size: 783 bytes | Head SHA: 4756f5a0e
reports/latest/gcp_micro_mri/20260826T050025Z/scheduler_genesis-system3-forecast-daily.json,Cloud Orchestration,Job Scheduler / Runner,Active,genesis-system3-dhan-token-rotate-daily,4756f5a0e,Size: 1126 bytes | Head SHA: 4756f5a0e
reports/latest/gcp_micro_mri/20260826T050025Z/scheduler_genesis-system3-forecast-schedule.json,Cloud Orchestration,Job Scheduler / Runner,Active,genesis-system3-dhan-token-rotate-daily,4756f5a0e,Size: 908 bytes | Head SHA: 4756f5a0e
reports/latest/gcp_micro_mri/20260826T050025Z/scheduler_genesis-system3-rank-daily.json,Cloud Orchestration,Job Scheduler / Runner,Active,genesis-system3-dhan-token-rotate-daily,4756f5a0e,Size: 1115 bytes | Head SHA: 4756f5a0e
reports/latest/gcp_micro_mri/20260826T050025Z/scheduler_genesis-system3-rank-schedule.json,Cloud Orchestration,Job Scheduler / Runner,Active,genesis-system3-dhan-token-rotate-daily,4756f5a0e,Size: 887 bytes | Head SHA: 4756f5a0e
reports/latest/gcp_micro_mri/20260826T050025Z/scheduler_genesis-system3-scheduler-collector-every-minute.json,Cloud Orchestration,Job Scheduler / Runner,Active,genesis-system3-dhan-token-rotate-daily,4756f5a0e,Size: 1073 bytes | Head SHA: 4756f5a0e
reports/latest/gcp_micro_mri/20260826T050025Z/scheduler_genesis-system3-signals-daily.json,Cloud Orchestration,Job Scheduler / Runner,Active,genesis-system3-dhan-token-rotate-daily,4756f5a0e,Size: 1118 bytes | Head SHA: 4756f5a0e
reports/latest/gcp_micro_mri/20260826T050025Z/scheduler_genesis-system3-signals-schedule.json,Cloud Orchestration,Job Scheduler / Runner,Active,genesis-system3-dhan-token-rotate-daily,4756f5a0e,Size: 896 bytes | Head SHA: 4756f5a0e
reports/latest/gcp_micro_mri/20260826T050025Z/scheduler_genesis-system3-validate-daily.json,Cloud Orchestration,Job Scheduler / Runner,Active,genesis-system3-dhan-token-rotate-daily,4756f5a0e,Size: 1036 bytes | Head SHA: 4756f5a0e
reports/latest/gcp_micro_mri/20260826T050025Z/scheduler_jobs.json,Cloud Orchestration,Job Scheduler / Runner,Active,genesis-system3-dhan-token-rotate-daily,4756f5a0e,Size: 9788 bytes | Head SHA: 4756f5a0e
reports/latest/gcp_micro_mri/latest/live_api_scheduler_health.json,Cloud Orchestration,Job Scheduler / Runner,Active,genesis-system3-dhan-token-rotate-daily,4756f5a0e,Size: 8645 bytes | Head SHA: 4756f5a0e
reports/latest/gcp_micro_mri/latest/live_live_api_scheduler_health.json,Cloud Orchestration,Job Scheduler / Runner,Active,genesis-system3-dhan-token-rotate-daily,4756f5a0e,Size: 8706 bytes | Head SHA: 4756f5a0e
reports/latest/gcp_micro_mri/latest/run_job_exec_genesis-system3-scheduler-collector.json,Cloud Orchestration,Job Scheduler / Runner,Active,genesis-system3-dhan-token-rotate-daily,4756f5a0e,Size: 55899 bytes | Head SHA: 4756f5a0e
reports/latest/gcp_micro_mri/latest/run_job_genesis-system3-scheduler-collector.json,Cloud Orchestration,Job Scheduler / Runner,Active,genesis-system3-dhan-token-rotate-daily,4756f5a0e,Size: 4319 bytes | Head SHA: 4756f5a0e
reports/latest/gcp_micro_mri/latest/sa_iam_gs3-scheduler-collector.json,Cloud Orchestration,Job Scheduler / Runner,Active,genesis-system3-dhan-token-rotate-daily,4756f5a0e,Size: 259 bytes | Head SHA: 4756f5a0e
reports/latest/gcp_micro_mri/latest/sa_iam_gs3-scheduler.json,Cloud Orchestration,Job Scheduler / Runner,Active,genesis-system3-dhan-token-rotate-daily,4756f5a0e,Size: 354 bytes | Head SHA: 4756f5a0e
reports/latest/gcp_micro_mri/latest/sa_iam_system3-scheduler.json,Cloud Orchestration,Job Scheduler / Runner,Active,genesis-system3-dhan-token-rotate-daily,4756f5a0e,Size: 22 bytes | Head SHA: 4756f5a0e
reports/latest/gcp_micro_mri/latest/sa_keys_gs3-scheduler-collector.json,Cloud Orchestration,Job Scheduler / Runner,Active,genesis-system3-dhan-token-rotate-daily,4756f5a0e,Size: 1191 bytes | Head SHA: 4756f5a0e
reports/latest/gcp_micro_mri/latest/sa_keys_gs3-scheduler.json,Cloud Orchestration,Job Scheduler / Runner,Active,genesis-system3-dhan-token-rotate-daily,4756f5a0e,Size: 1161 bytes | Head SHA: 4756f5a0e
reports/latest/gcp_micro_mri/latest/sa_keys_system3-scheduler.json,Cloud Orchestration,Job Scheduler / Runner,Active,genesis-system3-dhan-token-rotate-daily,4756f5a0e,Size: 783 bytes | Head SHA: 4756f5a0e
reports/latest/gcp_micro_mri/latest/scheduler_genesis-system3-forecast-daily.json,Cloud Orchestration,Job Scheduler / Runner,Active,genesis-system3-dhan-token-rotate-daily,4756f5a0e,Size: 1126 bytes | Head SHA: 4756f5a0e
reports/latest/gcp_micro_mri/latest/scheduler_genesis-system3-forecast-schedule.json,Cloud Orchestration,Job Scheduler / Runner,Active,genesis-system3-dhan-token-rotate-daily,4756f5a0e,Size: 908 bytes | Head SHA: 4756f5a0e
reports/latest/gcp_micro_mri/latest/scheduler_genesis-system3-rank-daily.json,Cloud Orchestration,Job Scheduler / Runner,Active,genesis-system3-dhan-token-rotate-daily,4756f5a0e,Size: 1115 bytes | Head SHA: 4756f5a0e
reports/latest/gcp_micro_mri/latest/scheduler_genesis-system3-rank-schedule.json,Cloud Orchestration,Job Scheduler / Runner,Active,genesis-system3-dhan-token-rotate-daily,4756f5a0e,Size: 887 bytes | Head SHA: 4756f5a0e
reports/latest/gcp_micro_mri/latest/scheduler_genesis-system3-scheduler-collector-every-minute.json,Cloud Orchestration,Job Scheduler / Runner,Active,genesis-system3-dhan-token-rotate-daily,4756f5a0e,Size: 1073 bytes | Head SHA: 4756f5a0e
reports/latest/gcp_micro_mri/latest/scheduler_genesis-system3-signals-daily.json,Cloud Orchestration,Job Scheduler / Runner,Active,genesis-system3-dhan-token-rotate-daily,4756f5a0e,Size: 1118 bytes | Head SHA: 4756f5a0e
reports/latest/gcp_micro_mri/latest/scheduler_genesis-system3-signals-schedule.json,Cloud Orchestration,Job Scheduler / Runner,Active,genesis-system3-dhan-token-rotate-daily,4756f5a0e,Size: 896 bytes | Head SHA: 4756f5a0e
reports/latest/gcp_micro_mri/latest/scheduler_genesis-system3-validate-daily.json,Cloud Orchestration,Job Scheduler / Runner,Active,genesis-system3-dhan-token-rotate-daily,4756f5a0e,Size: 1036 bytes | Head SHA: 4756f5a0e
reports/latest/gcp_micro_mri/latest/scheduler_jobs.json,Cloud Orchestration,Job Scheduler / Runner,Active,genesis-system3-dhan-token-rotate-daily,4756f5a0e,Size: 9788 bytes | Head SHA: 4756f5a0e
reports/latest/live_proof_center/LATEST/api/scheduler_health.json,Cloud Orchestration,Job Scheduler / Runner,Active,genesis-system3-dhan-token-rotate-daily,4756f5a0e,Size: 9284 bytes | Head SHA: 4756f5a0e
reports/latest/live_proof_center/from_actions_32953835848/latest/live_proof_center/LATEST/api/scheduler_health.json,Cloud Orchestration,Job Scheduler / Runner,Active,genesis-system3-dhan-token-rotate-daily,4756f5a0e,Size: 9033 bytes | Head SHA: 4756f5a0e
reports/latest/market_session_proof_runner/start.json,Cloud Orchestration,Job Scheduler / Runner,Active,genesis-system3-dhan-token-rotate-daily,4756f5a0e,Size: 347 bytes | Head SHA: 4756f5a0e
reports/latest/market_session_proof_runner/summary.json,Cloud Orchestration,Job Scheduler / Runner,Active,genesis-system3-dhan-token-rotate-daily,4756f5a0e,Size: 695 bytes | Head SHA: 4756f5a0e
reports/latest/market_session_proof_runner/summary.md,Cloud Orchestration,Job Scheduler / Runner,Active,genesis-system3-dhan-token-rotate-daily,4756f5a0e,Size: 692 bytes | Head SHA: 4756f5a0e
reports/latest/mri_plan/MRI_GMAIL_SCHEDULER_5MIN_CONTROL_PLAN.md,Cloud Orchestration,Job Scheduler / Runner,Active,genesis-system3-dhan-token-rotate-daily,4756f5a0e,Size: 18320 bytes | Head SHA: 4756f5a0e
reports/latest/mri_watch/_loop_runner.ps1,Cloud Orchestration,Job Scheduler / Runner,Active,genesis-system3-dhan-token-rotate-daily,4756f5a0e,Size: 358 bytes | Head SHA: 4756f5a0e
reports/latest/post369_live_proof_20260827_000506/api_scheduler_health.json,Cloud Orchestration,Job Scheduler / Runner,Active,genesis-system3-dhan-token-rotate-daily,4756f5a0e,Size: 7048 bytes | Head SHA: 4756f5a0e
reports/latest/rhui_v22_verify/api_scheduler_health.json,Cloud Orchestration,Job Scheduler / Runner,Active,genesis-system3-dhan-token-rotate-daily,4756f5a0e,Size: 13192 bytes | Head SHA: 4756f5a0e
reports/latest/rhui_v22_verify/cross_verify_20260826T080731Z/api_scheduler_health.json,Cloud Orchestration,Job Scheduler / Runner,Active,genesis-system3-dhan-token-rotate-daily,4756f5a0e,Size: 8644 bytes | Head SHA: 4756f5a0e
reports/latest/safe_repair_runner/summary.json,Cloud Orchestration,Job Scheduler / Runner,Active,genesis-system3-dhan-token-rotate-daily,4756f5a0e,Size: 8716 bytes | Head SHA: 4756f5a0e
reports/latest/safe_repair_runner/summary.md,Cloud Orchestration,Job Scheduler / Runner,Active,genesis-system3-dhan-token-rotate-daily,4756f5a0e,Size: 2488 bytes | Head SHA: 4756f5a0e
reports/latest/scheduler_catchup/catchup_policy_summary.json,Cloud Orchestration,Job Scheduler / Runner,Active,genesis-system3-dhan-token-rotate-daily,4756f5a0e,Size: 2555 bytes | Head SHA: 4756f5a0e
reports/latest/scheduler_catchup/catchup_policy_summary.md,Cloud Orchestration,Job Scheduler / Runner,Active,genesis-system3-dhan-token-rotate-daily,4756f5a0e,Size: 3230 bytes | Head SHA: 4756f5a0e
reports/latest/scheduler_catchup/test_summary.json,Cloud Orchestration,Job Scheduler / Runner,Active,genesis-system3-dhan-token-rotate-daily,4756f5a0e,Size: 2611 bytes | Head SHA: 4756f5a0e
reports/latest/scheduler_catchup/test_summary.md,Cloud Orchestration,Job Scheduler / Runner,Active,genesis-system3-dhan-token-rotate-daily,4756f5a0e,Size: 2272 bytes | Head SHA: 4756f5a0e
runner.py,Cloud Orchestration,Job Scheduler / Runner,Active,genesis-system3-dhan-token-rotate-daily,4756f5a0e,Size: 13513 bytes | Head SHA: 4756f5a0e
scripts/multi_test_runner.py,Cloud Orchestration,Job Scheduler / Runner,Active,genesis-system3-dhan-token-rotate-daily,4756f5a0e,Size: 3865 bytes | Head SHA: 4756f5a0e
scripts/scheduler_health_gate.py,Cloud Orchestration,Job Scheduler / Runner,Active,genesis-system3-dhan-token-rotate-daily,4756f5a0e,Size: 9069 bytes | Head SHA: 4756f5a0e
scripts/system3_control_plane_runner.py,Cloud Orchestration,Job Scheduler / Runner,Active,genesis-system3-dhan-token-rotate-daily,4756f5a0e,Size: 8724 bytes | Head SHA: 4756f5a0e
scripts/system3_lifetime_research_runner.py,Cloud Orchestration,Job Scheduler / Runner,Active,genesis-system3-dhan-token-rotate-daily,4756f5a0e,Size: 974 bytes | Head SHA: 4756f5a0e
scripts/system3_mri_gmail_scheduler_watch.py,Cloud Orchestration,Job Scheduler / Runner,Active,genesis-system3-dhan-token-rotate-daily,4756f5a0e,Size: 22699 bytes | Head SHA: 4756f5a0e
state/proposals/codex_scheduler_tests_proposal_2026-06-13.md,Cloud Orchestration,Job Scheduler / Runner,Active,genesis-system3-dhan-token-rotate-daily,4756f5a0e,Size: 23618 bytes | Head SHA: 4756f5a0e
system3_ultra_daily_runner.py,Cloud Orchestration,Job Scheduler / Runner,Active,genesis-system3-dhan-token-rotate-daily,4756f5a0e,Size: 4351 bytes | Head SHA: 4756f5a0e
tests/evals/test_eval_scheduler_health_gate.py,Cloud Orchestration,Job Scheduler / Runner,Active,genesis-system3-dhan-token-rotate-daily,4756f5a0e,Size: 943 bytes | Head SHA: 4756f5a0e
tests/test_scheduler_catchup.py,Cloud Orchestration,Job Scheduler / Runner,Active,genesis-system3-dhan-token-rotate-daily,4756f5a0e,Size: 12943 bytes | Head SHA: 4756f5a0e
tests/test_scheduler_contract.py,Cloud Orchestration,Job Scheduler / Runner,Active,genesis-system3-dhan-token-rotate-daily,4756f5a0e,Size: 1602 bytes | Head SHA: 4756f5a0e
tests/test_scheduler_health_gate.py,Cloud Orchestration,Job Scheduler / Runner,Active,genesis-system3-dhan-token-rotate-daily,4756f5a0e,Size: 8473 bytes | Head SHA: 4756f5a0e
tools/deploy_and_pr_runner.py,Cloud Orchestration,Job Scheduler / Runner,Active,genesis-system3-dhan-token-rotate-daily,4756f5a0e,Size: 2426 bytes | Head SHA: 4756f5a0e
tools/local_ci_runner.py,Cloud Orchestration,Job Scheduler / Runner,Active,genesis-system3-dhan-token-rotate-daily,4756f5a0e,Size: 8740 bytes | Head SHA: 4756f5a0e
tools/system3_safe_repair_runner.py,Cloud Orchestration,Job Scheduler / Runner,Active,genesis-system3-dhan-token-rotate-daily,4756f5a0e,Size: 8264 bytes | Head SHA: 4756f5a0e
core/cloud_storage.py,Cloud Storage & State SSOT,Firestore & GCS Layer,Active,gs://system3-openalgo-safe-artifacts,4756f5a0e,Size: 4769 bytes | Head SHA: 4756f5a0e
core/data/selftest_storage.py,Cloud Storage & State SSOT,Firestore & GCS Layer,Active,gs://system3-openalgo-safe-artifacts,4756f5a0e,Size: 736 bytes | Head SHA: 4756f5a0e
core/data/storage_manager.py,Cloud Storage & State SSOT,Firestore & GCS Layer,Active,gs://system3-openalgo-safe-artifacts,4756f5a0e,Size: 877 bytes | Head SHA: 4756f5a0e
core/engine/storage/history/HEALTHCHECK_20251209_210028.json,Cloud Storage & State SSOT,Firestore & GCS Layer,Active,gs://system3-openalgo-safe-artifacts,4756f5a0e,Size: 20 bytes | Head SHA: 4756f5a0e
core/engine/storage/history/HIST_BTCUSDT_20251209_210803.json,Cloud Storage & State SSOT,Firestore & GCS Layer,Active,gs://system3-openalgo-safe-artifacts,4756f5a0e,Size: 862 bytes | Head SHA: 4756f5a0e
core/engine/storage/history/LIVE_BTCUSDT_20251209_210803.json,Cloud Storage & State SSOT,Firestore & GCS Layer,Active,gs://system3-openalgo-safe-artifacts,4756f5a0e,Size: 46 bytes | Head SHA: 4756f5a0e
core/engine/storage/metrics/ensemble_performance_392.json,Cloud Storage & State SSOT,Firestore & GCS Layer,Active,gs://system3-openalgo-safe-artifacts,4756f5a0e,Size: 352 bytes | Head SHA: 4756f5a0e
core/engine/system3_phase148_storage_inventory.py,Cloud Storage & State SSOT,Firestore & GCS Layer,Active,gs://system3-openalgo-safe-artifacts,4756f5a0e,Size: 4712 bytes | Head SHA: 4756f5a0e
dashboard/backend/firestore_state_backend.py,Cloud Storage & State SSOT,Firestore & GCS Layer,Active,gs://system3-openalgo-safe-artifacts,4756f5a0e,Size: 31885 bytes | Head SHA: 4756f5a0e
reports/latest/gcp_micro_mri/20260826T043801Z/firestore_databases.json,Cloud Storage & State SSOT,Firestore & GCS Layer,Active,gs://system3-openalgo-safe-artifacts,4756f5a0e,Size: 865 bytes | Head SHA: 4756f5a0e
reports/latest/gcp_micro_mri/20260826T050025Z/firestore_databases.json,Cloud Storage & State SSOT,Firestore & GCS Layer,Active,gs://system3-openalgo-safe-artifacts,4756f5a0e,Size: 865 bytes | Head SHA: 4756f5a0e
reports/latest/gcp_micro_mri/latest/firestore_databases.json,Cloud Storage & State SSOT,Firestore & GCS Layer,Active,gs://system3-openalgo-safe-artifacts,4756f5a0e,Size: 865 bytes | Head SHA: 4756f5a0e
reports/local/repo_clean_forensic/09_git_storage_and_largest_history_blobs.json,Cloud Storage & State SSOT,Firestore & GCS Layer,Active,gs://system3-openalgo-safe-artifacts,4756f5a0e,Size: 19913 bytes | Head SHA: 4756f5a0e
reports/local/repo_clean_forensic/10_github_storage_actions_artifacts_caches.json,Cloud Storage & State SSOT,Firestore & GCS Layer,Active,gs://system3-openalgo-safe-artifacts,4756f5a0e,Size: 58 bytes | Head SHA: 4756f5a0e
src/storage/sqlite_store.py,Cloud Storage & State SSOT,Firestore & GCS Layer,Active,gs://system3-openalgo-safe-artifacts,4756f5a0e,Size: 9947 bytes | Head SHA: 4756f5a0e
src/storage/trade_history.py,Cloud Storage & State SSOT,Firestore & GCS Layer,Active,gs://system3-openalgo-safe-artifacts,4756f5a0e,Size: 5027 bytes | Head SHA: 4756f5a0e
storage/instruments/OpenAPIScripMaster.json,Cloud Storage & State SSOT,Firestore & GCS Layer,Active,gs://system3-openalgo-safe-artifacts,4756f5a0e,Size: 30723329 bytes | Head SHA: 4756f5a0e
storage/instruments/api-scrip-master-detailed.csv,Cloud Storage & State SSOT,Firestore & GCS Layer,Active,gs://system3-openalgo-safe-artifacts,4756f5a0e,Size: 0 bytes | Head SHA: 4756f5a0e
storage/instruments/api-scrip-master.csv,Cloud Storage & State SSOT,Firestore & GCS Layer,Active,gs://system3-openalgo-safe-artifacts,4756f5a0e,Size: 0 bytes | Head SHA: 4756f5a0e
tests/test_firestore_state_backend.py,Cloud Storage & State SSOT,Firestore & GCS Layer,Active,gs://system3-openalgo-safe-artifacts,4756f5a0e,Size: 19091 bytes | Head SHA: 4756f5a0e
tests/test_gcp_firestore_runtime_iam_contract.py,Cloud Storage & State SSOT,Firestore & GCS Layer,Active,gs://system3-openalgo-safe-artifacts,4756f5a0e,Size: 3246 bytes | Head SHA: 4756f5a0e
dashboard/frontend/package-lock.json,Frontend Dashboard,React / Vite UI Component,Active,/ui,4756f5a0e,Size: 179552 bytes | Head SHA: 4756f5a0e
dashboard/frontend/package.json,Frontend Dashboard,React / Vite UI Component,Active,/ui,4756f5a0e,Size: 1293 bytes | Head SHA: 4756f5a0e
dashboard/frontend/postcss.config.js,Frontend Dashboard,React / Vite UI Component,Active,/ui,4756f5a0e,Size: 80 bytes | Head SHA: 4756f5a0e
dashboard/frontend/scripts/ui_obs_contract.mjs,Frontend Dashboard,React / Vite UI Component,Active,/ui,4756f5a0e,Size: 8952 bytes | Head SHA: 4756f5a0e
dashboard/frontend/src/App.tsx,Frontend Dashboard,React / Vite UI Component,Active,/ui,4756f5a0e,Size: 6246 bytes | Head SHA: 4756f5a0e
dashboard/frontend/src/components/AdvancedCharts.tsx,Frontend Dashboard,React / Vite UI Component,Active,/ui,4756f5a0e,Size: 12895 bytes | Head SHA: 4756f5a0e
dashboard/frontend/src/components/AgentConsole.tsx,Frontend Dashboard,React / Vite UI Component,Active,/ui,4756f5a0e,Size: 12269 bytes | Head SHA: 4756f5a0e
dashboard/frontend/src/components/Alerts.tsx,Frontend Dashboard,React / Vite UI Component,Active,/ui,4756f5a0e,Size: 4153 bytes | Head SHA: 4756f5a0e
dashboard/frontend/src/components/AlertsTab.tsx,Frontend Dashboard,React / Vite UI Component,Active,/ui,4756f5a0e,Size: 8109 bytes | Head SHA: 4756f5a0e
dashboard/frontend/src/components/AppSelfTest.tsx,Frontend Dashboard,React / Vite UI Component,Active,/ui,4756f5a0e,Size: 7094 bytes | Head SHA: 4756f5a0e
dashboard/frontend/src/components/AuthUnlock.tsx,Frontend Dashboard,React / Vite UI Component,Active,/ui,4756f5a0e,Size: 831 bytes | Head SHA: 4756f5a0e
dashboard/frontend/src/components/AutonomousLoopBanner.tsx,Frontend Dashboard,React / Vite UI Component,Active,/ui,4756f5a0e,Size: 8411 bytes | Head SHA: 4756f5a0e
dashboard/frontend/src/components/BackendConnectivityBanner.tsx,Frontend Dashboard,React / Vite UI Component,Active,/ui,4756f5a0e,Size: 2747 bytes | Head SHA: 4756f5a0e
dashboard/frontend/src/components/ContinuousClosureBoard.tsx,Frontend Dashboard,React / Vite UI Component,Active,/ui,4756f5a0e,Size: 6887 bytes | Head SHA: 4756f5a0e
dashboard/frontend/src/components/ControlPlane.tsx,Frontend Dashboard,React / Vite UI Component,Active,/ui,4756f5a0e,Size: 17734 bytes | Head SHA: 4756f5a0e
dashboard/frontend/src/components/DataSourceWarning.tsx,Frontend Dashboard,React / Vite UI Component,Active,/ui,4756f5a0e,Size: 2788 bytes | Head SHA: 4756f5a0e
dashboard/frontend/src/components/DeploymentTruthFooter.tsx,Frontend Dashboard,React / Vite UI Component,Active,/ui,4756f5a0e,Size: 1451 bytes | Head SHA: 4756f5a0e
dashboard/frontend/src/components/EmptyState.tsx,Frontend Dashboard,React / Vite UI Component,Active,/ui,4756f5a0e,Size: 1021 bytes | Head SHA: 4756f5a0e
dashboard/frontend/src/components/EndToEndProof.tsx,Frontend Dashboard,React / Vite UI Component,Active,/ui,4756f5a0e,Size: 12043 bytes | Head SHA: 4756f5a0e
dashboard/frontend/src/components/ErrorBanner.test.tsx,Frontend Dashboard,React / Vite UI Component,Active,/ui,4756f5a0e,Size: 1195 bytes | Head SHA: 4756f5a0e
dashboard/frontend/src/components/ErrorBanner.tsx,Frontend Dashboard,React / Vite UI Component,Active,/ui,4756f5a0e,Size: 2350 bytes | Head SHA: 4756f5a0e
dashboard/frontend/src/components/ErrorBoundary.test.tsx,Frontend Dashboard,React / Vite UI Component,Active,/ui,4756f5a0e,Size: 1388 bytes | Head SHA: 4756f5a0e
dashboard/frontend/src/components/ErrorBoundary.tsx,Frontend Dashboard,React / Vite UI Component,Active,/ui,4756f5a0e,Size: 1942 bytes | Head SHA: 4756f5a0e
dashboard/frontend/src/components/GenesisTab.tsx,Frontend Dashboard,React / Vite UI Component,Active,/ui,4756f5a0e,Size: 20070 bytes | Head SHA: 4756f5a0e
dashboard/frontend/src/components/LiveTradingGate.tsx,Frontend Dashboard,React / Vite UI Component,Active,/ui,4756f5a0e,Size: 4869 bytes | Head SHA: 4756f5a0e
dashboard/frontend/src/components/MarketTopCePeTable.tsx,Frontend Dashboard,React / Vite UI Component,Active,/ui,4756f5a0e,Size: 12942 bytes | Head SHA: 4756f5a0e
dashboard/frontend/src/components/MobileTradingHub.tsx,Frontend Dashboard,React / Vite UI Component,Active,/ui,4756f5a0e,Size: 5090 bytes | Head SHA: 4756f5a0e
dashboard/frontend/src/components/Overview.tsx,Frontend Dashboard,React / Vite UI Component,Active,/ui,4756f5a0e,Size: 18237 bytes | Head SHA: 4756f5a0e
dashboard/frontend/src/components/PerformanceTab.tsx,Frontend Dashboard,React / Vite UI Component,Active,/ui,4756f5a0e,Size: 11080 bytes | Head SHA: 4756f5a0e
dashboard/frontend/src/components/RiskDashboard.tsx,Frontend Dashboard,React / Vite UI Component,Active,/ui,4756f5a0e,Size: 8653 bytes | Head SHA: 4756f5a0e
dashboard/frontend/src/components/Sidebar.tsx,Frontend Dashboard,React / Vite UI Component,Active,/ui,4756f5a0e,Size: 7106 bytes | Head SHA: 4756f5a0e
dashboard/frontend/src/components/Signals.tsx,Frontend Dashboard,React / Vite UI Component,Active,/ui,4756f5a0e,Size: 16255 bytes | Head SHA: 4756f5a0e
dashboard/frontend/src/components/SignalsTab.tsx,Frontend Dashboard,React / Vite UI Component,Active,/ui,4756f5a0e,Size: 4770 bytes | Head SHA: 4756f5a0e
dashboard/frontend/src/components/SystemHealthDiagnostics.tsx,Frontend Dashboard,React / Vite UI Component,Active,/ui,4756f5a0e,Size: 4917 bytes | Head SHA: 4756f5a0e
dashboard/frontend/src/components/SystemProgressPanel.tsx,Frontend Dashboard,React / Vite UI Component,Active,/ui,4756f5a0e,Size: 14004 bytes | Head SHA: 4756f5a0e
dashboard/frontend/src/components/SystemTab.tsx,Frontend Dashboard,React / Vite UI Component,Active,/ui,4756f5a0e,Size: 7705 bytes | Head SHA: 4756f5a0e
dashboard/frontend/src/components/SystemTruthControl.tsx,Frontend Dashboard,React / Vite UI Component,Active,/ui,4756f5a0e,Size: 12124 bytes | Head SHA: 4756f5a0e
dashboard/frontend/src/components/TopBar.tsx,Frontend Dashboard,React / Vite UI Component,Active,/ui,4756f5a0e,Size: 12375 bytes | Head SHA: 4756f5a0e
dashboard/frontend/src/components/TradeTab.tsx,Frontend Dashboard,React / Vite UI Component,Active,/ui,4756f5a0e,Size: 8484 bytes | Head SHA: 4756f5a0e
dashboard/frontend/src/components/ui/Pill.tsx,Frontend Dashboard,React / Vite UI Component,Active,/ui,4756f5a0e,Size: 987 bytes | Head SHA: 4756f5a0e
dashboard/frontend/src/components/ui/PriceCell.tsx,Frontend Dashboard,React / Vite UI Component,Active,/ui,4756f5a0e,Size: 922 bytes | Head SHA: 4756f5a0e
dashboard/frontend/src/components/ui/StatusDot.tsx,Frontend Dashboard,React / Vite UI Component,Active,/ui,4756f5a0e,Size: 501 bytes | Head SHA: 4756f5a0e
dashboard/frontend/src/components/workspaces/DataIntegrity.tsx,Frontend Dashboard,React / Vite UI Component,Active,/ui,4756f5a0e,Size: 8504 bytes | Head SHA: 4756f5a0e
dashboard/frontend/src/components/workspaces/DecisionIntelligence.tsx,Frontend Dashboard,React / Vite UI Component,Active,/ui,4756f5a0e,Size: 12880 bytes | Head SHA: 4756f5a0e
dashboard/frontend/src/components/workspaces/PredictionAudit.tsx,Frontend Dashboard,React / Vite UI Component,Active,/ui,4756f5a0e,Size: 13265 bytes | Head SHA: 4756f5a0e
dashboard/frontend/src/components/workspaces/RiskAndScenarios.tsx,Frontend Dashboard,React / Vite UI Component,Active,/ui,4756f5a0e,Size: 4220 bytes | Head SHA: 4756f5a0e
dashboard/frontend/src/components/workspaces/TruthUI.tsx,Frontend Dashboard,React / Vite UI Component,Active,/ui,4756f5a0e,Size: 5694 bytes | Head SHA: 4756f5a0e
dashboard/frontend/src/config.ts,Frontend Dashboard,React / Vite UI Component,Active,/ui,4756f5a0e,Size: 1416 bytes | Head SHA: 4756f5a0e
dashboard/frontend/src/fix_any_types.sh,Frontend Dashboard,React / Vite UI Component,Active,/ui,4756f5a0e,Size: 754 bytes | Head SHA: 4756f5a0e
dashboard/frontend/src/hooks/useData.ts,Frontend Dashboard,React / Vite UI Component,Active,/ui,4756f5a0e,Size: 31505 bytes | Head SHA: 4756f5a0e
dashboard/frontend/src/hooks/useWebSocket.ts,Frontend Dashboard,React / Vite UI Component,Active,/ui,4756f5a0e,Size: 7566 bytes | Head SHA: 4756f5a0e
dashboard/frontend/src/hooks/useWebSocketProd.ts,Frontend Dashboard,React / Vite UI Component,Active,/ui,4756f5a0e,Size: 7937 bytes | Head SHA: 4756f5a0e
dashboard/frontend/src/lib/alertTruth.ts,Frontend Dashboard,React / Vite UI Component,Active,/ui,4756f5a0e,Size: 1411 bytes | Head SHA: 4756f5a0e
dashboard/frontend/src/lib/formatLive.ts,Frontend Dashboard,React / Vite UI Component,Active,/ui,4756f5a0e,Size: 1280 bytes | Head SHA: 4756f5a0e
dashboard/frontend/src/lib/healthTruth.ts,Frontend Dashboard,React / Vite UI Component,Active,/ui,4756f5a0e,Size: 2476 bytes | Head SHA: 4756f5a0e
dashboard/frontend/src/lib/statusTone.ts,Frontend Dashboard,React / Vite UI Component,Active,/ui,4756f5a0e,Size: 993 bytes | Head SHA: 4756f5a0e
dashboard/frontend/src/lib/utils.ts,Frontend Dashboard,React / Vite UI Component,Active,/ui,4756f5a0e,Size: 1243 bytes | Head SHA: 4756f5a0e
dashboard/frontend/src/main.tsx,Frontend Dashboard,React / Vite UI Component,Active,/ui,4756f5a0e,Size: 571 bytes | Head SHA: 4756f5a0e
dashboard/frontend/src/store.ts,Frontend Dashboard,React / Vite UI Component,Active,/ui,4756f5a0e,Size: 5896 bytes | Head SHA: 4756f5a0e
dashboard/frontend/src/test-setup.ts,Frontend Dashboard,React / Vite UI Component,Active,/ui,4756f5a0e,Size: 35 bytes | Head SHA: 4756f5a0e
dashboard/frontend/src/utils/marketHours.ts,Frontend Dashboard,React / Vite UI Component,Active,/ui,4756f5a0e,Size: 3672 bytes | Head SHA: 4756f5a0e
dashboard/frontend/src/vite-env.d.ts,Frontend Dashboard,React / Vite UI Component,Active,/ui,4756f5a0e,Size: 111 bytes | Head SHA: 4756f5a0e
dashboard/frontend/tailwind.config.js,Frontend Dashboard,React / Vite UI Component,Active,/ui,4756f5a0e,Size: 712 bytes | Head SHA: 4756f5a0e
dashboard/frontend/tsconfig.json,Frontend Dashboard,React / Vite UI Component,Active,/ui,4756f5a0e,Size: 511 bytes | Head SHA: 4756f5a0e
dashboard/frontend/tsconfig.node.json,Frontend Dashboard,React / Vite UI Component,Active,/ui,4756f5a0e,Size: 213 bytes | Head SHA: 4756f5a0e
dashboard/frontend/vite.config.ts,Frontend Dashboard,React / Vite UI Component,Active,/ui,4756f5a0e,Size: 973 bytes | Head SHA: 4756f5a0e
.cursor/extensions.json,General Core & Utilities,Utility Script / Module,Active,N/A,4756f5a0e,Size: 3212 bytes | Head SHA: 4756f5a0e
.cursor/settings.json,General Core & Utilities,Utility Script / Module,Active,N/A,4756f5a0e,Size: 76 bytes | Head SHA: 4756f5a0e
.devcontainer/devcontainer.json,General Core & Utilities,Utility Script / Module,Active,N/A,4756f5a0e,Size: 344 bytes | Head SHA: 4756f5a0e
.scripts/system3_authority_inventory.py,General Core & Utilities,Utility Script / Module,Active,N/A,4756f5a0e,Size: 6654 bytes | Head SHA: 4756f5a0e
CHANGE_LOG.md,General Core & Utilities,Utility Script / Module,Active,N/A,4756f5a0e,Size: 95239 bytes | Head SHA: 4756f5a0e
COMPREHENSIVE_FIX_PLAN.md,General Core & Utilities,Utility Script / Module,Active,N/A,4756f5a0e,Size: 1431 bytes | Head SHA: 4756f5a0e
Dockerfile,General Core & Utilities,Utility Script / Module,Active,N/A,4756f5a0e,Size: 522 bytes | Head SHA: 4756f5a0e
GEMINI.md,General Core & Utilities,Utility Script / Module,Active,N/A,4756f5a0e,Size: 4636 bytes | Head SHA: 4756f5a0e
GENESIS_10K_BAAP.py,General Core & Utilities,Utility Script / Module,Active,N/A,4756f5a0e,Size: 3416 bytes | Head SHA: 4756f5a0e
GOVERNANCE.md,General Core & Utilities,Utility Script / Module,Active,N/A,4756f5a0e,Size: 5511 bytes | Head SHA: 4756f5a0e
README.md,General Core & Utilities,Utility Script / Module,Active,N/A,4756f5a0e,Size: 2679 bytes | Head SHA: 4756f5a0e
SYSTEM3_BLOCKER_REGISTER.md,General Core & Utilities,Utility Script / Module,Active,N/A,4756f5a0e,Size: 6111 bytes | Head SHA: 4756f5a0e
SYSTEM3_MASTER_MRI_TRACKER.csv,General Core & Utilities,Utility Script / Module,Active,N/A,4756f5a0e,Size: 12440 bytes | Head SHA: 4756f5a0e
SYSTEM3_MASTER_TRACKER.md,General Core & Utilities,Utility Script / Module,Active,N/A,4756f5a0e,Size: 5340 bytes | Head SHA: 4756f5a0e
SYSTEM3_MICRO_MRI_INVENTORY.csv,General Core & Utilities,Utility Script / Module,Active,N/A,4756f5a0e,Size: 598756 bytes | Head SHA: 4756f5a0e
SYSTEM_STATE.md,General Core & Utilities,Utility Script / Module,Active,N/A,4756f5a0e,Size: 17725 bytes | Head SHA: 4756f5a0e
advanced_prediction_enhancer.py,General Core & Utilities,Utility Script / Module,Active,N/A,4756f5a0e,Size: 7113 bytes | Head SHA: 4756f5a0e
audit_6c08cadc-a6cf-46e2-96ad-932ec6f0cdfd_20260829T122940Z/api_api_health.json,General Core & Utilities,Utility Script / Module,Active,N/A,4756f5a0e,Size: 725 bytes | Head SHA: 4756f5a0e
audit_6c08cadc-a6cf-46e2-96ad-932ec6f0cdfd_20260829T122940Z/api_api_runbook_audit.json,General Core & Utilities,Utility Script / Module,Active,N/A,4756f5a0e,Size: 463 bytes | Head SHA: 4756f5a0e
audit_6c08cadc-a6cf-46e2-96ad-932ec6f0cdfd_20260829T122940Z/cloudrun_describe.json,General Core & Utilities,Utility Script / Module,Active,N/A,4756f5a0e,Size: 10453 bytes | Head SHA: 4756f5a0e
audit_6c08cadc-a6cf-46e2-96ad-932ec6f0cdfd_20260829T122940Z/final_audit.json,General Core & Utilities,Utility Script / Module,Active,N/A,4756f5a0e,Size: 686 bytes | Head SHA: 4756f5a0e
audit_6c08cadc-a6cf-46e2-96ad-932ec6f0cdfd_20260829T122940Z/health.json,General Core & Utilities,Utility Script / Module,Active,N/A,4756f5a0e,Size: 725 bytes | Head SHA: 4756f5a0e
audit_6c08cadc-a6cf-46e2-96ad-932ec6f0cdfd_20260829T122940Z/run_manifest.json,General Core & Utilities,Utility Script / Module,Active,N/A,4756f5a0e,Size: 525 bytes | Head SHA: 4756f5a0e
audit_6c08cadc-a6cf-46e2-96ad-932ec6f0cdfd_20260829T122940Z/sa_keys.json,General Core & Utilities,Utility Script / Module,Active,N/A,4756f5a0e,Size: 2364 bytes | Head SHA: 4756f5a0e
audit_6c08cadc-a6cf-46e2-96ad-932ec6f0cdfd_20260829T122940Z/secrets_access_logs.json,General Core & Utilities,Utility Script / Module,Active,N/A,4756f5a0e,Size: 10 bytes | Head SHA: 4756f5a0e
audit_6c08cadc-a6cf-46e2-96ad-932ec6f0cdfd_20260829T122940Z/secrets_list.json,General Core & Utilities,Utility Script / Module,Active,N/A,4756f5a0e,Size: 4738 bytes | Head SHA: 4756f5a0e
check_build_requirements.py,General Core & Utilities,Utility Script / Module,Active,N/A,4756f5a0e,Size: 5393 bytes | Head SHA: 4756f5a0e
check_integrity.py,General Core & Utilities,Utility Script / Module,Active,N/A,4756f5a0e,Size: 2449 bytes | Head SHA: 4756f5a0e
complete_end_to_end_validation.py,General Core & Utilities,Utility Script / Module,Active,N/A,4756f5a0e,Size: 12316 bytes | Head SHA: 4756f5a0e
comprehensive_pre_build_validation.py,General Core & Utilities,Utility Script / Module,Active,N/A,4756f5a0e,Size: 15143 bytes | Head SHA: 4756f5a0e
comprehensive_qc_audit.py,General Core & Utilities,Utility Script / Module,Active,N/A,4756f5a0e,Size: 21924 bytes | Head SHA: 4756f5a0e
config/__init__.py,General Core & Utilities,Utility Script / Module,Active,N/A,4756f5a0e,Size: 0 bytes | Head SHA: 4756f5a0e
config/cloud_runtime.json,General Core & Utilities,Utility Script / Module,Active,N/A,4756f5a0e,Size: 668 bytes | Head SHA: 4756f5a0e
config/git_workflow_config.json,General Core & Utilities,Utility Script / Module,Active,N/A,4756f5a0e,Size: 1344 bytes | Head SHA: 4756f5a0e
config/human_approval_gate.json,General Core & Utilities,Utility Script / Module,Active,N/A,4756f5a0e,Size: 666 bytes | Head SHA: 4756f5a0e
config/kill_switch.json,General Core & Utilities,Utility Script / Module,Active,N/A,4756f5a0e,Size: 553 bytes | Head SHA: 4756f5a0e
config/live_trade_config.json,General Core & Utilities,Utility Script / Module,Active,N/A,4756f5a0e,Size: 305 bytes | Head SHA: 4756f5a0e
config/live_trade_config.py,General Core & Utilities,Utility Script / Module,Active,N/A,4756f5a0e,Size: 3962 bytes | Head SHA: 4756f5a0e
config/nse_fo_universe.json,General Core & Utilities,Utility Script / Module,Active,N/A,4756f5a0e,Size: 655 bytes | Head SHA: 4756f5a0e
config/quant_alpha_targets.json,General Core & Utilities,Utility Script / Module,Active,N/A,4756f5a0e,Size: 769 bytes | Head SHA: 4756f5a0e
config/runtime_config.json,General Core & Utilities,Utility Script / Module,Active,N/A,4756f5a0e,Size: 437 bytes | Head SHA: 4756f5a0e
config/runtime_flags.json,General Core & Utilities,Utility Script / Module,Active,N/A,4756f5a0e,Size: 514 bytes | Head SHA: 4756f5a0e
config/system3_config.json,General Core & Utilities,Utility Script / Module,Active,N/A,4756f5a0e,Size: 180 bytes | Head SHA: 4756f5a0e
config/system3_live_schema.json,General Core & Utilities,Utility Script / Module,Active,N/A,4756f5a0e,Size: 811 bytes | Head SHA: 4756f5a0e
config/system3_operator_override.json,General Core & Utilities,Utility Script / Module,Active,N/A,4756f5a0e,Size: 88 bytes | Head SHA: 4756f5a0e
config/system_config.py,General Core & Utilities,Utility Script / Module,Active,N/A,4756f5a0e,Size: 179 bytes | Head SHA: 4756f5a0e
continuous_learning_system.py,General Core & Utilities,Utility Script / Module,Active,N/A,4756f5a0e,Size: 15111 bytes | Head SHA: 4756f5a0e
core/__init__.py,General Core & Utilities,Utility Script / Module,Active,N/A,4756f5a0e,Size: 0 bytes | Head SHA: 4756f5a0e
core/config/cloud_runtime.py,General Core & Utilities,Utility Script / Module,Active,N/A,4756f5a0e,Size: 3316 bytes | Head SHA: 4756f5a0e
core/config/live_trade_config_loader.py,General Core & Utilities,Utility Script / Module,Active,N/A,4756f5a0e,Size: 2052 bytes | Head SHA: 4756f5a0e
core/config/system3_active_profile.json,General Core & Utilities,Utility Script / Module,Active,N/A,4756f5a0e,Size: 36 bytes | Head SHA: 4756f5a0e
core/config/system3_ultra_safety.json,General Core & Utilities,Utility Script / Module,Active,N/A,4756f5a0e,Size: 165 bytes | Head SHA: 4756f5a0e
core/data/__init__ - Copy - Copy - Copy (3).py,General Core & Utilities,Utility Script / Module,Active,N/A,4756f5a0e,Size: 0 bytes | Head SHA: 4756f5a0e
core/data/__init__.py,General Core & Utilities,Utility Script / Module,Active,N/A,4756f5a0e,Size: 0 bytes | Head SHA: 4756f5a0e
core/data/datasource_manager.py,General Core & Utilities,Utility Script / Module,Active,N/A,4756f5a0e,Size: 26259 bytes | Head SHA: 4756f5a0e
core/data/history_fetcher.py,General Core & Utilities,Utility Script / Module,Active,N/A,4756f5a0e,Size: 5722 bytes | Head SHA: 4756f5a0e
core/data/instruments_cache.py,General Core & Utilities,Utility Script / Module,Active,N/A,4756f5a0e,Size: 7755 bytes | Head SHA: 4756f5a0e
core/data/instruments_master.py,General Core & Utilities,Utility Script / Module,Active,N/A,4756f5a0e,Size: 4620 bytes | Head SHA: 4756f5a0e
core/data/lake/__init__.py,General Core & Utilities,Utility Script / Module,Active,N/A,4756f5a0e,Size: 821 bytes | Head SHA: 4756f5a0e
core/data/lake/backoff.py,General Core & Utilities,Utility Script / Module,Active,N/A,4756f5a0e,Size: 1171 bytes | Head SHA: 4756f5a0e
core/data/lake/circuit_breaker.py,General Core & Utilities,Utility Script / Module,Active,N/A,4756f5a0e,Size: 1947 bytes | Head SHA: 4756f5a0e
core/data/lake/gcs_parquet_writer.py,General Core & Utilities,Utility Script / Module,Active,N/A,4756f5a0e,Size: 4119 bytes | Head SHA: 4756f5a0e
core/data/lake/partitioning.py,General Core & Utilities,Utility Script / Module,Active,N/A,4756f5a0e,Size: 4478 bytes | Head SHA: 4756f5a0e
core/data/lake/secrets.py,General Core & Utilities,Utility Script / Module,Active,N/A,4756f5a0e,Size: 2804 bytes | Head SHA: 4756f5a0e
core/data/lake/ws_ingest_client.py,General Core & Utilities,Utility Script / Module,Active,N/A,4756f5a0e,Size: 8930 bytes | Head SHA: 4756f5a0e
core/data/live_fetcher.py,General Core & Utilities,Utility Script / Module,Active,N/A,4756f5a0e,Size: 251 bytes | Head SHA: 4756f5a0e
core/data/nse_provider.py,General Core & Utilities,Utility Script / Module,Active,N/A,4756f5a0e,Size: 6547 bytes | Head SHA: 4756f5a0e
core/data/nse_session.py,General Core & Utilities,Utility Script / Module,Active,N/A,4756f5a0e,Size: 572 bytes | Head SHA: 4756f5a0e
core/engine/__init__.py,General Core & Utilities,Utility Script / Module,Active,N/A,4756f5a0e,Size: 0 bytes | Head SHA: 4756f5a0e
core/engine/config/system3_config.json,General Core & Utilities,Utility Script / Module,Active,N/A,4756f5a0e,Size: 180 bytes | Head SHA: 4756f5a0e
core/engine/ensemble_predictor.py,General Core & Utilities,Utility Script / Module,Active,N/A,4756f5a0e,Size: 19575 bytes | Head SHA: 4756f5a0e
core/engine/entry_exit_engine/__init__.py,General Core & Utilities,Utility Script / Module,Active,N/A,4756f5a0e,Size: 273 bytes | Head SHA: 4756f5a0e
core/engine/greeks_engine/__init__.py,General Core & Utilities,Utility Script / Module,Active,N/A,4756f5a0e,Size: 199 bytes | Head SHA: 4756f5a0e
core/engine/greeks_engine/greeks_calculator.py,General Core & Utilities,Utility Script / Module,Active,N/A,4756f5a0e,Size: 6867 bytes | Head SHA: 4756f5a0e
core/engine/health_check.py,General Core & Utilities,Utility Script / Module,Active,N/A,4756f5a0e,Size: 788 bytes | Head SHA: 4756f5a0e
core/engine/main_launcher.py,General Core & Utilities,Utility Script / Module,Active,N/A,4756f5a0e,Size: 730 bytes | Head SHA: 4756f5a0e
core/engine/merge_key_normalizer.py,General Core & Utilities,Utility Script / Module,Active,N/A,4756f5a0e,Size: 11381 bytes | Head SHA: 4756f5a0e
core/engine/scoring_engine/__init__.py,General Core & Utilities,Utility Script / Module,Active,N/A,4756f5a0e,Size: 183 bytes | Head SHA: 4756f5a0e
core/engine/scoring_engine/signal_scorer.py,General Core & Utilities,Utility Script / Module,Active,N/A,4756f5a0e,Size: 11917 bytes | Head SHA: 4756f5a0e
core/engine/scoring_engine/threshold_calibrator.py,General Core & Utilities,Utility Script / Module,Active,N/A,4756f5a0e,Size: 2404 bytes | Head SHA: 4756f5a0e
core/engine/system3_auto_heal_orchestrator.py,General Core & Utilities,Utility Script / Module,Active,N/A,4756f5a0e,Size: 18824 bytes | Head SHA: 4756f5a0e
core/engine/system3_lstm_utils.py,General Core & Utilities,Utility Script / Module,Active,N/A,4756f5a0e,Size: 9636 bytes | Head SHA: 4756f5a0e
core/engine/system3_phase100_final_certification.py,General Core & Utilities,Utility Script / Module,Active,N/A,4756f5a0e,Size: 4903 bytes | Head SHA: 4756f5a0e
core/engine/system3_phase101_live_trade_config_check.py,General Core & Utilities,Utility Script / Module,Active,N/A,4756f5a0e,Size: 5108 bytes | Head SHA: 4756f5a0e
core/engine/system3_phase105_ledger_integrity_check.py,General Core & Utilities,Utility Script / Module,Active,N/A,4756f5a0e,Size: 6008 bytes | Head SHA: 4756f5a0e
core/engine/system3_phase106_dryrun_execution_bridge.py,General Core & Utilities,Utility Script / Module,Active,N/A,4756f5a0e,Size: 6124 bytes | Head SHA: 4756f5a0e
core/engine/system3_phase107_live_execution_engine.py,General Core & Utilities,Utility Script / Module,Active,N/A,4756f5a0e,Size: 10332 bytes | Head SHA: 4756f5a0e
core/engine/system3_phase109_intraday_risk_guard.py,General Core & Utilities,Utility Script / Module,Active,N/A,4756f5a0e,Size: 5062 bytes | Head SHA: 4756f5a0e
core/engine/system3_phase111_live_session_brain.py,General Core & Utilities,Utility Script / Module,Active,N/A,4756f5a0e,Size: 5148 bytes | Head SHA: 4756f5a0e
core/engine/system3_phase112_session_loop_controller.py,General Core & Utilities,Utility Script / Module,Active,N/A,4756f5a0e,Size: 6758 bytes | Head SHA: 4756f5a0e
core/engine/system3_phase113_kill_switch_monitor.py,General Core & Utilities,Utility Script / Module,Active,N/A,4756f5a0e,Size: 2703 bytes | Head SHA: 4756f5a0e
core/engine/system3_phase114_live_session_health.py,General Core & Utilities,Utility Script / Module,Active,N/A,4756f5a0e,Size: 5827 bytes | Head SHA: 4756f5a0e
core/engine/system3_phase115_intraday_alert_summary.py,General Core & Utilities,Utility Script / Module,Active,N/A,4756f5a0e,Size: 3542 bytes | Head SHA: 4756f5a0e
core/engine/system3_phase116_end_session_auto_stop.py,General Core & Utilities,Utility Script / Module,Active,N/A,4756f5a0e,Size: 3726 bytes | Head SHA: 4756f5a0e
core/engine/system3_phase117_live_to_learning_bridge.py,General Core & Utilities,Utility Script / Module,Active,N/A,4756f5a0e,Size: 5224 bytes | Head SHA: 4756f5a0e
core/engine/system3_phase118_daily_live_pnl_snapshot.py,General Core & Utilities,Utility Script / Module,Active,N/A,4756f5a0e,Size: 5175 bytes | Head SHA: 4756f5a0e
core/engine/system3_phase119_live_safety_audit.py,General Core & Utilities,Utility Script / Module,Active,N/A,4756f5a0e,Size: 6962 bytes | Head SHA: 4756f5a0e
core/engine/system3_phase120_eod_live_summary_pack.py,General Core & Utilities,Utility Script / Module,Active,N/A,4756f5a0e,Size: 7131 bytes | Head SHA: 4756f5a0e
core/engine/system3_phase121_reserved.py,General Core & Utilities,Utility Script / Module,Active,N/A,4756f5a0e,Size: 1081 bytes | Head SHA: 4756f5a0e
core/engine/system3_phase122_reserved.py,General Core & Utilities,Utility Script / Module,Active,N/A,4756f5a0e,Size: 651 bytes | Head SHA: 4756f5a0e
core/engine/system3_phase123_reserved.py,General Core & Utilities,Utility Script / Module,Active,N/A,4756f5a0e,Size: 651 bytes | Head SHA: 4756f5a0e
core/engine/system3_phase124_reserved.py,General Core & Utilities,Utility Script / Module,Active,N/A,4756f5a0e,Size: 651 bytes | Head SHA: 4756f5a0e
core/engine/system3_phase125_reserved.py,General Core & Utilities,Utility Script / Module,Active,N/A,4756f5a0e,Size: 651 bytes | Head SHA: 4756f5a0e
core/engine/system3_phase126_control_panel_stub.py,General Core & Utilities,Utility Script / Module,Active,N/A,4756f5a0e,Size: 681 bytes | Head SHA: 4756f5a0e
core/engine/system3_phase127_control_panel_stub.py,General Core & Utilities,Utility Script / Module,Active,N/A,4756f5a0e,Size: 626 bytes | Head SHA: 4756f5a0e
core/engine/system3_phase128_control_panel_stub.py,General Core & Utilities,Utility Script / Module,Active,N/A,4756f5a0e,Size: 626 bytes | Head SHA: 4756f5a0e
core/engine/system3_phase129_control_panel_stub.py,General Core & Utilities,Utility Script / Module,Active,N/A,4756f5a0e,Size: 626 bytes | Head SHA: 4756f5a0e
core/engine/system3_phase130_control_panel_stub.py,General Core & Utilities,Utility Script / Module,Active,N/A,4756f5a0e,Size: 626 bytes | Head SHA: 4756f5a0e
core/engine/system3_phase131_master_session_config.py,General Core & Utilities,Utility Script / Module,Active,N/A,4756f5a0e,Size: 6369 bytes | Head SHA: 4756f5a0e
core/engine/system3_phase132_master_health_snapshot.py,General Core & Utilities,Utility Script / Module,Active,N/A,4756f5a0e,Size: 6247 bytes | Head SHA: 4756f5a0e
core/engine/system3_phase133_master_safety_guard.py,General Core & Utilities,Utility Script / Module,Active,N/A,4756f5a0e,Size: 7188 bytes | Head SHA: 4756f5a0e
core/engine/system3_phase134_master_session_plan.py,General Core & Utilities,Utility Script / Module,Active,N/A,4756f5a0e,Size: 6428 bytes | Head SHA: 4756f5a0e
core/engine/system3_phase135_master_session_summary.py,General Core & Utilities,Utility Script / Module,Active,N/A,4756f5a0e,Size: 7588 bytes | Head SHA: 4756f5a0e
core/engine/system3_phase137_expiry_calendar_map.py,General Core & Utilities,Utility Script / Module,Active,N/A,4756f5a0e,Size: 4348 bytes | Head SHA: 4756f5a0e
core/engine/system3_phase138_risk_tier_assignment.py,General Core & Utilities,Utility Script / Module,Active,N/A,4756f5a0e,Size: 3620 bytes | Head SHA: 4756f5a0e
core/engine/system3_phase139_lot_margin_estimator.py,General Core & Utilities,Utility Script / Module,Active,N/A,4756f5a0e,Size: 3837 bytes | Head SHA: 4756f5a0e
core/engine/system3_phase140_capital_guardrail.py,General Core & Utilities,Utility Script / Module,Active,N/A,4756f5a0e,Size: 6606 bytes | Head SHA: 4756f5a0e
core/engine/system3_phase141_spread_liquidity_estimator.py,General Core & Utilities,Utility Script / Module,Active,N/A,4756f5a0e,Size: 5375 bytes | Head SHA: 4756f5a0e
core/engine/system3_phase142_slippage_calculator.py,General Core & Utilities,Utility Script / Module,Active,N/A,4756f5a0e,Size: 6934 bytes | Head SHA: 4756f5a0e
core/engine/system3_phase143_execution_quality.py,General Core & Utilities,Utility Script / Module,Active,N/A,4756f5a0e,Size: 5625 bytes | Head SHA: 4756f5a0e
core/engine/system3_phase144_pnl_vs_execution_scenario.py,General Core & Utilities,Utility Script / Module,Active,N/A,4756f5a0e,Size: 8368 bytes | Head SHA: 4756f5a0e
core/engine/system3_phase145_one_lot_health_report.py,General Core & Utilities,Utility Script / Module,Active,N/A,4756f5a0e,Size: 8474 bytes | Head SHA: 4756f5a0e
core/engine/system3_phase146_index_catalog.py,General Core & Utilities,Utility Script / Module,Active,N/A,4756f5a0e,Size: 4325 bytes | Head SHA: 4756f5a0e
core/engine/system3_phase147_config_inventory.py,General Core & Utilities,Utility Script / Module,Active,N/A,4756f5a0e,Size: 4108 bytes | Head SHA: 4756f5a0e
core/engine/system3_phase149_log_inventory.py,General Core & Utilities,Utility Script / Module,Active,N/A,4756f5a0e,Size: 4419 bytes | Head SHA: 4756f5a0e
core/engine/system3_phase150_dependency_graph.py,General Core & Utilities,Utility Script / Module,Active,N/A,4756f5a0e,Size: 6262 bytes | Head SHA: 4756f5a0e
core/engine/system3_phase151_reserved_stub.py,General Core & Utilities,Utility Script / Module,Active,N/A,4756f5a0e,Size: 1471 bytes | Head SHA: 4756f5a0e
core/engine/system3_phase152_reserved_stub.py,General Core & Utilities,Utility Script / Module,Active,N/A,4756f5a0e,Size: 1034 bytes | Head SHA: 4756f5a0e
core/engine/system3_phase153_reserved_stub.py,General Core & Utilities,Utility Script / Module,Active,N/A,4756f5a0e,Size: 1034 bytes | Head SHA: 4756f5a0e
core/engine/system3_phase154_reserved_stub.py,General Core & Utilities,Utility Script / Module,Active,N/A,4756f5a0e,Size: 1034 bytes | Head SHA: 4756f5a0e
core/engine/system3_phase155_reserved_stub.py,General Core & Utilities,Utility Script / Module,Active,N/A,4756f5a0e,Size: 1034 bytes | Head SHA: 4756f5a0e
core/engine/system3_phase156_capital_curve_analysis.py,General Core & Utilities,Utility Script / Module,Active,N/A,4756f5a0e,Size: 6923 bytes | Head SHA: 4756f5a0e
core/engine/system3_phase157_misfire_breakdown.py,General Core & Utilities,Utility Script / Module,Active,N/A,4756f5a0e,Size: 4836 bytes | Head SHA: 4756f5a0e
core/engine/system3_phase158_regime_stability.py,General Core & Utilities,Utility Script / Module,Active,N/A,4756f5a0e,Size: 1946 bytes | Head SHA: 4756f5a0e
core/engine/system3_phase159_threshold_drift.py,General Core & Utilities,Utility Script / Module,Active,N/A,4756f5a0e,Size: 1831 bytes | Head SHA: 4756f5a0e
core/engine/system3_phase160_error_attribution.py,General Core & Utilities,Utility Script / Module,Active,N/A,4756f5a0e,Size: 1857 bytes | Head SHA: 4756f5a0e
core/engine/system3_phase161_170_analysis_stubs.py,General Core & Utilities,Utility Script / Module,Active,N/A,4756f5a0e,Size: 3795 bytes | Head SHA: 4756f5a0e
core/engine/system3_phase161_risk_attribution.py,General Core & Utilities,Utility Script / Module,Active,N/A,4756f5a0e,Size: 1630 bytes | Head SHA: 4756f5a0e
core/engine/system3_phase161_risk_attribution_analysis.py,General Core & Utilities,Utility Script / Module,Active,N/A,4756f5a0e,Size: 2259 bytes | Head SHA: 4756f5a0e
core/engine/system3_phase162_capital_efficiency.py,General Core & Utilities,Utility Script / Module,Active,N/A,4756f5a0e,Size: 1645 bytes | Head SHA: 4756f5a0e
core/engine/system3_phase162_capital_efficiency_analysis.py,General Core & Utilities,Utility Script / Module,Active,N/A,4756f5a0e,Size: 2277 bytes | Head SHA: 4756f5a0e
core/engine/system3_phase163_trade_frequency.py,General Core & Utilities,Utility Script / Module,Active,N/A,4756f5a0e,Size: 1625 bytes | Head SHA: 4756f5a0e
core/engine/system3_phase163_trade_frequency_analysis.py,General Core & Utilities,Utility Script / Module,Active,N/A,4756f5a0e,Size: 2250 bytes | Head SHA: 4756f5a0e
core/engine/system3_phase164_win_rate.py,General Core & Utilities,Utility Script / Module,Active,N/A,4756f5a0e,Size: 1582 bytes | Head SHA: 4756f5a0e
core/engine/system3_phase164_win_rate_analysis.py,General Core & Utilities,Utility Script / Module,Active,N/A,4756f5a0e,Size: 2187 bytes | Head SHA: 4756f5a0e
core/engine/system3_phase165_risk-reward_analysis.py,General Core & Utilities,Utility Script / Module,Active,N/A,4756f5a0e,Size: 2214 bytes | Head SHA: 4756f5a0e
core/engine/system3_phase165_risk_reward.py,General Core & Utilities,Utility Script / Module,Active,N/A,4756f5a0e,Size: 1599 bytes | Head SHA: 4756f5a0e
core/engine/system3_phase166_underlying_performance.py,General Core & Utilities,Utility Script / Module,Active,N/A,4756f5a0e,Size: 1706 bytes | Head SHA: 4756f5a0e
core/engine/system3_phase166_underlying_performance_comparison.py,General Core & Utilities,Utility Script / Module,Active,N/A,4756f5a0e,Size: 2331 bytes | Head SHA: 4756f5a0e
core/engine/system3_phase167_time-of-day_analysis.py,General Core & Utilities,Utility Script / Module,Active,N/A,4756f5a0e,Size: 2214 bytes | Head SHA: 4756f5a0e
core/engine/system3_phase167_time_of_day.py,General Core & Utilities,Utility Script / Module,Active,N/A,4756f5a0e,Size: 1599 bytes | Head SHA: 4756f5a0e
core/engine/system3_phase168_volatility_impact.py,General Core & Utilities,Utility Script / Module,Active,N/A,4756f5a0e,Size: 1656 bytes | Head SHA: 4756f5a0e
core/engine/system3_phase168_volatility_impact_analysis.py,General Core & Utilities,Utility Script / Module,Active,N/A,4756f5a0e,Size: 2268 bytes | Head SHA: 4756f5a0e
core/engine/system3_phase169_confidence_calibration.py,General Core & Utilities,Utility Script / Module,Active,N/A,4756f5a0e,Size: 1691 bytes | Head SHA: 4756f5a0e
core/engine/system3_phase169_confidence_calibration_analysis.py,General Core & Utilities,Utility Script / Module,Active,N/A,4756f5a0e,Size: 2313 bytes | Head SHA: 4756f5a0e
core/engine/system3_phase170_stability_metrics.py,General Core & Utilities,Utility Script / Module,Active,N/A,4756f5a0e,Size: 1638 bytes | Head SHA: 4756f5a0e
core/engine/system3_phase170_stability_metrics_summary.py,General Core & Utilities,Utility Script / Module,Active,N/A,4756f5a0e,Size: 2259 bytes | Head SHA: 4756f5a0e
core/engine/system3_phase171_file_backup.py,General Core & Utilities,Utility Script / Module,Active,N/A,4756f5a0e,Size: 2044 bytes | Head SHA: 4756f5a0e
core/engine/system3_phase172_schema_guard.py,General Core & Utilities,Utility Script / Module,Active,N/A,4756f5a0e,Size: 1531 bytes | Head SHA: 4756f5a0e
core/engine/system3_phase173_holiday_detection.py,General Core & Utilities,Utility Script / Module,Active,N/A,4756f5a0e,Size: 1784 bytes | Head SHA: 4756f5a0e
core/engine/system3_phase175_exception_catalog.py,General Core & Utilities,Utility Script / Module,Active,N/A,4756f5a0e,Size: 1550 bytes | Head SHA: 4756f5a0e
core/engine/system3_phase176_195_infra_stubs.py,General Core & Utilities,Utility Script / Module,Active,N/A,4756f5a0e,Size: 3889 bytes | Head SHA: 4756f5a0e
core/engine/system3_phase176_long_run_summary.py,General Core & Utilities,Utility Script / Module,Active,N/A,4756f5a0e,Size: 1894 bytes | Head SHA: 4756f5a0e
core/engine/system3_phase177_performance_trends.py,General Core & Utilities,Utility Script / Module,Active,N/A,4756f5a0e,Size: 1910 bytes | Head SHA: 4756f5a0e
core/engine/system3_phase178_system_health_dashboard.py,General Core & Utilities,Utility Script / Module,Active,N/A,4756f5a0e,Size: 1950 bytes | Head SHA: 4756f5a0e
core/engine/system3_phase179_resource_usage_summary.py,General Core & Utilities,Utility Script / Module,Active,N/A,4756f5a0e,Size: 1942 bytes | Head SHA: 4756f5a0e
core/engine/system3_phase180_error_rate_analysis.py,General Core & Utilities,Utility Script / Module,Active,N/A,4756f5a0e,Size: 1918 bytes | Head SHA: 4756f5a0e
core/engine/system3_phase181_config_drift_detection.py,General Core & Utilities,Utility Script / Module,Active,N/A,4756f5a0e,Size: 1942 bytes | Head SHA: 4756f5a0e
core/engine/system3_phase182_data_quality_report.py,General Core & Utilities,Utility Script / Module,Active,N/A,4756f5a0e,Size: 1918 bytes | Head SHA: 4756f5a0e
core/engine/system3_phase184_signal_quality_metrics.py,General Core & Utilities,Utility Script / Module,Active,N/A,4756f5a0e,Size: 1942 bytes | Head SHA: 4756f5a0e
core/engine/system3_phase185_trade_execution_summary.py,General Core & Utilities,Utility Script / Module,Active,N/A,4756f5a0e,Size: 1950 bytes | Head SHA: 4756f5a0e
core/engine/system3_phase186_risk_metrics_summary.py,General Core & Utilities,Utility Script / Module,Active,N/A,4756f5a0e,Size: 1926 bytes | Head SHA: 4756f5a0e
core/engine/system3_phase187_capital_utilization_report.py,General Core & Utilities,Utility Script / Module,Active,N/A,4756f5a0e,Size: 1974 bytes | Head SHA: 4756f5a0e
core/engine/system3_phase188_underlying_performance_trends.py,General Core & Utilities,Utility Script / Module,Active,N/A,4756f5a0e,Size: 1998 bytes | Head SHA: 4756f5a0e
core/engine/system3_phase189_time_series_analysis.py,General Core & Utilities,Utility Script / Module,Active,N/A,4756f5a0e,Size: 1926 bytes | Head SHA: 4756f5a0e
core/engine/system3_phase190_correlation_analysis.py,General Core & Utilities,Utility Script / Module,Active,N/A,4756f5a0e,Size: 1926 bytes | Head SHA: 4756f5a0e
core/engine/system3_phase193_system_status_dashboard.py,General Core & Utilities,Utility Script / Module,Active,N/A,4756f5a0e,Size: 1950 bytes | Head SHA: 4756f5a0e
core/engine/system3_phase194_operational_metrics.py,General Core & Utilities,Utility Script / Module,Active,N/A,4756f5a0e,Size: 1918 bytes | Head SHA: 4756f5a0e
core/engine/system3_phase195_master_summary_report.py,General Core & Utilities,Utility Script / Module,Active,N/A,4756f5a0e,Size: 1934 bytes | Head SHA: 4756f5a0e
core/engine/system3_phase196_dry_run_readiness.py,General Core & Utilities,Utility Script / Module,Active,N/A,4756f5a0e,Size: 5174 bytes | Head SHA: 4756f5a0e
core/engine/system3_phase197_micro_capital_test_plan.py,General Core & Utilities,Utility Script / Module,Active,N/A,4756f5a0e,Size: 4006 bytes | Head SHA: 4756f5a0e
core/engine/system3_phase198_human_gate_checklist.py,General Core & Utilities,Utility Script / Module,Active,N/A,4756f5a0e,Size: 3977 bytes | Head SHA: 4756f5a0e
core/engine/system3_phase199_live_mode_guard_stub.py,General Core & Utilities,Utility Script / Module,Active,N/A,4756f5a0e,Size: 3879 bytes | Head SHA: 4756f5a0e
core/engine/system3_phase200_master_status_snapshot.py,General Core & Utilities,Utility Script / Module,Active,N/A,4756f5a0e,Size: 7222 bytes | Head SHA: 4756f5a0e
core/engine/system3_phase201_filesystem_integrity.py,General Core & Utilities,Utility Script / Module,Active,N/A,4756f5a0e,Size: 6044 bytes | Head SHA: 4756f5a0e
core/engine/system3_phase202_permissions_self_repair.py,General Core & Utilities,Utility Script / Module,Active,N/A,4756f5a0e,Size: 8239 bytes | Head SHA: 4756f5a0e
core/engine/system3_phase203_config_consistency.py,General Core & Utilities,Utility Script / Module,Active,N/A,4756f5a0e,Size: 7080 bytes | Head SHA: 4756f5a0e
core/engine/system3_phase204_python_env_validator.py,General Core & Utilities,Utility Script / Module,Active,N/A,4756f5a0e,Size: 5095 bytes | Head SHA: 4756f5a0e
core/engine/system3_phase207_hotfix_registry.py,General Core & Utilities,Utility Script / Module,Active,N/A,4756f5a0e,Size: 4025 bytes | Head SHA: 4756f5a0e
core/engine/system3_phase208_signal_consistency.py,General Core & Utilities,Utility Script / Module,Active,N/A,4756f5a0e,Size: 5754 bytes | Head SHA: 4756f5a0e
core/engine/system3_phase209_duplicate_purger.py,General Core & Utilities,Utility Script / Module,Active,N/A,4756f5a0e,Size: 6028 bytes | Head SHA: 4756f5a0e
core/engine/system3_phase210_timegap_analyzer.py,General Core & Utilities,Utility Script / Module,Active,N/A,4756f5a0e,Size: 5485 bytes | Head SHA: 4756f5a0e
core/engine/system3_phase212_label_quality.py,General Core & Utilities,Utility Script / Module,Active,N/A,4756f5a0e,Size: 4771 bytes | Head SHA: 4756f5a0e
core/engine/system3_phase213_training_window.py,General Core & Utilities,Utility Script / Module,Active,N/A,4756f5a0e,Size: 8051 bytes | Head SHA: 4756f5a0e
core/engine/system3_phase214_hyperparam_snapshot.py,General Core & Utilities,Utility Script / Module,Active,N/A,4756f5a0e,Size: 5327 bytes | Head SHA: 4756f5a0e
core/engine/system3_phase215_overfit_sentinel.py,General Core & Utilities,Utility Script / Module,Active,N/A,4756f5a0e,Size: 3284 bytes | Head SHA: 4756f5a0e
core/engine/system3_phase216_greeks_audit.py,General Core & Utilities,Utility Script / Module,Active,N/A,4756f5a0e,Size: 5229 bytes | Head SHA: 4756f5a0e
core/engine/system3_phase217_vol_regime.py,General Core & Utilities,Utility Script / Module,Active,N/A,4756f5a0e,Size: 5754 bytes | Head SHA: 4756f5a0e
core/engine/system3_phase218_momentum_scanner.py,General Core & Utilities,Utility Script / Module,Active,N/A,4756f5a0e,Size: 6646 bytes | Head SHA: 4756f5a0e
core/engine/system3_phase219_breakout_analyzer.py,General Core & Utilities,Utility Script / Module,Active,N/A,4756f5a0e,Size: 6060 bytes | Head SHA: 4756f5a0e
core/engine/system3_phase220_correlation_map.py,General Core & Utilities,Utility Script / Module,Active,N/A,4756f5a0e,Size: 7784 bytes | Head SHA: 4756f5a0e
core/engine/system3_phase220_historical_aggregation.py,General Core & Utilities,Utility Script / Module,Active,N/A,4756f5a0e,Size: 13926 bytes | Head SHA: 4756f5a0e
core/engine/system3_phase221_forward_returns.py,General Core & Utilities,Utility Script / Module,Active,N/A,4756f5a0e,Size: 13340 bytes | Head SHA: 4756f5a0e
core/engine/system3_phase222_signal_edge.py,General Core & Utilities,Utility Script / Module,Active,N/A,4756f5a0e,Size: 10173 bytes | Head SHA: 4756f5a0e
core/engine/system3_phase223_threshold_optimizer.py,General Core & Utilities,Utility Script / Module,Active,N/A,4756f5a0e,Size: 8662 bytes | Head SHA: 4756f5a0e
core/engine/system3_phase224_score_attribution.py,General Core & Utilities,Utility Script / Module,Active,N/A,4756f5a0e,Size: 6780 bytes | Head SHA: 4756f5a0e
core/engine/system3_phase225_label_reconciliation.py,General Core & Utilities,Utility Script / Module,Active,N/A,4756f5a0e,Size: 6042 bytes | Head SHA: 4756f5a0e
core/engine/system3_phase227_latency_profiler.py,General Core & Utilities,Utility Script / Module,Active,N/A,4756f5a0e,Size: 4950 bytes | Head SHA: 4756f5a0e
core/engine/system3_phase228_snapshot_coverage.py,General Core & Utilities,Utility Script / Module,Active,N/A,4756f5a0e,Size: 5515 bytes | Head SHA: 4756f5a0e
core/engine/system3_phase229_schema_guard.py,General Core & Utilities,Utility Script / Module,Active,N/A,4756f5a0e,Size: 4828 bytes | Head SHA: 4756f5a0e
core/engine/system3_phase230_ai_fallback_audit.py,General Core & Utilities,Utility Script / Module,Active,N/A,4756f5a0e,Size: 5445 bytes | Head SHA: 4756f5a0e
core/engine/system3_phase249_lstm_forward_predictor.py,General Core & Utilities,Utility Script / Module,Active,N/A,4756f5a0e,Size: 16605 bytes | Head SHA: 4756f5a0e
core/engine/system3_phase250_online_learning_manager.py,General Core & Utilities,Utility Script / Module,Active,N/A,4756f5a0e,Size: 19731 bytes | Head SHA: 4756f5a0e
core/engine/system3_phase261_portfolio_risk_analyzer.py,General Core & Utilities,Utility Script / Module,Active,N/A,4756f5a0e,Size: 4875 bytes | Head SHA: 4756f5a0e
core/engine/system3_phase262_multitimeframe_consistency.py,General Core & Utilities,Utility Script / Module,Active,N/A,4756f5a0e,Size: 4571 bytes | Head SHA: 4756f5a0e
core/engine/system3_phase263_advanced_pnl_attribution.py,General Core & Utilities,Utility Script / Module,Active,N/A,4756f5a0e,Size: 4808 bytes | Head SHA: 4756f5a0e
core/engine/system3_phase264_signal_quality_metrics.py,General Core & Utilities,Utility Script / Module,Active,N/A,4756f5a0e,Size: 4260 bytes | Head SHA: 4756f5a0e
core/engine/system3_phase265_execution_quality_analyzer.py,General Core & Utilities,Utility Script / Module,Active,N/A,4756f5a0e,Size: 3300 bytes | Head SHA: 4756f5a0e
core/engine/system3_phase266_capital_efficiency_tracker.py,General Core & Utilities,Utility Script / Module,Active,N/A,4756f5a0e,Size: 3967 bytes | Head SHA: 4756f5a0e
core/engine/system3_phase267_drawdown_analyzer.py,General Core & Utilities,Utility Script / Module,Active,N/A,4756f5a0e,Size: 3903 bytes | Head SHA: 4756f5a0e
core/engine/system3_phase268_sharpe_ratio_calculator.py,General Core & Utilities,Utility Script / Module,Active,N/A,4756f5a0e,Size: 4175 bytes | Head SHA: 4756f5a0e
core/engine/system3_phase269_winrate_by_time.py,General Core & Utilities,Utility Script / Module,Active,N/A,4756f5a0e,Size: 4490 bytes | Head SHA: 4756f5a0e
core/engine/system3_phase270_regime_performance_comparison.py,General Core & Utilities,Utility Script / Module,Active,N/A,4756f5a0e,Size: 5585 bytes | Head SHA: 4756f5a0e
core/engine/system3_phase271_hyperparameter_search.py,General Core & Utilities,Utility Script / Module,Active,N/A,4756f5a0e,Size: 2936 bytes | Head SHA: 4756f5a0e
core/engine/system3_phase274_threshold_auto_tuner.py,General Core & Utilities,Utility Script / Module,Active,N/A,4756f5a0e,Size: 3958 bytes | Head SHA: 4756f5a0e
core/engine/system3_phase276_risk_reward_optimizer.py,General Core & Utilities,Utility Script / Module,Active,N/A,4756f5a0e,Size: 3802 bytes | Head SHA: 4756f5a0e
core/engine/system3_phase277_entry_timing_optimizer.py,General Core & Utilities,Utility Script / Module,Active,N/A,4756f5a0e,Size: 3699 bytes | Head SHA: 4756f5a0e
core/engine/system3_phase278_exit_timing_optimizer.py,General Core & Utilities,Utility Script / Module,Active,N/A,4756f5a0e,Size: 3950 bytes | Head SHA: 4756f5a0e
core/engine/system3_phase279_portfolio_rebalancer.py,General Core & Utilities,Utility Script / Module,Active,N/A,4756f5a0e,Size: 3835 bytes | Head SHA: 4756f5a0e
core/engine/system3_phase281_realtime_performance_monitor.py,General Core & Utilities,Utility Script / Module,Active,N/A,4756f5a0e,Size: 4168 bytes | Head SHA: 4756f5a0e
core/engine/system3_phase282_anomaly_detector.py,General Core & Utilities,Utility Script / Module,Active,N/A,4756f5a0e,Size: 4097 bytes | Head SHA: 4756f5a0e
core/engine/system3_phase283_drift_monitor.py,General Core & Utilities,Utility Script / Module,Active,N/A,4756f5a0e,Size: 3971 bytes | Head SHA: 4756f5a0e
core/engine/system3_phase284_alert_aggregator.py,General Core & Utilities,Utility Script / Module,Active,N/A,4756f5a0e,Size: 2538 bytes | Head SHA: 4756f5a0e
core/engine/system3_phase285_health_dashboard_generator.py,General Core & Utilities,Utility Script / Module,Active,N/A,4756f5a0e,Size: 2797 bytes | Head SHA: 4756f5a0e
core/engine/system3_phase286_performance_degradation_detector.py,General Core & Utilities,Utility Script / Module,Active,N/A,4756f5a0e,Size: 4378 bytes | Head SHA: 4756f5a0e
core/engine/system3_phase287_resource_usage_monitor.py,General Core & Utilities,Utility Script / Module,Active,N/A,4756f5a0e,Size: 2880 bytes | Head SHA: 4756f5a0e
core/engine/system3_phase288_latency_monitor.py,General Core & Utilities,Utility Script / Module,Active,N/A,4756f5a0e,Size: 3241 bytes | Head SHA: 4756f5a0e
core/engine/system3_phase289_error_rate_tracker.py,General Core & Utilities,Utility Script / Module,Active,N/A,4756f5a0e,Size: 3194 bytes | Head SHA: 4756f5a0e
core/engine/system3_phase290_system_health_score.py,General Core & Utilities,Utility Script / Module,Active,N/A,4756f5a0e,Size: 3529 bytes | Head SHA: 4756f5a0e
core/engine/system3_phase291_daily_performance_report.py,General Core & Utilities,Utility Script / Module,Active,N/A,4756f5a0e,Size: 3560 bytes | Head SHA: 4756f5a0e
core/engine/system3_phase292_weekly_summary_report.py,General Core & Utilities,Utility Script / Module,Active,N/A,4756f5a0e,Size: 4131 bytes | Head SHA: 4756f5a0e
core/engine/system3_phase293_monthly_analytics_report.py,General Core & Utilities,Utility Script / Module,Active,N/A,4756f5a0e,Size: 4163 bytes | Head SHA: 4756f5a0e
core/engine/system3_phase294_strategy_performance_report.py,General Core & Utilities,Utility Script / Module,Active,N/A,4756f5a0e,Size: 3487 bytes | Head SHA: 4756f5a0e
core/engine/system3_phase295_risk_metrics_report.py,General Core & Utilities,Utility Script / Module,Active,N/A,4756f5a0e,Size: 3966 bytes | Head SHA: 4756f5a0e
core/engine/system3_phase297_trade_execution_report.py,General Core & Utilities,Utility Script / Module,Active,N/A,4756f5a0e,Size: 3232 bytes | Head SHA: 4756f5a0e
core/engine/system3_phase298_system_status_report.py,General Core & Utilities,Utility Script / Module,Active,N/A,4756f5a0e,Size: 2746 bytes | Head SHA: 4756f5a0e
core/engine/system3_phase299_master_summary_report.py,General Core & Utilities,Utility Script / Module,Active,N/A,4756f5a0e,Size: 3129 bytes | Head SHA: 4756f5a0e
core/engine/system3_phase300_phase_completion_validator.py,General Core & Utilities,Utility Script / Module,Active,N/A,4756f5a0e,Size: 2534 bytes | Head SHA: 4756f5a0e
core/engine/system3_phase301_daily_live_vs_forward.py,General Core & Utilities,Utility Script / Module,Active,N/A,4756f5a0e,Size: 12772 bytes | Head SHA: 4756f5a0e
core/engine/system3_phase302_regime_performance.py,General Core & Utilities,Utility Script / Module,Active,N/A,4756f5a0e,Size: 8910 bytes | Head SHA: 4756f5a0e
core/engine/system3_phase303_edge_decay.py,General Core & Utilities,Utility Script / Module,Active,N/A,4756f5a0e,Size: 6908 bytes | Head SHA: 4756f5a0e
core/engine/system3_phase304_forward_returns.py,General Core & Utilities,Utility Script / Module,Active,N/A,4756f5a0e,Size: 8664 bytes | Head SHA: 4756f5a0e
core/engine/system3_phase304_threshold_tuner.py,General Core & Utilities,Utility Script / Module,Active,N/A,4756f5a0e,Size: 7560 bytes | Head SHA: 4756f5a0e
core/engine/system3_phase305_confidence_tier.py,General Core & Utilities,Utility Script / Module,Active,N/A,4756f5a0e,Size: 7922 bytes | Head SHA: 4756f5a0e
core/engine/system3_phase305_reconciliation.py,General Core & Utilities,Utility Script / Module,Active,N/A,4756f5a0e,Size: 5223 bytes | Head SHA: 4756f5a0e
core/engine/system3_phase306_staleness_guard.py,General Core & Utilities,Utility Script / Module,Active,N/A,4756f5a0e,Size: 8519 bytes | Head SHA: 4756f5a0e
core/engine/system3_phase307_live_vs_test_consistency.py,General Core & Utilities,Utility Script / Module,Active,N/A,4756f5a0e,Size: 6123 bytes | Head SHA: 4756f5a0e
core/engine/system3_phase308_daily_dashboard.py,General Core & Utilities,Utility Script / Module,Active,N/A,4756f5a0e,Size: 8535 bytes | Head SHA: 4756f5a0e
core/engine/system3_phase309_schedule_hints.py,General Core & Utilities,Utility Script / Module,Active,N/A,4756f5a0e,Size: 5723 bytes | Head SHA: 4756f5a0e
core/engine/system3_phase310_ultra_health.py,General Core & Utilities,Utility Script / Module,Active,N/A,4756f5a0e,Size: 8074 bytes | Head SHA: 4756f5a0e
core/engine/system3_phase311_baseline_fs_snapshot.py,General Core & Utilities,Utility Script / Module,Active,N/A,4756f5a0e,Size: 7238 bytes | Head SHA: 4756f5a0e
core/engine/system3_phase312_phase_registry_self_check.py,General Core & Utilities,Utility Script / Module,Active,N/A,4756f5a0e,Size: 8762 bytes | Head SHA: 4756f5a0e
core/engine/system3_phase313_config_consistency_auditor.py,General Core & Utilities,Utility Script / Module,Active,N/A,4756f5a0e,Size: 9121 bytes | Head SHA: 4756f5a0e
core/engine/system3_phase314_data_lineage_tracker.py,General Core & Utilities,Utility Script / Module,Active,N/A,4756f5a0e,Size: 5741 bytes | Head SHA: 4756f5a0e
core/engine/system3_phase315_transactional_write_guard.py,General Core & Utilities,Utility Script / Module,Active,N/A,4756f5a0e,Size: 6597 bytes | Head SHA: 4756f5a0e
core/engine/system3_phase316_input_schema_gateway.py,General Core & Utilities,Utility Script / Module,Active,N/A,4756f5a0e,Size: 2566 bytes | Head SHA: 4756f5a0e
core/engine/system3_phase318_signal_outlier_detector.py,General Core & Utilities,Utility Script / Module,Active,N/A,4756f5a0e,Size: 2562 bytes | Head SHA: 4756f5a0e
core/engine/system3_phase31_ultra_fusion.py,General Core & Utilities,Utility Script / Module,Active,N/A,4756f5a0e,Size: 12584 bytes | Head SHA: 4756f5a0e
core/engine/system3_phase320_risk_config_corruption_guard.py,General Core & Utilities,Utility Script / Module,Active,N/A,4756f5a0e,Size: 2578 bytes | Head SHA: 4756f5a0e
core/engine/system3_phase321_latency_profiler.py,General Core & Utilities,Utility Script / Module,Active,N/A,4756f5a0e,Size: 2550 bytes | Head SHA: 4756f5a0e
core/engine/system3_phase322_resource_usage_monitor.py,General Core & Utilities,Utility Script / Module,Active,N/A,4756f5a0e,Size: 2560 bytes | Head SHA: 4756f5a0e
core/engine/system3_phase323_phase_health_timeline_builder.py,General Core & Utilities,Utility Script / Module,Active,N/A,4756f5a0e,Size: 2580 bytes | Head SHA: 4756f5a0e
core/engine/system3_phase324_warn_error_cluster_analyzer.py,General Core & Utilities,Utility Script / Module,Active,N/A,4756f5a0e,Size: 2576 bytes | Head SHA: 4756f5a0e
core/engine/system3_phase325_observability_summary_exporter.py,General Core & Utilities,Utility Script / Module,Active,N/A,4756f5a0e,Size: 2594 bytes | Head SHA: 4756f5a0e
core/engine/system3_phase326_root_cause_hint_generator.py,General Core & Utilities,Utility Script / Module,Active,N/A,4756f5a0e,Size: 2568 bytes | Head SHA: 4756f5a0e
core/engine/system3_phase327_predictive_failure_scout.py,General Core & Utilities,Utility Script / Module,Active,N/A,4756f5a0e,Size: 2568 bytes | Head SHA: 4756f5a0e
core/engine/system3_phase328_daily_integrity_scorecard.py,General Core & Utilities,Utility Script / Module,Active,N/A,4756f5a0e,Size: 2576 bytes | Head SHA: 4756f5a0e
core/engine/system3_phase32_ultra_vs_baseline.py,General Core & Utilities,Utility Script / Module,Active,N/A,4756f5a0e,Size: 12504 bytes | Head SHA: 4756f5a0e
core/engine/system3_phase330_integrity_gate_before_live_toggle.py,General Core & Utilities,Utility Script / Module,Active,N/A,4756f5a0e,Size: 2588 bytes | Head SHA: 4756f5a0e
core/engine/system3_phase331_signal_integrity.py,General Core & Utilities,Utility Script / Module,Active,N/A,4756f5a0e,Size: 7094 bytes | Head SHA: 4756f5a0e
core/engine/system3_phase332_signal_volume_coverage.py,General Core & Utilities,Utility Script / Module,Active,N/A,4756f5a0e,Size: 5053 bytes | Head SHA: 4756f5a0e
core/engine/system3_phase333_signal_consistency.py,General Core & Utilities,Utility Script / Module,Active,N/A,4756f5a0e,Size: 5657 bytes | Head SHA: 4756f5a0e
core/engine/system3_phase336_safe_mode_suggestor.py,General Core & Utilities,Utility Script / Module,Active,N/A,4756f5a0e,Size: 4676 bytes | Head SHA: 4756f5a0e
core/engine/system3_phase337_forward_return_quality_tracker.py,General Core & Utilities,Utility Script / Module,Active,N/A,4756f5a0e,Size: 5973 bytes | Head SHA: 4756f5a0e
core/engine/system3_phase338_signal_outcome_correlation.py,General Core & Utilities,Utility Script / Module,Active,N/A,4756f5a0e,Size: 5212 bytes | Head SHA: 4756f5a0e
core/engine/system3_phase339_daily_signal_pipeline_summary.py,General Core & Utilities,Utility Script / Module,Active,N/A,4756f5a0e,Size: 7461 bytes | Head SHA: 4756f5a0e
core/engine/system3_phase33_promotion_planner.py,General Core & Utilities,Utility Script / Module,Active,N/A,4756f5a0e,Size: 8580 bytes | Head SHA: 4756f5a0e
core/engine/system3_phase340_signal_pipeline_regression_guard.py,General Core & Utilities,Utility Script / Module,Active,N/A,4756f5a0e,Size: 9650 bytes | Head SHA: 4756f5a0e
core/engine/system3_phase342_live_performance_estimator.py,General Core & Utilities,Utility Script / Module,Active,N/A,4756f5a0e,Size: 4902 bytes | Head SHA: 4756f5a0e
core/engine/system3_phase343_signals_freshness_enforcer.py,General Core & Utilities,Utility Script / Module,Active,N/A,4756f5a0e,Size: 5571 bytes | Head SHA: 4756f5a0e
core/engine/system3_phase344_pipeline_schema_guard.py,General Core & Utilities,Utility Script / Module,Active,N/A,4756f5a0e,Size: 5078 bytes | Head SHA: 4756f5a0e
core/engine/system3_phase345_warn_root_cause_tracker.py,General Core & Utilities,Utility Script / Module,Active,N/A,4756f5a0e,Size: 3425 bytes | Head SHA: 4756f5a0e
core/engine/system3_phase34_ultra_shadow_exec.py,General Core & Utilities,Utility Script / Module,Active,N/A,4756f5a0e,Size: 6505 bytes | Head SHA: 4756f5a0e
core/engine/system3_phase35_ultra_auditor.py,General Core & Utilities,Utility Script / Module,Active,N/A,4756f5a0e,Size: 8936 bytes | Head SHA: 4756f5a0e
core/engine/system3_phase361_signal_pipeline_snapshot.py,General Core & Utilities,Utility Script / Module,Active,N/A,4756f5a0e,Size: 8989 bytes | Head SHA: 4756f5a0e
core/engine/system3_phase362_forward_calibrator.py,General Core & Utilities,Utility Script / Module,Active,N/A,4756f5a0e,Size: 8224 bytes | Head SHA: 4756f5a0e
core/engine/system3_phase365_accuracy_tracker.py,General Core & Utilities,Utility Script / Module,Active,N/A,4756f5a0e,Size: 15241 bytes | Head SHA: 4756f5a0e
core/engine/system3_phase366_strategy_ensemble_evaluator.py,General Core & Utilities,Utility Script / Module,Active,N/A,4756f5a0e,Size: 13186 bytes | Head SHA: 4756f5a0e
core/engine/system3_phase367_safety_guardrail_recommender.py,General Core & Utilities,Utility Script / Module,Active,N/A,4756f5a0e,Size: 14614 bytes | Head SHA: 4756f5a0e
core/engine/system3_phase369_pipeline_profiler.py,General Core & Utilities,Utility Script / Module,Active,N/A,4756f5a0e,Size: 12274 bytes | Head SHA: 4756f5a0e
core/engine/system3_phase36_cull_orchestrator.py,General Core & Utilities,Utility Script / Module,Active,N/A,4756f5a0e,Size: 7150 bytes | Head SHA: 4756f5a0e
core/engine/system3_phase370_signal_schema_normalizer.py,General Core & Utilities,Utility Script / Module,Active,N/A,4756f5a0e,Size: 12627 bytes | Head SHA: 4756f5a0e
core/engine/system3_phase371_signal_duplicate_scanner.py,General Core & Utilities,Utility Script / Module,Active,N/A,4756f5a0e,Size: 4251 bytes | Head SHA: 4756f5a0e
core/engine/system3_phase372_signal_conflict_resolver.py,General Core & Utilities,Utility Script / Module,Active,N/A,4756f5a0e,Size: 4185 bytes | Head SHA: 4756f5a0e
core/engine/system3_phase373_signal_clean_curated_builder.py,General Core & Utilities,Utility Script / Module,Active,N/A,4756f5a0e,Size: 3159 bytes | Head SHA: 4756f5a0e
core/engine/system3_phase374_signal_history_freshness_checker.py,General Core & Utilities,Utility Script / Module,Active,N/A,4756f5a0e,Size: 3577 bytes | Head SHA: 4756f5a0e
core/engine/system3_phase375_signal_data_quality_summary.py,General Core & Utilities,Utility Script / Module,Active,N/A,4756f5a0e,Size: 4547 bytes | Head SHA: 4756f5a0e
core/engine/system3_phase376_self_test_suite.py,General Core & Utilities,Utility Script / Module,Active,N/A,4756f5a0e,Size: 15260 bytes | Head SHA: 4756f5a0e
core/engine/system3_phase377_validation_report_generator.py,General Core & Utilities,Utility Script / Module,Active,N/A,4756f5a0e,Size: 15309 bytes | Head SHA: 4756f5a0e
core/engine/system3_phase378_performance_optimizer.py,General Core & Utilities,Utility Script / Module,Active,N/A,4756f5a0e,Size: 16861 bytes | Head SHA: 4756f5a0e
core/engine/system3_phase379_edge_case_handler.py,General Core & Utilities,Utility Script / Module,Active,N/A,4756f5a0e,Size: 17386 bytes | Head SHA: 4756f5a0e
core/engine/system3_phase380_final_sign_off.py,General Core & Utilities,Utility Script / Module,Active,N/A,4756f5a0e,Size: 19134 bytes | Head SHA: 4756f5a0e
core/engine/system3_phase384_ultra_health_summary.py,General Core & Utilities,Utility Script / Module,Active,N/A,4756f5a0e,Size: 9633 bytes | Head SHA: 4756f5a0e
core/engine/system3_phase385_scoring_telemetry.py,General Core & Utilities,Utility Script / Module,Active,N/A,4756f5a0e,Size: 8208 bytes | Head SHA: 4756f5a0e
core/engine/system3_phase386_failsafe_guard.py,General Core & Utilities,Utility Script / Module,Active,N/A,4756f5a0e,Size: 9367 bytes | Head SHA: 4756f5a0e
core/engine/system3_phase387_impact_preview.py,General Core & Utilities,Utility Script / Module,Active,N/A,4756f5a0e,Size: 9811 bytes | Head SHA: 4756f5a0e
core/engine/system3_phase388_health_gate.py,General Core & Utilities,Utility Script / Module,Active,N/A,4756f5a0e,Size: 12218 bytes | Head SHA: 4756f5a0e
core/engine/system3_phase38_governance_summary.py,General Core & Utilities,Utility Script / Module,Active,N/A,4756f5a0e,Size: 9178 bytes | Head SHA: 4756f5a0e
core/engine/system3_phase390_smote_balancing.py,General Core & Utilities,Utility Script / Module,Active,N/A,4756f5a0e,Size: 10486 bytes | Head SHA: 4756f5a0e
core/engine/system3_phase391_xgboost_training.py,General Core & Utilities,Utility Script / Module,Active,N/A,4756f5a0e,Size: 9810 bytes | Head SHA: 4756f5a0e
core/engine/system3_phase392_ensemble_integration.py,General Core & Utilities,Utility Script / Module,Active,N/A,4756f5a0e,Size: 20681 bytes | Head SHA: 4756f5a0e
core/engine/system3_phase39_shadow_campaign.py,General Core & Utilities,Utility Script / Module,Active,N/A,4756f5a0e,Size: 7610 bytes | Head SHA: 4756f5a0e
core/engine/system3_phase40_weekly_governance_pack.py,General Core & Utilities,Utility Script / Module,Active,N/A,4756f5a0e,Size: 9523 bytes | Head SHA: 4756f5a0e
core/engine/system3_phase41_promotion_executor.py,General Core & Utilities,Utility Script / Module,Active,N/A,4756f5a0e,Size: 8228 bytes | Head SHA: 4756f5a0e
core/engine/system3_phase42_snapshot_manager.py,General Core & Utilities,Utility Script / Module,Active,N/A,4756f5a0e,Size: 6987 bytes | Head SHA: 4756f5a0e
core/engine/system3_phase43_env_guard.py,General Core & Utilities,Utility Script / Module,Active,N/A,4756f5a0e,Size: 7685 bytes | Head SHA: 4756f5a0e
core/engine/system3_phase76_geni_self_critique.py,General Core & Utilities,Utility Script / Module,Active,N/A,4756f5a0e,Size: 11898 bytes | Head SHA: 4756f5a0e
core/engine/system3_phase77_geni_self_correction.py,General Core & Utilities,Utility Script / Module,Active,N/A,4756f5a0e,Size: 6730 bytes | Head SHA: 4756f5a0e
core/engine/system3_phase78_geni_consensus.py,General Core & Utilities,Utility Script / Module,Active,N/A,4756f5a0e,Size: 8159 bytes | Head SHA: 4756f5a0e
core/engine/system3_phase79_adaptive_thresholds.py,General Core & Utilities,Utility Script / Module,Active,N/A,4756f5a0e,Size: 7848 bytes | Head SHA: 4756f5a0e
core/engine/system3_phase80_geni_evolution_status.py,General Core & Utilities,Utility Script / Module,Active,N/A,4756f5a0e,Size: 7756 bytes | Head SHA: 4756f5a0e
core/engine/system3_phase81_latency_profiler.py,General Core & Utilities,Utility Script / Module,Active,N/A,4756f5a0e,Size: 4866 bytes | Head SHA: 4756f5a0e
core/engine/system3_phase83_tick_to_trade_latency.py,General Core & Utilities,Utility Script / Module,Active,N/A,4756f5a0e,Size: 6960 bytes | Head SHA: 4756f5a0e
core/engine/system3_phase84_resource_optimizer.py,General Core & Utilities,Utility Script / Module,Active,N/A,4756f5a0e,Size: 4523 bytes | Head SHA: 4756f5a0e
core/engine/system3_phase85_heartbeat.py,General Core & Utilities,Utility Script / Module,Active,N/A,4756f5a0e,Size: 3265 bytes | Head SHA: 4756f5a0e
core/engine/system3_phase87_expected_value.py,General Core & Utilities,Utility Script / Module,Active,N/A,4756f5a0e,Size: 5550 bytes | Head SHA: 4756f5a0e
core/engine/system3_phase88_portfolio_risk.py,General Core & Utilities,Utility Script / Module,Active,N/A,4756f5a0e,Size: 6744 bytes | Head SHA: 4756f5a0e
core/engine/system3_phase89_optimal_entry.py,General Core & Utilities,Utility Script / Module,Active,N/A,4756f5a0e,Size: 4726 bytes | Head SHA: 4756f5a0e
core/engine/system3_phase90_optimal_exit.py,General Core & Utilities,Utility Script / Module,Active,N/A,4756f5a0e,Size: 4972 bytes | Head SHA: 4756f5a0e
core/engine/system3_phase91_live_dashboard.py,General Core & Utilities,Utility Script / Module,Active,N/A,4756f5a0e,Size: 6982 bytes | Head SHA: 4756f5a0e
core/engine/system3_phase92_session_replay.py,General Core & Utilities,Utility Script / Module,Active,N/A,4756f5a0e,Size: 6361 bytes | Head SHA: 4756f5a0e
core/engine/system3_phase93_operator_override.py,General Core & Utilities,Utility Script / Module,Active,N/A,4756f5a0e,Size: 7107 bytes | Head SHA: 4756f5a0e
core/engine/system3_phase94_notification_engine.py,General Core & Utilities,Utility Script / Module,Active,N/A,4756f5a0e,Size: 3363 bytes | Head SHA: 4756f5a0e
core/engine/system3_phase95_operator_activity_log.py,General Core & Utilities,Utility Script / Module,Active,N/A,4756f5a0e,Size: 3196 bytes | Head SHA: 4756f5a0e
core/engine/system3_phase96_chaos_test.py,General Core & Utilities,Utility Script / Module,Active,N/A,4756f5a0e,Size: 4723 bytes | Head SHA: 4756f5a0e
core/engine/system3_phase97_backup_recovery.py,General Core & Utilities,Utility Script / Module,Active,N/A,4756f5a0e,Size: 3014 bytes | Head SHA: 4756f5a0e
core/engine/system3_phase98_rollback.py,General Core & Utilities,Utility Script / Module,Active,N/A,4756f5a0e,Size: 3480 bytes | Head SHA: 4756f5a0e
core/engine/system3_phase99_version_freeze.py,General Core & Utilities,Utility Script / Module,Active,N/A,4756f5a0e,Size: 3353 bytes | Head SHA: 4756f5a0e
core/engine/system3_phases_331_360_registry.py,General Core & Utilities,Utility Script / Module,Active,N/A,4756f5a0e,Size: 6124 bytes | Head SHA: 4756f5a0e
core/engine/system3_phases_346_350_hardening_pack.py,General Core & Utilities,Utility Script / Module,Active,N/A,4756f5a0e,Size: 8483 bytes | Head SHA: 4756f5a0e
core/engine/system3_phases_351_360_safety_automation.py,General Core & Utilities,Utility Script / Module,Active,N/A,4756f5a0e,Size: 13438 bytes | Head SHA: 4756f5a0e
core/engine/system3_phases_361_380_registry.py,General Core & Utilities,Utility Script / Module,Active,N/A,4756f5a0e,Size: 5525 bytes | Head SHA: 4756f5a0e
core/engine/system3_phases_381_388_registry.py,General Core & Utilities,Utility Script / Module,Active,N/A,4756f5a0e,Size: 4379 bytes | Head SHA: 4756f5a0e
core/engine/system3_phases_389_400_registry.py,General Core & Utilities,Utility Script / Module,Active,N/A,4756f5a0e,Size: 6465 bytes | Head SHA: 4756f5a0e
core/engine/system3_phases_393_400.py,General Core & Utilities,Utility Script / Module,Active,N/A,4756f5a0e,Size: 10020 bytes | Head SHA: 4756f5a0e
core/engine/system3_signal_engine.py,General Core & Utilities,Utility Script / Module,Active,N/A,4756f5a0e,Size: 44850 bytes | Head SHA: 4756f5a0e
core/engine/system3_signal_engine_self_test.py,General Core & Utilities,Utility Script / Module,Active,N/A,4756f5a0e,Size: 6710 bytes | Head SHA: 4756f5a0e
core/engine/system3_threshold_proposer.py,General Core & Utilities,Utility Script / Module,Active,N/A,4756f5a0e,Size: 12734 bytes | Head SHA: 4756f5a0e
core/engine/test_data_pipeline.py,General Core & Utilities,Utility Script / Module,Active,N/A,4756f5a0e,Size: 680 bytes | Head SHA: 4756f5a0e
core/engine/threshold_loader.py,General Core & Utilities,Utility Script / Module,Active,N/A,4756f5a0e,Size: 16558 bytes | Head SHA: 4756f5a0e
core/engine/ultra_hparam_explorer.py,General Core & Utilities,Utility Script / Module,Active,N/A,4756f5a0e,Size: 6757 bytes | Head SHA: 4756f5a0e
core/engine/ultra_live_signals_shadow.py,General Core & Utilities,Utility Script / Module,Active,N/A,4756f5a0e,Size: 1523 bytes | Head SHA: 4756f5a0e
core/engine/ultra_multi_consensus.py,General Core & Utilities,Utility Script / Module,Active,N/A,4756f5a0e,Size: 7426 bytes | Head SHA: 4756f5a0e
core/engine/ultra_pnl_analyzer.py,General Core & Utilities,Utility Script / Module,Active,N/A,4756f5a0e,Size: 6366 bytes | Head SHA: 4756f5a0e
core/engine/ultra_promotion_manager.py,General Core & Utilities,Utility Script / Module,Active,N/A,4756f5a0e,Size: 7817 bytes | Head SHA: 4756f5a0e
core/engine/ultra_regime_classifier.py,General Core & Utilities,Utility Script / Module,Active,N/A,4756f5a0e,Size: 5666 bytes | Head SHA: 4756f5a0e
core/engine/ultra_safety.py,General Core & Utilities,Utility Script / Module,Active,N/A,4756f5a0e,Size: 1925 bytes | Head SHA: 4756f5a0e
core/engine/ultra_shadow_data_engine.py,General Core & Utilities,Utility Script / Module,Active,N/A,4756f5a0e,Size: 16594 bytes | Head SHA: 4756f5a0e
core/engine/ultra_threshold_lab.py,General Core & Utilities,Utility Script / Module,Active,N/A,4756f5a0e,Size: 6122 bytes | Head SHA: 4756f5a0e
core/engine/ultra_trade_simulator.py,General Core & Utilities,Utility Script / Module,Active,N/A,4756f5a0e,Size: 8405 bytes | Head SHA: 4756f5a0e
core/execution/__init__.py,General Core & Utilities,Utility Script / Module,Active,N/A,4756f5a0e,Size: 59 bytes | Head SHA: 4756f5a0e
core/execution/live_execution_engine.py,General Core & Utilities,Utility Script / Module,Active,N/A,4756f5a0e,Size: 8080 bytes | Head SHA: 4756f5a0e
core/execution/risk_guard.py,General Core & Utilities,Utility Script / Module,Active,N/A,4756f5a0e,Size: 7462 bytes | Head SHA: 4756f5a0e
core/geni/__init__.py,General Core & Utilities,Utility Script / Module,Active,N/A,4756f5a0e,Size: 404 bytes | Head SHA: 4756f5a0e
core/geni/geni_config.py,General Core & Utilities,Utility Script / Module,Active,N/A,4756f5a0e,Size: 2713 bytes | Head SHA: 4756f5a0e
core/geni/geni_orchestrator.py,General Core & Utilities,Utility Script / Module,Active,N/A,4756f5a0e,Size: 8612 bytes | Head SHA: 4756f5a0e
core/geni/geni_state.py,General Core & Utilities,Utility Script / Module,Active,N/A,4756f5a0e,Size: 2572 bytes | Head SHA: 4756f5a0e
core/geni/geni_tasks.py,General Core & Utilities,Utility Script / Module,Active,N/A,4756f5a0e,Size: 2531 bytes | Head SHA: 4756f5a0e
core/geni/geni_validator.py,General Core & Utilities,Utility Script / Module,Active,N/A,4756f5a0e,Size: 9360 bytes | Head SHA: 4756f5a0e
core/monitoring/__init__.py,General Core & Utilities,Utility Script / Module,Active,N/A,4756f5a0e,Size: 58 bytes | Head SHA: 4756f5a0e
core/monitoring/alert_hooks.py,General Core & Utilities,Utility Script / Module,Active,N/A,4756f5a0e,Size: 987 bytes | Head SHA: 4756f5a0e
core/monitoring/continuous_validators.py,General Core & Utilities,Utility Script / Module,Active,N/A,4756f5a0e,Size: 20819 bytes | Head SHA: 4756f5a0e
core/tools/__init__.py,General Core & Utilities,Utility Script / Module,Active,N/A,4756f5a0e,Size: 29 bytes | Head SHA: 4756f5a0e
core/tools/schema_audit.py,General Core & Utilities,Utility Script / Module,Active,N/A,4756f5a0e,Size: 10673 bytes | Head SHA: 4756f5a0e
core/tools/system3_auto_test_generator.py,General Core & Utilities,Utility Script / Module,Active,N/A,4756f5a0e,Size: 23525 bytes | Head SHA: 4756f5a0e
core/tools/system3_history_cleaner.py,General Core & Utilities,Utility Script / Module,Active,N/A,4756f5a0e,Size: 5933 bytes | Head SHA: 4756f5a0e
core/tools/validate_clean_csv.py,General Core & Utilities,Utility Script / Module,Active,N/A,4756f5a0e,Size: 14907 bytes | Head SHA: 4756f5a0e
core/ultra/__init__.py,General Core & Utilities,Utility Script / Module,Active,N/A,4756f5a0e,Size: 494 bytes | Head SHA: 4756f5a0e
core/ultra/phase21_adaptive_risk_engine.py,General Core & Utilities,Utility Script / Module,Active,N/A,4756f5a0e,Size: 8709 bytes | Head SHA: 4756f5a0e
core/ultra/phase23_volatility_impact.py,General Core & Utilities,Utility Script / Module,Active,N/A,4756f5a0e,Size: 6935 bytes | Head SHA: 4756f5a0e
core/ultra/phase24_confidence_drift.py,General Core & Utilities,Utility Script / Module,Active,N/A,4756f5a0e,Size: 7011 bytes | Head SHA: 4756f5a0e
core/ultra/phase25_stoploss_engine.py,General Core & Utilities,Utility Script / Module,Active,N/A,4756f5a0e,Size: 4916 bytes | Head SHA: 4756f5a0e
core/ultra/phase26_target_engine.py,General Core & Utilities,Utility Script / Module,Active,N/A,4756f5a0e,Size: 3604 bytes | Head SHA: 4756f5a0e
core/ultra/phase27_rr_balancer.py,General Core & Utilities,Utility Script / Module,Active,N/A,4756f5a0e,Size: 5160 bytes | Head SHA: 4756f5a0e
core/ultra/phase28_auto_corrector.py,General Core & Utilities,Utility Script / Module,Active,N/A,4756f5a0e,Size: 8590 bytes | Head SHA: 4756f5a0e
core/ultra/phase29_sensitivity.py,General Core & Utilities,Utility Script / Module,Active,N/A,4756f5a0e,Size: 7156 bytes | Head SHA: 4756f5a0e
core/ultra/phase30_calibration_engine.py,General Core & Utilities,Utility Script / Module,Active,N/A,4756f5a0e,Size: 7741 bytes | Head SHA: 4756f5a0e
core/ultra/phase46_meta_fusion.py,General Core & Utilities,Utility Script / Module,Active,N/A,4756f5a0e,Size: 7417 bytes | Head SHA: 4756f5a0e
core/ultra/phase47_confidence_vector.py,General Core & Utilities,Utility Script / Module,Active,N/A,4756f5a0e,Size: 8208 bytes | Head SHA: 4756f5a0e
core/ultra/phase48_error_scanner.py,General Core & Utilities,Utility Script / Module,Active,N/A,4756f5a0e,Size: 7722 bytes | Head SHA: 4756f5a0e
core/ultra/phase49_risk_regulator.py,General Core & Utilities,Utility Script / Module,Active,N/A,4756f5a0e,Size: 9219 bytes | Head SHA: 4756f5a0e
core/ultra/phase50_prediction_explainer.py,General Core & Utilities,Utility Script / Module,Active,N/A,4756f5a0e,Size: 8033 bytes | Head SHA: 4756f5a0e
core/ultra/phase51_probability_engine.py,General Core & Utilities,Utility Script / Module,Active,N/A,4756f5a0e,Size: 8944 bytes | Head SHA: 4756f5a0e
core/ultra/phase54_back_reconstruction.py,General Core & Utilities,Utility Script / Module,Active,N/A,4756f5a0e,Size: 8014 bytes | Head SHA: 4756f5a0e
core/ultra/phase55_intelligence_dashboard.py,General Core & Utilities,Utility Script / Module,Active,N/A,4756f5a0e,Size: 10947 bytes | Head SHA: 4756f5a0e
core/utils/__init__.py,General Core & Utilities,Utility Script / Module,Active,N/A,4756f5a0e,Size: 0 bytes | Head SHA: 4756f5a0e
core/utils/config_loader.py,General Core & Utilities,Utility Script / Module,Active,N/A,4756f5a0e,Size: 731 bytes | Head SHA: 4756f5a0e
core/utils/env_loader.py,General Core & Utilities,Utility Script / Module,Active,N/A,4756f5a0e,Size: 1016 bytes | Head SHA: 4756f5a0e
core/utils/env_manager.py,General Core & Utilities,Utility Script / Module,Active,N/A,4756f5a0e,Size: 621 bytes | Head SHA: 4756f5a0e
core/utils/helpers.py,General Core & Utilities,Utility Script / Module,Active,N/A,4756f5a0e,Size: 195 bytes | Head SHA: 4756f5a0e
core/utils/http_client.py,General Core & Utilities,Utility Script / Module,Active,N/A,4756f5a0e,Size: 491 bytes | Head SHA: 4756f5a0e
core/utils/log_sanitizer.py,General Core & Utilities,Utility Script / Module,Active,N/A,4756f5a0e,Size: 3466 bytes | Head SHA: 4756f5a0e
core/utils/logger.py,General Core & Utilities,Utility Script / Module,Active,N/A,4756f5a0e,Size: 1367 bytes | Head SHA: 4756f5a0e
core/utils/market_calendar.py,General Core & Utilities,Utility Script / Module,Active,N/A,4756f5a0e,Size: 5547 bytes | Head SHA: 4756f5a0e
core/utils/nse_holidays.py,General Core & Utilities,Utility Script / Module,Active,N/A,4756f5a0e,Size: 3789 bytes | Head SHA: 4756f5a0e
core/utils/timestamp_parser.py,General Core & Utilities,Utility Script / Module,Active,N/A,4756f5a0e,Size: 11371 bytes | Head SHA: 4756f5a0e
core/validation/__init__.py,General Core & Utilities,Utility Script / Module,Active,N/A,4756f5a0e,Size: 110 bytes | Head SHA: 4756f5a0e
core/validation/live_safety_guard.py,General Core & Utilities,Utility Script / Module,Active,N/A,4756f5a0e,Size: 6799 bytes | Head SHA: 4756f5a0e
core/validation/post_close_signal_audit.py,General Core & Utilities,Utility Script / Module,Active,N/A,4756f5a0e,Size: 15251 bytes | Head SHA: 4756f5a0e
core/validation/pre_market_signal_dryrun.py,General Core & Utilities,Utility Script / Module,Active,N/A,4756f5a0e,Size: 16615 bytes | Head SHA: 4756f5a0e
core/validation/validate_live_thresholds.py,General Core & Utilities,Utility Script / Module,Active,N/A,4756f5a0e,Size: 13900 bytes | Head SHA: 4756f5a0e
dashboard/README.md,General Core & Utilities,Utility Script / Module,Active,N/A,4756f5a0e,Size: 4274 bytes | Head SHA: 4756f5a0e
dashboard/add_logging.py,General Core & Utilities,Utility Script / Module,Active,N/A,4756f5a0e,Size: 802 bytes | Head SHA: 4756f5a0e
dashboard/app.js,General Core & Utilities,Utility Script / Module,Active,N/A,4756f5a0e,Size: 32947 bytes | Head SHA: 4756f5a0e
dashboard/backend/Dockerfile,General Core & Utilities,Utility Script / Module,Active,N/A,4756f5a0e,Size: 2478 bytes | Head SHA: 4756f5a0e
dashboard/backend/accuracy_trend_service.py,General Core & Utilities,Utility Script / Module,Active,N/A,4756f5a0e,Size: 2901 bytes | Head SHA: 4756f5a0e
dashboard/backend/add_validation.py,General Core & Utilities,Utility Script / Module,Active,N/A,4756f5a0e,Size: 1432 bytes | Head SHA: 4756f5a0e
dashboard/backend/advanced_charting.py,General Core & Utilities,Utility Script / Module,Active,N/A,4756f5a0e,Size: 7084 bytes | Head SHA: 4756f5a0e
dashboard/backend/advanced_filtering.py,General Core & Utilities,Utility Script / Module,Active,N/A,4756f5a0e,Size: 7635 bytes | Head SHA: 4756f5a0e
dashboard/backend/alerts_system.py,General Core & Utilities,Utility Script / Module,Active,N/A,4756f5a0e,Size: 13533 bytes | Head SHA: 4756f5a0e
dashboard/backend/auto_gates_service.py,General Core & Utilities,Utility Script / Module,Active,N/A,4756f5a0e,Size: 9090 bytes | Head SHA: 4756f5a0e
dashboard/backend/continuous_closure_service.py,General Core & Utilities,Utility Script / Module,Active,N/A,4756f5a0e,Size: 15746 bytes | Head SHA: 4756f5a0e
dashboard/backend/contract_gain_scanner.py,General Core & Utilities,Utility Script / Module,Active,N/A,4756f5a0e,Size: 23365 bytes | Head SHA: 4756f5a0e
dashboard/backend/dashboard_truth.py,General Core & Utilities,Utility Script / Module,Active,N/A,4756f5a0e,Size: 581 bytes | Head SHA: 4756f5a0e
dashboard/backend/enhance_endpoints.py,General Core & Utilities,Utility Script / Module,Active,N/A,4756f5a0e,Size: 1520 bytes | Head SHA: 4756f5a0e
dashboard/backend/error_handler_utils.py,General Core & Utilities,Utility Script / Module,Active,N/A,4756f5a0e,Size: 3479 bytes | Head SHA: 4756f5a0e
dashboard/backend/export_reporting.py,General Core & Utilities,Utility Script / Module,Active,N/A,4756f5a0e,Size: 5439 bytes | Head SHA: 4756f5a0e
dashboard/backend/fix_backend_errors.py,General Core & Utilities,Utility Script / Module,Active,N/A,4756f5a0e,Size: 1310 bytes | Head SHA: 4756f5a0e
dashboard/backend/fix_bare_excepts.py,General Core & Utilities,Utility Script / Module,Active,N/A,4756f5a0e,Size: 2136 bytes | Head SHA: 4756f5a0e
dashboard/backend/fo_eligibility_filter.py,General Core & Utilities,Utility Script / Module,Active,N/A,4756f5a0e,Size: 9540 bytes | Head SHA: 4756f5a0e
dashboard/backend/gain_rank_spot_enrichment.py,General Core & Utilities,Utility Script / Module,Active,N/A,4756f5a0e,Size: 2366 bytes | Head SHA: 4756f5a0e
dashboard/backend/greeks_calculator.py,General Core & Utilities,Utility Script / Module,Active,N/A,4756f5a0e,Size: 2670 bytes | Head SHA: 4756f5a0e
dashboard/backend/human_approval_service.py,General Core & Utilities,Utility Script / Module,Active,N/A,4756f5a0e,Size: 2027 bytes | Head SHA: 4756f5a0e
dashboard/backend/lifetime_research_engine.py,General Core & Utilities,Utility Script / Module,Active,N/A,4756f5a0e,Size: 12334 bytes | Head SHA: 4756f5a0e
dashboard/backend/live_profit_validator.py,General Core & Utilities,Utility Script / Module,Active,N/A,4756f5a0e,Size: 12103 bytes | Head SHA: 4756f5a0e
dashboard/backend/logging_prod.py,General Core & Utilities,Utility Script / Module,Active,N/A,4756f5a0e,Size: 1127 bytes | Head SHA: 4756f5a0e
dashboard/backend/metrics.py,General Core & Utilities,Utility Script / Module,Active,N/A,4756f5a0e,Size: 3056 bytes | Head SHA: 4756f5a0e
dashboard/backend/middleware/__init__.py,General Core & Utilities,Utility Script / Module,Active,N/A,4756f5a0e,Size: 21 bytes | Head SHA: 4756f5a0e
dashboard/backend/middleware/memory_guard.py,General Core & Utilities,Utility Script / Module,Active,N/A,4756f5a0e,Size: 8461 bytes | Head SHA: 4756f5a0e
dashboard/backend/multi_validation_audit.py,General Core & Utilities,Utility Script / Module,Active,N/A,4756f5a0e,Size: 16109 bytes | Head SHA: 4756f5a0e
dashboard/backend/performance_predictor.py,General Core & Utilities,Utility Script / Module,Active,N/A,4756f5a0e,Size: 13819 bytes | Head SHA: 4756f5a0e
dashboard/backend/portfolio_truth_service.py,General Core & Utilities,Utility Script / Module,Active,N/A,4756f5a0e,Size: 16547 bytes | Head SHA: 4756f5a0e
dashboard/backend/profit_governor.py,General Core & Utilities,Utility Script / Module,Active,N/A,4756f5a0e,Size: 8781 bytes | Head SHA: 4756f5a0e
dashboard/backend/proof_ledger_service.py,General Core & Utilities,Utility Script / Module,Active,N/A,4756f5a0e,Size: 9156 bytes | Head SHA: 4756f5a0e
dashboard/backend/risk_management.py,General Core & Utilities,Utility Script / Module,Active,N/A,4756f5a0e,Size: 9699 bytes | Head SHA: 4756f5a0e
dashboard/backend/runtime_state_store.py,General Core & Utilities,Utility Script / Module,Active,N/A,4756f5a0e,Size: 20586 bytes | Head SHA: 4756f5a0e
dashboard/backend/signal_plan_audit.py,General Core & Utilities,Utility Script / Module,Active,N/A,4756f5a0e,Size: 8888 bytes | Head SHA: 4756f5a0e
dashboard/backend/standardize_responses.py,General Core & Utilities,Utility Script / Module,Active,N/A,4756f5a0e,Size: 1649 bytes | Head SHA: 4756f5a0e
dashboard/backend/state_sync_service.py,General Core & Utilities,Utility Script / Module,Active,N/A,4756f5a0e,Size: 20867 bytes | Head SHA: 4756f5a0e
dashboard/backend/structured_logging.py,General Core & Utilities,Utility Script / Module,Active,N/A,4756f5a0e,Size: 5018 bytes | Head SHA: 4756f5a0e
dashboard/backend/synthetic_data_generator.py,General Core & Utilities,Utility Script / Module,Active,N/A,4756f5a0e,Size: 13170 bytes | Head SHA: 4756f5a0e
dashboard/backend/trade_journal.py,General Core & Utilities,Utility Script / Module,Active,N/A,4756f5a0e,Size: 4095 bytes | Head SHA: 4756f5a0e
dashboard/backend/trade_logger.py,General Core & Utilities,Utility Script / Module,Active,N/A,4756f5a0e,Size: 5045 bytes | Head SHA: 4756f5a0e
dashboard/backend/trader_requirements_service.py,General Core & Utilities,Utility Script / Module,Active,N/A,4756f5a0e,Size: 7118 bytes | Head SHA: 4756f5a0e
dashboard/e2e/electron_visual_verify.py,General Core & Utilities,Utility Script / Module,Active,N/A,4756f5a0e,Size: 7214 bytes | Head SHA: 4756f5a0e
desktop_app/main.js,General Core & Utilities,Utility Script / Module,Active,N/A,4756f5a0e,Size: 12764 bytes | Head SHA: 4756f5a0e
desktop_app/package-lock.json,General Core & Utilities,Utility Script / Module,Active,N/A,4756f5a0e,Size: 149368 bytes | Head SHA: 4756f5a0e
desktop_app/package.json,General Core & Utilities,Utility Script / Module,Active,N/A,4756f5a0e,Size: 1689 bytes | Head SHA: 4756f5a0e
desktop_app/preload.js,General Core & Utilities,Utility Script / Module,Active,N/A,4756f5a0e,Size: 947 bytes | Head SHA: 4756f5a0e
diagnose_dashboard_blank.js,General Core & Utilities,Utility Script / Module,Active,N/A,4756f5a0e,Size: 2751 bytes | Head SHA: 4756f5a0e
electron_app_connectivity_test.js,General Core & Utilities,Utility Script / Module,Active,N/A,4756f5a0e,Size: 2630 bytes | Head SHA: 4756f5a0e
final_system_validation_test.py,General Core & Utilities,Utility Script / Module,Active,N/A,4756f5a0e,Size: 10649 bytes | Head SHA: 4756f5a0e
forensic_analysis_system.py,General Core & Utilities,Utility Script / Module,Active,N/A,4756f5a0e,Size: 8527 bytes | Head SHA: 4756f5a0e
kill_switch.json,General Core & Utilities,Utility Script / Module,Active,N/A,4756f5a0e,Size: 283 bytes | Head SHA: 4756f5a0e
live_cloud_probe_summary.json,General Core & Utilities,Utility Script / Module,Active,N/A,4756f5a0e,Size: 295074 bytes | Head SHA: 4756f5a0e
market_hours_state.json,General Core & Utilities,Utility Script / Module,Active,N/A,4756f5a0e,Size: 143 bytes | Head SHA: 4756f5a0e
outputs/runtime_state.json,General Core & Utilities,Utility Script / Module,Active,N/A,4756f5a0e,Size: 2026 bytes | Head SHA: 4756f5a0e
outputs/state_snapshots/state_1.json,General Core & Utilities,Utility Script / Module,Active,N/A,4756f5a0e,Size: 1731 bytes | Head SHA: 4756f5a0e
outputs/state_snapshots/state_10.json,General Core & Utilities,Utility Script / Module,Active,N/A,4756f5a0e,Size: 2026 bytes | Head SHA: 4756f5a0e
outputs/state_snapshots/state_11.json,General Core & Utilities,Utility Script / Module,Active,N/A,4756f5a0e,Size: 2026 bytes | Head SHA: 4756f5a0e
outputs/state_snapshots/state_12.json,General Core & Utilities,Utility Script / Module,Active,N/A,4756f5a0e,Size: 2026 bytes | Head SHA: 4756f5a0e
outputs/state_snapshots/state_13.json,General Core & Utilities,Utility Script / Module,Active,N/A,4756f5a0e,Size: 2026 bytes | Head SHA: 4756f5a0e
outputs/state_snapshots/state_14.json,General Core & Utilities,Utility Script / Module,Active,N/A,4756f5a0e,Size: 2026 bytes | Head SHA: 4756f5a0e
outputs/state_snapshots/state_2.json,General Core & Utilities,Utility Script / Module,Active,N/A,4756f5a0e,Size: 1731 bytes | Head SHA: 4756f5a0e
outputs/state_snapshots/state_3.json,General Core & Utilities,Utility Script / Module,Active,N/A,4756f5a0e,Size: 1731 bytes | Head SHA: 4756f5a0e
outputs/state_snapshots/state_4.json,General Core & Utilities,Utility Script / Module,Active,N/A,4756f5a0e,Size: 1731 bytes | Head SHA: 4756f5a0e
outputs/state_snapshots/state_5.json,General Core & Utilities,Utility Script / Module,Active,N/A,4756f5a0e,Size: 1731 bytes | Head SHA: 4756f5a0e
outputs/state_snapshots/state_6.json,General Core & Utilities,Utility Script / Module,Active,N/A,4756f5a0e,Size: 1731 bytes | Head SHA: 4756f5a0e
outputs/state_snapshots/state_7.json,General Core & Utilities,Utility Script / Module,Active,N/A,4756f5a0e,Size: 1731 bytes | Head SHA: 4756f5a0e
outputs/state_snapshots/state_8.json,General Core & Utilities,Utility Script / Module,Active,N/A,4756f5a0e,Size: 1731 bytes | Head SHA: 4756f5a0e
outputs/state_snapshots/state_9.json,General Core & Utilities,Utility Script / Module,Active,N/A,4756f5a0e,Size: 1731 bytes | Head SHA: 4756f5a0e
package-lock.json,General Core & Utilities,Utility Script / Module,Active,N/A,4756f5a0e,Size: 247704 bytes | Head SHA: 4756f5a0e
package.json,General Core & Utilities,Utility Script / Module,Active,N/A,4756f5a0e,Size: 410 bytes | Head SHA: 4756f5a0e
perf_metrics.json,General Core & Utilities,Utility Script / Module,Active,N/A,4756f5a0e,Size: 151 bytes | Head SHA: 4756f5a0e
phase_integrity_check_results.json,General Core & Utilities,Utility Script / Module,Active,N/A,4756f5a0e,Size: 9859 bytes | Head SHA: 4756f5a0e
playwright.config.ts,General Core & Utilities,Utility Script / Module,Active,N/A,4756f5a0e,Size: 978 bytes | Head SHA: 4756f5a0e
production_grade_validation.py,General Core & Utilities,Utility Script / Module,Active,N/A,4756f5a0e,Size: 32943 bytes | Head SHA: 4756f5a0e
proof/GOVERNANCE_QA_ANALYSIS_PROOF.md,General Core & Utilities,Utility Script / Module,Active,N/A,4756f5a0e,Size: 5454 bytes | Head SHA: 4756f5a0e
proof/archive/RUN_ALL_FAIL_20260226_002712.json,General Core & Utilities,Utility Script / Module,Active,N/A,4756f5a0e,Size: 421 bytes | Head SHA: 4756f5a0e
proof/archive/RUN_ALL_FAIL_20260226_012851.json,General Core & Utilities,Utility Script / Module,Active,N/A,4756f5a0e,Size: 421 bytes | Head SHA: 4756f5a0e
proof/archive/RUN_ALL_FAIL_20260226_081203.json,General Core & Utilities,Utility Script / Module,Active,N/A,4756f5a0e,Size: 359 bytes | Head SHA: 4756f5a0e
proof/archive/RUN_ALL_FAIL_20260226_215241.json,General Core & Utilities,Utility Script / Module,Active,N/A,4756f5a0e,Size: 359 bytes | Head SHA: 4756f5a0e
proof/archive/RUN_ALL_FAIL_20260226_222607.json,General Core & Utilities,Utility Script / Module,Active,N/A,4756f5a0e,Size: 359 bytes | Head SHA: 4756f5a0e
reports/coordination/AUTHORITY_RANK_ANALYSIS.csv,General Core & Utilities,Utility Script / Module,Active,N/A,4756f5a0e,Size: 7250 bytes | Head SHA: 4756f5a0e
reports/coordination/COMMAND_CENTER.md,General Core & Utilities,Utility Script / Module,Active,N/A,4756f5a0e,Size: 2294 bytes | Head SHA: 4756f5a0e
reports/coordination/GITHUB_ACTION_MAP_STATUS.csv,General Core & Utilities,Utility Script / Module,Active,N/A,4756f5a0e,Size: 3223 bytes | Head SHA: 4756f5a0e
reports/coordination/ISSUES_MERMAID.md,General Core & Utilities,Utility Script / Module,Active,N/A,4756f5a0e,Size: 1325 bytes | Head SHA: 4756f5a0e
reports/coordination/ISSUES_ONLY.md,General Core & Utilities,Utility Script / Module,Active,N/A,4756f5a0e,Size: 5326 bytes | Head SHA: 4756f5a0e
reports/coordination/LIVE_PROOF_CENTER_POINTER.md,General Core & Utilities,Utility Script / Module,Active,N/A,4756f5a0e,Size: 611 bytes | Head SHA: 4756f5a0e
reports/coordination/PHASE2_FIVE_LAYER_ARCHITECTURE_AUDIT_20260826.md,General Core & Utilities,Utility Script / Module,Active,N/A,4756f5a0e,Size: 1608 bytes | Head SHA: 4756f5a0e
reports/coordination/RENDER_HOST_RETIRED_MRI_HANDOFF_20260823.md,General Core & Utilities,Utility Script / Module,Active,N/A,4756f5a0e,Size: 6419 bytes | Head SHA: 4756f5a0e
reports/coordination/RHUI_V2.2_GATE_BOARD.csv,General Core & Utilities,Utility Script / Module,Active,N/A,4756f5a0e,Size: 1835 bytes | Head SHA: 4756f5a0e
reports/coordination/RHUI_V2.2_RiskExecution_SSOT.json,General Core & Utilities,Utility Script / Module,Active,N/A,4756f5a0e,Size: 3484 bytes | Head SHA: 4756f5a0e
reports/coordination/RHUI_V2.2_Verification_Checklist.json,General Core & Utilities,Utility Script / Module,Active,N/A,4756f5a0e,Size: 5515 bytes | Head SHA: 4756f5a0e
reports/coordination/SMOKE_TEST_LAST.json,General Core & Utilities,Utility Script / Module,Active,N/A,4756f5a0e,Size: 750 bytes | Head SHA: 4756f5a0e
reports/coordination/SYSTEM3_FULL_LIFECYCLE_MRI_DATA.json,General Core & Utilities,Utility Script / Module,Active,N/A,4756f5a0e,Size: 11112 bytes | Head SHA: 4756f5a0e
reports/coordination/SYSTEM3_PATCH_0021_CURSOR_VERIFICATION.md,General Core & Utilities,Utility Script / Module,Active,N/A,4756f5a0e,Size: 3316 bytes | Head SHA: 4756f5a0e
reports/coordination/SYSTEM3_ULTRA_MRI_HANDOFF.md,General Core & Utilities,Utility Script / Module,Active,N/A,4756f5a0e,Size: 830 bytes | Head SHA: 4756f5a0e
reports/coordination/TODO_CHECKLIST_FULL_VERIFY.json,General Core & Utilities,Utility Script / Module,Active,N/A,4756f5a0e,Size: 7325 bytes | Head SHA: 4756f5a0e
reports/coordination/TODO_CHECKLIST_FULL_VERIFY.md,General Core & Utilities,Utility Script / Module,Active,N/A,4756f5a0e,Size: 7207 bytes | Head SHA: 4756f5a0e
reports/coordination/TRACKING_CHECKLIST.json,General Core & Utilities,Utility Script / Module,Active,N/A,4756f5a0e,Size: 11770 bytes | Head SHA: 4756f5a0e
reports/coordination/TRACKING_CHECKLIST.md,General Core & Utilities,Utility Script / Module,Active,N/A,4756f5a0e,Size: 5147 bytes | Head SHA: 4756f5a0e
reports/coordination/chatgpt_backlog/README.md,General Core & Utilities,Utility Script / Module,Active,N/A,4756f5a0e,Size: 1367 bytes | Head SHA: 4756f5a0e
reports/coordination/chatgpt_backlog/system3_micro_execution_plan.csv,General Core & Utilities,Utility Script / Module,Active,N/A,4756f5a0e,Size: 8358 bytes | Head SHA: 4756f5a0e
reports/coordination/chatgpt_backlog/system3_micro_issue_master.csv,General Core & Utilities,Utility Script / Module,Active,N/A,4756f5a0e,Size: 161764 bytes | Head SHA: 4756f5a0e
reports/coordination/chatgpt_backlog/system3_micro_proof_matrix.csv,General Core & Utilities,Utility Script / Module,Active,N/A,4756f5a0e,Size: 124343 bytes | Head SHA: 4756f5a0e
reports/coordination/chatgpt_backlog/system3_pending_actions.csv,General Core & Utilities,Utility Script / Module,Active,N/A,4756f5a0e,Size: 16800 bytes | Head SHA: 4756f5a0e
reports/coordination/chatgpt_backlog/system3_proof_requirements.csv,General Core & Utilities,Utility Script / Module,Active,N/A,4756f5a0e,Size: 14905 bytes | Head SHA: 4756f5a0e
reports/coordination/chatgpt_backlog/system3_screenshot_evidence_register.csv,General Core & Utilities,Utility Script / Module,Active,N/A,4756f5a0e,Size: 13801 bytes | Head SHA: 4756f5a0e
reports/coordination/chatgpt_backlog/system3_signal_candidates.csv,General Core & Utilities,Utility Script / Module,Active,N/A,4756f5a0e,Size: 2691 bytes | Head SHA: 4756f5a0e
reports/coordination/chatgpt_backlog/system3_signal_candidates_annotated.csv,General Core & Utilities,Utility Script / Module,Active,N/A,4756f5a0e,Size: 36876 bytes | Head SHA: 4756f5a0e
reports/coordination/chatgpt_backlog/system3_world_class_recommendations.csv,General Core & Utilities,Utility Script / Module,Active,N/A,4756f5a0e,Size: 5996 bytes | Head SHA: 4756f5a0e
reports/coordination/pending_issues_master.csv,General Core & Utilities,Utility Script / Module,Active,N/A,4756f5a0e,Size: 13902 bytes | Head SHA: 4756f5a0e
reports/coordination/proof/PATCH_0021_T11_SANITIZER_DEMO.json,General Core & Utilities,Utility Script / Module,Active,N/A,4756f5a0e,Size: 471 bytes | Head SHA: 4756f5a0e
reports/coordination/proof/SMOKE_TEST_LAST.json,General Core & Utilities,Utility Script / Module,Active,N/A,4756f5a0e,Size: 750 bytes | Head SHA: 4756f5a0e
reports/coordination/ruhi_b002_recapture_20260822T103352Z.json,General Core & Utilities,Utility Script / Module,Active,N/A,4756f5a0e,Size: 3625 bytes | Head SHA: 4756f5a0e
reports/coordination/ruhi_task_ledger.csv,General Core & Utilities,Utility Script / Module,Active,N/A,4756f5a0e,Size: 15617 bytes | Head SHA: 4756f5a0e
reports/coordination/session_issues_master.csv,General Core & Utilities,Utility Script / Module,Active,N/A,4756f5a0e,Size: 6737 bytes | Head SHA: 4756f5a0e
reports/latest/CHATGPT_QC_DASHBOARD_FORENSIC_FINDINGS.md,General Core & Utilities,Utility Script / Module,Active,N/A,4756f5a0e,Size: 12503 bytes | Head SHA: 4756f5a0e
reports/latest/FINAL_HUMAN_READABLE_STATUS.md,General Core & Utilities,Utility Script / Module,Active,N/A,4756f5a0e,Size: 8314 bytes | Head SHA: 4756f5a0e
reports/latest/access_capability/ACCESS_GRANT_REVISE.ps1,General Core & Utilities,Utility Script / Module,Active,N/A,4756f5a0e,Size: 480 bytes | Head SHA: 4756f5a0e
reports/latest/access_capability/ACCESS_PROBE_RESULT.json,General Core & Utilities,Utility Script / Module,Active,N/A,4756f5a0e,Size: 9519 bytes | Head SHA: 4756f5a0e
reports/latest/access_capability/ACCESS_PROBE_RESULT.md,General Core & Utilities,Utility Script / Module,Active,N/A,4756f5a0e,Size: 1034 bytes | Head SHA: 4756f5a0e
reports/latest/access_capability/ACCESS_VERIFY_CONFIRM.md,General Core & Utilities,Utility Script / Module,Active,N/A,4756f5a0e,Size: 726 bytes | Head SHA: 4756f5a0e
reports/latest/all_tabs_zero_audit.json,General Core & Utilities,Utility Script / Module,Active,N/A,4756f5a0e,Size: 7701 bytes | Head SHA: 4756f5a0e
reports/latest/analyzer_signal/analyzer_signal_summary.json,General Core & Utilities,Utility Script / Module,Active,N/A,4756f5a0e,Size: 2183 bytes | Head SHA: 4756f5a0e
reports/latest/analyzer_signal/analyzer_signal_summary.md,General Core & Utilities,Utility Script / Module,Active,N/A,4756f5a0e,Size: 1243 bytes | Head SHA: 4756f5a0e
reports/latest/api_health/api_health_summary.json,General Core & Utilities,Utility Script / Module,Active,N/A,4756f5a0e,Size: 2169 bytes | Head SHA: 4756f5a0e
reports/latest/api_health/api_health_summary.md,General Core & Utilities,Utility Script / Module,Active,N/A,4756f5a0e,Size: 2014 bytes | Head SHA: 4756f5a0e
reports/latest/auto_recovery_blockers/README.md,General Core & Utilities,Utility Script / Module,Active,N/A,4756f5a0e,Size: 1037 bytes | Head SHA: 4756f5a0e
reports/latest/auto_recovery_blockers/auto_recovery_blockers.json,General Core & Utilities,Utility Script / Module,Active,N/A,4756f5a0e,Size: 1633 bytes | Head SHA: 4756f5a0e
reports/latest/autonomous_loop/BACKLOG.md,General Core & Utilities,Utility Script / Module,Active,N/A,4756f5a0e,Size: 1932 bytes | Head SHA: 4756f5a0e
reports/latest/autonomous_loop/intent_tick.json,General Core & Utilities,Utility Script / Module,Active,N/A,4756f5a0e,Size: 1055 bytes | Head SHA: 4756f5a0e
reports/latest/autopilot_proof_board/summary.json,General Core & Utilities,Utility Script / Module,Active,N/A,4756f5a0e,Size: 15801 bytes | Head SHA: 4756f5a0e
reports/latest/autopilot_proof_board/summary.md,General Core & Utilities,Utility Script / Module,Active,N/A,4756f5a0e,Size: 14356 bytes | Head SHA: 4756f5a0e
reports/latest/claude_blocker_fixes_20260624/summary.md,General Core & Utilities,Utility Script / Module,Active,N/A,4756f5a0e,Size: 3095 bytes | Head SHA: 4756f5a0e
reports/latest/claude_forensic_audit_20260624/summary.md,General Core & Utilities,Utility Script / Module,Active,N/A,4756f5a0e,Size: 4939 bytes | Head SHA: 4756f5a0e
reports/latest/claude_memory_audit/CLAUDE_PROJECT_MEMORY_CROSS_VERIFY_20260825.json,General Core & Utilities,Utility Script / Module,Active,N/A,4756f5a0e,Size: 4283 bytes | Head SHA: 4756f5a0e
reports/latest/claude_memory_audit/CLAUDE_PROJECT_MEMORY_CROSS_VERIFY_20260825.md,General Core & Utilities,Utility Script / Module,Active,N/A,4756f5a0e,Size: 1458 bytes | Head SHA: 4756f5a0e
reports/latest/cloud_ci_trigger_20260624.md,General Core & Utilities,Utility Script / Module,Active,N/A,4756f5a0e,Size: 221 bytes | Head SHA: 4756f5a0e
reports/latest/cloud_e2e_proof/README.md,General Core & Utilities,Utility Script / Module,Active,N/A,4756f5a0e,Size: 2393 bytes | Head SHA: 4756f5a0e
reports/latest/cloud_e2e_proof/summary.json,General Core & Utilities,Utility Script / Module,Active,N/A,4756f5a0e,Size: 3400 bytes | Head SHA: 4756f5a0e
reports/latest/cloud_health_proof/cloud_health_proof.json,General Core & Utilities,Utility Script / Module,Active,N/A,4756f5a0e,Size: 1879 bytes | Head SHA: 4756f5a0e
reports/latest/cloud_runtime_check/summary.json,General Core & Utilities,Utility Script / Module,Active,N/A,4756f5a0e,Size: 26571 bytes | Head SHA: 4756f5a0e
reports/latest/cloud_runtime_check/summary.md,General Core & Utilities,Utility Script / Module,Active,N/A,4756f5a0e,Size: 2967 bytes | Head SHA: 4756f5a0e
reports/latest/continuous_closure/resume_state.json,General Core & Utilities,Utility Script / Module,Active,N/A,4756f5a0e,Size: 1055 bytes | Head SHA: 4756f5a0e
reports/latest/continuous_closure/summary.json,General Core & Utilities,Utility Script / Module,Active,N/A,4756f5a0e,Size: 17670 bytes | Head SHA: 4756f5a0e
reports/latest/control_plane/NEXT_ACTION.md,General Core & Utilities,Utility Script / Module,Active,N/A,4756f5a0e,Size: 537 bytes | Head SHA: 4756f5a0e
reports/latest/control_plane/bankex_expiry_premerge_20260824T080307Z/NEXT_ACTION.md,General Core & Utilities,Utility Script / Module,Active,N/A,4756f5a0e,Size: 560 bytes | Head SHA: 4756f5a0e
reports/latest/control_plane/bankex_expiry_premerge_20260824T080307Z/workflow_issue_artifact_snapshot.json,General Core & Utilities,Utility Script / Module,Active,N/A,4756f5a0e,Size: 81142 bytes | Head SHA: 4756f5a0e
reports/latest/control_plane/bankex_premerge_20260824T075003Z/NEXT_ACTION.md,General Core & Utilities,Utility Script / Module,Active,N/A,4756f5a0e,Size: 565 bytes | Head SHA: 4756f5a0e
reports/latest/control_plane/bankex_premerge_20260824T075003Z/workflow_issue_artifact_snapshot.json,General Core & Utilities,Utility Script / Module,Active,N/A,4756f5a0e,Size: 81974 bytes | Head SHA: 4756f5a0e
reports/latest/control_plane/bankex_segment_premerge_20260824T081519Z/NEXT_ACTION.md,General Core & Utilities,Utility Script / Module,Active,N/A,4756f5a0e,Size: 481 bytes | Head SHA: 4756f5a0e
reports/latest/control_plane/bankex_segment_premerge_20260824T081519Z/workflow_issue_artifact_snapshot.json,General Core & Utilities,Utility Script / Module,Active,N/A,4756f5a0e,Size: 80184 bytes | Head SHA: 4756f5a0e
reports/latest/control_plane/p0_188_03_premerge_20260824T072112Z/NEXT_ACTION.md,General Core & Utilities,Utility Script / Module,Active,N/A,4756f5a0e,Size: 537 bytes | Head SHA: 4756f5a0e
reports/latest/control_plane/p0_188_03_premerge_20260824T072112Z/workflow_issue_artifact_snapshot.json,General Core & Utilities,Utility Script / Module,Active,N/A,4756f5a0e,Size: 79612 bytes | Head SHA: 4756f5a0e
reports/latest/control_plane/resume_20260824T123345Z/NEXT_ACTION.md,General Core & Utilities,Utility Script / Module,Active,N/A,4756f5a0e,Size: 537 bytes | Head SHA: 4756f5a0e
reports/latest/control_plane/resume_20260824T123345Z/workflow_issue_artifact_snapshot.json,General Core & Utilities,Utility Script / Module,Active,N/A,4756f5a0e,Size: 81259 bytes | Head SHA: 4756f5a0e
reports/latest/control_plane/workflow_issue_artifact_snapshot.json,General Core & Utilities,Utility Script / Module,Active,N/A,4756f5a0e,Size: 79528 bytes | Head SHA: 4756f5a0e
reports/latest/dashboard_auto_snap/endpoint_matrix.json,General Core & Utilities,Utility Script / Module,Active,N/A,4756f5a0e,Size: 2932 bytes | Head SHA: 4756f5a0e
reports/latest/dashboard_auto_snap/latest_auto_gates.json,General Core & Utilities,Utility Script / Module,Active,N/A,4756f5a0e,Size: 6151 bytes | Head SHA: 4756f5a0e
reports/latest/dashboard_auto_snap/latest_health.json,General Core & Utilities,Utility Script / Module,Active,N/A,4756f5a0e,Size: 876 bytes | Head SHA: 4756f5a0e
reports/latest/dashboard_auto_snap/latest_instruments_health.json,General Core & Utilities,Utility Script / Module,Active,N/A,4756f5a0e,Size: 617 bytes | Head SHA: 4756f5a0e
reports/latest/dashboard_auto_snap/latest_qc.json,General Core & Utilities,Utility Script / Module,Active,N/A,4756f5a0e,Size: 291 bytes | Head SHA: 4756f5a0e
reports/latest/dashboard_auto_snap/latest_state.json,General Core & Utilities,Utility Script / Module,Active,N/A,4756f5a0e,Size: 2255 bytes | Head SHA: 4756f5a0e
reports/latest/dashboard_auto_snap/latest_summary.md,General Core & Utilities,Utility Script / Module,Active,N/A,4756f5a0e,Size: 559 bytes | Head SHA: 4756f5a0e
reports/latest/dashboard_auto_snap/latest_ui_response.json,General Core & Utilities,Utility Script / Module,Active,N/A,4756f5a0e,Size: 304 bytes | Head SHA: 4756f5a0e
reports/latest/dashboard_auto_snap/latest_underlyings.json,General Core & Utilities,Utility Script / Module,Active,N/A,4756f5a0e,Size: 96 bytes | Head SHA: 4756f5a0e
reports/latest/dashboard_auto_snap/latest_verdict.json,General Core & Utilities,Utility Script / Module,Active,N/A,4756f5a0e,Size: 639 bytes | Head SHA: 4756f5a0e
reports/latest/dashboard_browser_proof/screenshots/.last-run.json,General Core & Utilities,Utility Script / Module,Active,N/A,4756f5a0e,Size: 45 bytes | Head SHA: 4756f5a0e
reports/latest/dashboard_browser_proof/summary.json,General Core & Utilities,Utility Script / Module,Active,N/A,4756f5a0e,Size: 3776 bytes | Head SHA: 4756f5a0e
reports/latest/dashboard_browser_proof/summary.md,General Core & Utilities,Utility Script / Module,Active,N/A,4756f5a0e,Size: 370 bytes | Head SHA: 4756f5a0e
reports/latest/dashboard_endpoint_coverage/endpoint_coverage_summary.json,General Core & Utilities,Utility Script / Module,Active,N/A,4756f5a0e,Size: 35504 bytes | Head SHA: 4756f5a0e
reports/latest/dashboard_endpoint_coverage/endpoint_results.json,General Core & Utilities,Utility Script / Module,Active,N/A,4756f5a0e,Size: 32367 bytes | Head SHA: 4756f5a0e
reports/latest/dashboard_full_audit/summary.json,General Core & Utilities,Utility Script / Module,Active,N/A,4756f5a0e,Size: 2868 bytes | Head SHA: 4756f5a0e
reports/latest/dashboard_full_audit/summary.md,General Core & Utilities,Utility Script / Module,Active,N/A,4756f5a0e,Size: 447 bytes | Head SHA: 4756f5a0e
reports/latest/dashboard_shell_diagnostic/summary.json,General Core & Utilities,Utility Script / Module,Active,N/A,4756f5a0e,Size: 1399 bytes | Head SHA: 4756f5a0e
reports/latest/dashboard_shell_diagnostic/summary.md,General Core & Utilities,Utility Script / Module,Active,N/A,4756f5a0e,Size: 817 bytes | Head SHA: 4756f5a0e
reports/latest/dashboard_truth/dashboard_truth_summary.json,General Core & Utilities,Utility Script / Module,Active,N/A,4756f5a0e,Size: 4218 bytes | Head SHA: 4756f5a0e
reports/latest/dashboard_truth/dashboard_truth_summary.md,General Core & Utilities,Utility Script / Module,Active,N/A,4756f5a0e,Size: 1780 bytes | Head SHA: 4756f5a0e
reports/latest/dashboard_truth_proof/README.md,General Core & Utilities,Utility Script / Module,Active,N/A,4756f5a0e,Size: 399 bytes | Head SHA: 4756f5a0e
reports/latest/dashboard_truth_proof/summary.json,General Core & Utilities,Utility Script / Module,Active,N/A,4756f5a0e,Size: 1793 bytes | Head SHA: 4756f5a0e
reports/latest/dashboard_ui_proof/latest.json,General Core & Utilities,Utility Script / Module,Active,N/A,4756f5a0e,Size: 138 bytes | Head SHA: 4756f5a0e
reports/latest/dashboard_visible_issue_tracker/summary.json,General Core & Utilities,Utility Script / Module,Active,N/A,4756f5a0e,Size: 65644 bytes | Head SHA: 4756f5a0e
reports/latest/dashboard_visible_issue_tracker/summary.md,General Core & Utilities,Utility Script / Module,Active,N/A,4756f5a0e,Size: 17712 bytes | Head SHA: 4756f5a0e
reports/latest/dashboard_visual_contract_check/summary.json,General Core & Utilities,Utility Script / Module,Active,N/A,4756f5a0e,Size: 3143 bytes | Head SHA: 4756f5a0e
reports/latest/dashboard_visual_contract_check/summary.md,General Core & Utilities,Utility Script / Module,Active,N/A,4756f5a0e,Size: 435 bytes | Head SHA: 4756f5a0e
reports/latest/dashboard_visual_production_proof/summary.json,General Core & Utilities,Utility Script / Module,Active,N/A,4756f5a0e,Size: 2139 bytes | Head SHA: 4756f5a0e
reports/latest/dashboard_visual_production_proof/visual_proof.md,General Core & Utilities,Utility Script / Module,Active,N/A,4756f5a0e,Size: 1050 bytes | Head SHA: 4756f5a0e
reports/latest/documentation_contradictions.md,General Core & Utilities,Utility Script / Module,Active,N/A,4756f5a0e,Size: 116055 bytes | Head SHA: 4756f5a0e
reports/latest/experimental_solution_planner/summary.json,General Core & Utilities,Utility Script / Module,Active,N/A,4756f5a0e,Size: 62850 bytes | Head SHA: 4756f5a0e
reports/latest/experimental_solution_planner/summary.md,General Core & Utilities,Utility Script / Module,Active,N/A,4756f5a0e,Size: 33005 bytes | Head SHA: 4756f5a0e
reports/latest/external_data_yahoo/yahoo_data_summary.json,General Core & Utilities,Utility Script / Module,Active,N/A,4756f5a0e,Size: 1110 bytes | Head SHA: 4756f5a0e
reports/latest/fresh_data_automation_proof/README.md,General Core & Utilities,Utility Script / Module,Active,N/A,4756f5a0e,Size: 439 bytes | Head SHA: 4756f5a0e
reports/latest/fresh_data_automation_proof/summary.json,General Core & Utilities,Utility Script / Module,Active,N/A,4756f5a0e,Size: 11517 bytes | Head SHA: 4756f5a0e
reports/latest/friction_expectancy/summary.json,General Core & Utilities,Utility Script / Module,Active,N/A,4756f5a0e,Size: 6551 bytes | Head SHA: 4756f5a0e
reports/latest/friction_expectancy/summary.md,General Core & Utilities,Utility Script / Module,Active,N/A,4756f5a0e,Size: 259 bytes | Head SHA: 4756f5a0e
reports/latest/full_cross_verify_20260826_193000/FULL_VERIFY_REPORT.md,General Core & Utilities,Utility Script / Module,Active,N/A,4756f5a0e,Size: 7514 bytes | Head SHA: 4756f5a0e
reports/latest/full_cross_verify_20260826_193000/_gmail_pull.py,General Core & Utilities,Utility Script / Module,Active,N/A,4756f5a0e,Size: 2658 bytes | Head SHA: 4756f5a0e
reports/latest/full_cross_verify_20260826_193000/auto_gates.json,General Core & Utilities,Utility Script / Module,Active,N/A,4756f5a0e,Size: 6649 bytes | Head SHA: 4756f5a0e
reports/latest/full_cross_verify_20260826_193000/gmail_system3_threads.json,General Core & Utilities,Utility Script / Module,Active,N/A,4756f5a0e,Size: 15817 bytes | Head SHA: 4756f5a0e
reports/latest/full_cross_verify_20260826_193000/health.json,General Core & Utilities,Utility Script / Module,Active,N/A,4756f5a0e,Size: 730 bytes | Head SHA: 4756f5a0e
reports/latest/full_cross_verify_20260826_193000/state.json,General Core & Utilities,Utility Script / Module,Active,N/A,4756f5a0e,Size: 5226 bytes | Head SHA: 4756f5a0e
reports/latest/full_dashboard_api_audit/cloud_api_snapshot.json,General Core & Utilities,Utility Script / Module,Active,N/A,4756f5a0e,Size: 302026 bytes | Head SHA: 4756f5a0e
reports/latest/full_trading_pipeline_readiness/09_pipeline_gate_summary.json,General Core & Utilities,Utility Script / Module,Active,N/A,4756f5a0e,Size: 715 bytes | Head SHA: 4756f5a0e
reports/latest/full_trading_pipeline_readiness/09_pipeline_gate_summary.md,General Core & Utilities,Utility Script / Module,Active,N/A,4756f5a0e,Size: 1661 bytes | Head SHA: 4756f5a0e
reports/latest/gcp_full_mri_20260826/api_auto_gates.json,General Core & Utilities,Utility Script / Module,Active,N/A,4756f5a0e,Size: 9017 bytes | Head SHA: 4756f5a0e
reports/latest/gcp_full_mri_20260826/api_health.json,General Core & Utilities,Utility Script / Module,Active,N/A,4756f5a0e,Size: 922 bytes | Head SHA: 4756f5a0e
reports/latest/gcp_full_mri_20260826/apis_enabled.json,General Core & Utilities,Utility Script / Module,Active,N/A,4756f5a0e,Size: 814573 bytes | Head SHA: 4756f5a0e
reports/latest/gcp_full_mri_20260826/billing.json,General Core & Utilities,Utility Script / Module,Active,N/A,4756f5a0e,Size: 193 bytes | Head SHA: 4756f5a0e
reports/latest/gcp_full_mri_20260826/buckets.json,General Core & Utilities,Utility Script / Module,Active,N/A,4756f5a0e,Size: 3616 bytes | Head SHA: 4756f5a0e
reports/latest/gcp_full_mri_20260826/console_dashboard_capture.json,General Core & Utilities,Utility Script / Module,Active,N/A,4756f5a0e,Size: 631 bytes | Head SHA: 4756f5a0e
reports/latest/gcp_full_mri_20260826/f12_devtools_capture.json,General Core & Utilities,Utility Script / Module,Active,N/A,4756f5a0e,Size: 6904 bytes | Head SHA: 4756f5a0e
reports/latest/gcp_full_mri_20260826/iam_custom_roles.json,General Core & Utilities,Utility Script / Module,Active,N/A,4756f5a0e,Size: 794 bytes | Head SHA: 4756f5a0e
reports/latest/gcp_full_mri_20260826/project_describe.json,General Core & Utilities,Utility Script / Module,Active,N/A,4756f5a0e,Size: 286 bytes | Head SHA: 4756f5a0e
reports/latest/gcp_full_mri_20260826/pubsub_topics.json,General Core & Utilities,Utility Script / Module,Active,N/A,4756f5a0e,Size: 268 bytes | Head SHA: 4756f5a0e
reports/latest/gcp_full_mri_20260826/recent_web_logs.json,General Core & Utilities,Utility Script / Module,Active,N/A,4756f5a0e,Size: 44706 bytes | Head SHA: 4756f5a0e
reports/latest/gcp_full_mri_20260826/rotate_job_full.json,General Core & Utilities,Utility Script / Module,Active,N/A,4756f5a0e,Size: 5796 bytes | Head SHA: 4756f5a0e
reports/latest/gcp_full_mri_20260826/run_jobs.json,General Core & Utilities,Utility Script / Module,Active,N/A,4756f5a0e,Size: 44218 bytes | Head SHA: 4756f5a0e
reports/latest/gcp_full_mri_20260826/run_services.json,General Core & Utilities,Utility Script / Module,Active,N/A,4756f5a0e,Size: 11066 bytes | Head SHA: 4756f5a0e
reports/latest/gcp_full_mri_20260826/secrets.json,General Core & Utilities,Utility Script / Module,Active,N/A,4756f5a0e,Size: 2366 bytes | Head SHA: 4756f5a0e
reports/latest/gcp_full_mri_20260826/service_accounts.json,General Core & Utilities,Utility Script / Module,Active,N/A,4756f5a0e,Size: 11236 bytes | Head SHA: 4756f5a0e
reports/latest/gcp_full_mri_20260826/web_revisions.json,General Core & Utilities,Utility Script / Module,Active,N/A,4756f5a0e,Size: 127411 bytes | Head SHA: 4756f5a0e
reports/latest/gcp_full_mri_20260826/web_service_full.json,General Core & Utilities,Utility Script / Module,Active,N/A,4756f5a0e,Size: 10448 bytes | Head SHA: 4756f5a0e
reports/latest/gcp_full_mri_20260826/wif_pools.json,General Core & Utilities,Utility Script / Module,Active,N/A,4756f5a0e,Size: 715 bytes | Head SHA: 4756f5a0e
reports/latest/gcp_micro_mri/20260826T043801Z/apis_enabled.json,General Core & Utilities,Utility Script / Module,Active,N/A,4756f5a0e,Size: 814573 bytes | Head SHA: 4756f5a0e
reports/latest/gcp_micro_mri/20260826T043801Z/artifact_repos.json,General Core & Utilities,Utility Script / Module,Active,N/A,4756f5a0e,Size: 332 bytes | Head SHA: 4756f5a0e
reports/latest/gcp_micro_mri/20260826T043801Z/billing.json,General Core & Utilities,Utility Script / Module,Active,N/A,4756f5a0e,Size: 193 bytes | Head SHA: 4756f5a0e
reports/latest/gcp_micro_mri/20260826T043801Z/bq_datasets.json,General Core & Utilities,Utility Script / Module,Active,N/A,4756f5a0e,Size: 489 bytes | Head SHA: 4756f5a0e
reports/latest/gcp_micro_mri/20260826T043801Z/bucket_adc-aab54293-ea9f-481e-9e8c-a7514329ca09.json,General Core & Utilities,Utility Script / Module,Active,N/A,4756f5a0e,Size: 599 bytes | Head SHA: 4756f5a0e
reports/latest/gcp_micro_mri/20260826T043801Z/bucket_run-sources-system3-openalgo-safe-asia-south1.json,General Core & Utilities,Utility Script / Module,Active,N/A,4756f5a0e,Size: 979 bytes | Head SHA: 4756f5a0e
reports/latest/gcp_micro_mri/20260826T043801Z/bucket_system3-openalgo-safe_cloudbuild.json,General Core & Utilities,Utility Script / Module,Active,N/A,4756f5a0e,Size: 1782 bytes | Head SHA: 4756f5a0e
reports/latest/gcp_micro_mri/20260826T043801Z/buckets.json,General Core & Utilities,Utility Script / Module,Active,N/A,4756f5a0e,Size: 3616 bytes | Head SHA: 4756f5a0e
reports/latest/gcp_micro_mri/20260826T043801Z/build_triggers.json,General Core & Utilities,Utility Script / Module,Active,N/A,4756f5a0e,Size: 2 bytes | Head SHA: 4756f5a0e
reports/latest/gcp_micro_mri/20260826T043801Z/builds_recent.json,General Core & Utilities,Utility Script / Module,Active,N/A,4756f5a0e,Size: 81643 bytes | Head SHA: 4756f5a0e
reports/latest/gcp_micro_mri/20260826T043801Z/compute_instances.json,General Core & Utilities,Utility Script / Module,Active,N/A,4756f5a0e,Size: 2 bytes | Head SHA: 4756f5a0e
reports/latest/gcp_micro_mri/20260826T043801Z/dns_zones.json,General Core & Utilities,Utility Script / Module,Active,N/A,4756f5a0e,Size: 2 bytes | Head SHA: 4756f5a0e
reports/latest/gcp_micro_mri/20260826T043801Z/eventarc_triggers.json,General Core & Utilities,Utility Script / Module,Active,N/A,4756f5a0e,Size: 2 bytes | Head SHA: 4756f5a0e
reports/latest/gcp_micro_mri/20260826T043801Z/functions.json,General Core & Utilities,Utility Script / Module,Active,N/A,4756f5a0e,Size: 1790 bytes | Head SHA: 4756f5a0e
reports/latest/gcp_micro_mri/20260826T043801Z/github_origin_main.json,General Core & Utilities,Utility Script / Module,Active,N/A,4756f5a0e,Size: 57 bytes | Head SHA: 4756f5a0e
reports/latest/gcp_micro_mri/20260826T043801Z/iam_custom_roles.json,General Core & Utilities,Utility Script / Module,Active,N/A,4756f5a0e,Size: 794 bytes | Head SHA: 4756f5a0e
reports/latest/gcp_micro_mri/20260826T043801Z/live_api_auto_gates.json,General Core & Utilities,Utility Script / Module,Active,N/A,4756f5a0e,Size: 9015 bytes | Head SHA: 4756f5a0e
reports/latest/gcp_micro_mri/20260826T043801Z/live_api_health.json,General Core & Utilities,Utility Script / Module,Active,N/A,4756f5a0e,Size: 922 bytes | Head SHA: 4756f5a0e
reports/latest/gcp_micro_mri/20260826T043801Z/live_api_system_health.json,General Core & Utilities,Utility Script / Module,Active,N/A,4756f5a0e,Size: 6148 bytes | Head SHA: 4756f5a0e
reports/latest/gcp_micro_mri/20260826T043801Z/logging_sinks.json,General Core & Utilities,Utility Script / Module,Active,N/A,4756f5a0e,Size: 1175 bytes | Head SHA: 4756f5a0e
reports/latest/gcp_micro_mri/20260826T043801Z/monitoring_policies.json,General Core & Utilities,Utility Script / Module,Active,N/A,4756f5a0e,Size: 880 bytes | Head SHA: 4756f5a0e
reports/latest/gcp_micro_mri/20260826T043801Z/org_policies.json,General Core & Utilities,Utility Script / Module,Active,N/A,4756f5a0e,Size: 2 bytes | Head SHA: 4756f5a0e
reports/latest/gcp_micro_mri/20260826T043801Z/project.json,General Core & Utilities,Utility Script / Module,Active,N/A,4756f5a0e,Size: 286 bytes | Head SHA: 4756f5a0e
reports/latest/gcp_micro_mri/20260826T043801Z/pubsub_subs_genesis-system3-incidents.json,General Core & Utilities,Utility Script / Module,Active,N/A,4756f5a0e,Size: 2 bytes | Head SHA: 4756f5a0e
reports/latest/gcp_micro_mri/20260826T043801Z/pubsub_subs_genesis-system3-ops-events.json,General Core & Utilities,Utility Script / Module,Active,N/A,4756f5a0e,Size: 2 bytes | Head SHA: 4756f5a0e
reports/latest/gcp_micro_mri/20260826T043801Z/pubsub_subscriptions.json,General Core & Utilities,Utility Script / Module,Active,N/A,4756f5a0e,Size: 2 bytes | Head SHA: 4756f5a0e
reports/latest/gcp_micro_mri/20260826T043801Z/pubsub_topics.json,General Core & Utilities,Utility Script / Module,Active,N/A,4756f5a0e,Size: 268 bytes | Head SHA: 4756f5a0e
reports/latest/gcp_micro_mri/20260826T043801Z/run_job_exec_genesis-system3-control-plane-verify.json,General Core & Utilities,Utility Script / Module,Active,N/A,4756f5a0e,Size: 56247 bytes | Head SHA: 4756f5a0e
reports/latest/gcp_micro_mri/20260826T043801Z/run_job_exec_genesis-system3-forecast.json,General Core & Utilities,Utility Script / Module,Active,N/A,4756f5a0e,Size: 56093 bytes | Head SHA: 4756f5a0e
reports/latest/gcp_micro_mri/20260826T043801Z/run_job_exec_genesis-system3-rank.json,General Core & Utilities,Utility Script / Module,Active,N/A,4756f5a0e,Size: 60726 bytes | Head SHA: 4756f5a0e
reports/latest/gcp_micro_mri/20260826T043801Z/run_job_exec_genesis-system3-signals.json,General Core & Utilities,Utility Script / Module,Active,N/A,4756f5a0e,Size: 55704 bytes | Head SHA: 4756f5a0e
reports/latest/gcp_micro_mri/20260826T043801Z/run_job_exec_genesis-system3-smoke.json,General Core & Utilities,Utility Script / Module,Active,N/A,4756f5a0e,Size: 5623 bytes | Head SHA: 4756f5a0e
reports/latest/gcp_micro_mri/20260826T043801Z/run_job_exec_genesis-system3-validate.json,General Core & Utilities,Utility Script / Module,Active,N/A,4756f5a0e,Size: 60961 bytes | Head SHA: 4756f5a0e
reports/latest/gcp_micro_mri/20260826T043801Z/run_job_genesis-system3-control-plane-verify.json,General Core & Utilities,Utility Script / Module,Active,N/A,4756f5a0e,Size: 4283 bytes | Head SHA: 4756f5a0e
reports/latest/gcp_micro_mri/20260826T043801Z/run_job_genesis-system3-forecast.json,General Core & Utilities,Utility Script / Module,Active,N/A,4756f5a0e,Size: 4349 bytes | Head SHA: 4756f5a0e
reports/latest/gcp_micro_mri/20260826T043801Z/run_job_genesis-system3-rank.json,General Core & Utilities,Utility Script / Module,Active,N/A,4756f5a0e,Size: 4911 bytes | Head SHA: 4756f5a0e
reports/latest/gcp_micro_mri/20260826T043801Z/run_job_genesis-system3-signals.json,General Core & Utilities,Utility Script / Module,Active,N/A,4756f5a0e,Size: 4295 bytes | Head SHA: 4756f5a0e
reports/latest/gcp_micro_mri/20260826T043801Z/run_job_genesis-system3-smoke.json,General Core & Utilities,Utility Script / Module,Active,N/A,4756f5a0e,Size: 4483 bytes | Head SHA: 4756f5a0e
reports/latest/gcp_micro_mri/20260826T043801Z/run_job_genesis-system3-validate.json,General Core & Utilities,Utility Script / Module,Active,N/A,4756f5a0e,Size: 4977 bytes | Head SHA: 4756f5a0e
reports/latest/gcp_micro_mri/20260826T043801Z/run_jobs_africa-south1.json,General Core & Utilities,Utility Script / Module,Active,N/A,4756f5a0e,Size: 2 bytes | Head SHA: 4756f5a0e
reports/latest/gcp_micro_mri/20260826T043801Z/run_jobs_all.json,General Core & Utilities,Utility Script / Module,Active,N/A,4756f5a0e,Size: 44367 bytes | Head SHA: 4756f5a0e
reports/latest/gcp_micro_mri/20260826T043801Z/run_jobs_asia-east1.json,General Core & Utilities,Utility Script / Module,Active,N/A,4756f5a0e,Size: 2 bytes | Head SHA: 4756f5a0e
reports/latest/gcp_micro_mri/20260826T043801Z/run_jobs_asia-east2.json,General Core & Utilities,Utility Script / Module,Active,N/A,4756f5a0e,Size: 2 bytes | Head SHA: 4756f5a0e
reports/latest/gcp_micro_mri/20260826T043801Z/run_jobs_asia-northeast1.json,General Core & Utilities,Utility Script / Module,Active,N/A,4756f5a0e,Size: 2 bytes | Head SHA: 4756f5a0e
reports/latest/gcp_micro_mri/20260826T043801Z/run_jobs_asia-northeast2.json,General Core & Utilities,Utility Script / Module,Active,N/A,4756f5a0e,Size: 2 bytes | Head SHA: 4756f5a0e
reports/latest/gcp_micro_mri/20260826T043801Z/run_jobs_asia-northeast3.json,General Core & Utilities,Utility Script / Module,Active,N/A,4756f5a0e,Size: 2 bytes | Head SHA: 4756f5a0e
reports/latest/gcp_micro_mri/20260826T043801Z/run_jobs_asia-south1.json,General Core & Utilities,Utility Script / Module,Active,N/A,4756f5a0e,Size: 44088 bytes | Head SHA: 4756f5a0e
reports/latest/gcp_micro_mri/20260826T043801Z/run_jobs_asia-south2.json,General Core & Utilities,Utility Script / Module,Active,N/A,4756f5a0e,Size: 2 bytes | Head SHA: 4756f5a0e
reports/latest/gcp_micro_mri/20260826T043801Z/run_jobs_asia-southeast1.json,General Core & Utilities,Utility Script / Module,Active,N/A,4756f5a0e,Size: 2 bytes | Head SHA: 4756f5a0e
reports/latest/gcp_micro_mri/20260826T043801Z/run_jobs_asia-southeast2.json,General Core & Utilities,Utility Script / Module,Active,N/A,4756f5a0e,Size: 2 bytes | Head SHA: 4756f5a0e
reports/latest/gcp_micro_mri/20260826T043801Z/run_jobs_asia-southeast3.json,General Core & Utilities,Utility Script / Module,Active,N/A,4756f5a0e,Size: 2 bytes | Head SHA: 4756f5a0e
reports/latest/gcp_micro_mri/20260826T043801Z/run_jobs_australia-southeast1.json,General Core & Utilities,Utility Script / Module,Active,N/A,4756f5a0e,Size: 2 bytes | Head SHA: 4756f5a0e
reports/latest/gcp_micro_mri/20260826T043801Z/run_jobs_australia-southeast2.json,General Core & Utilities,Utility Script / Module,Active,N/A,4756f5a0e,Size: 2 bytes | Head SHA: 4756f5a0e
reports/latest/gcp_micro_mri/20260826T043801Z/run_jobs_europe-central2.json,General Core & Utilities,Utility Script / Module,Active,N/A,4756f5a0e,Size: 2 bytes | Head SHA: 4756f5a0e
reports/latest/gcp_micro_mri/20260826T043801Z/run_jobs_europe-north1.json,General Core & Utilities,Utility Script / Module,Active,N/A,4756f5a0e,Size: 2 bytes | Head SHA: 4756f5a0e
reports/latest/gcp_micro_mri/20260826T043801Z/run_jobs_europe-north2.json,General Core & Utilities,Utility Script / Module,Active,N/A,4756f5a0e,Size: 2 bytes | Head SHA: 4756f5a0e
reports/latest/gcp_micro_mri/20260826T043801Z/run_jobs_europe-southwest1.json,General Core & Utilities,Utility Script / Module,Active,N/A,4756f5a0e,Size: 2 bytes | Head SHA: 4756f5a0e
reports/latest/gcp_micro_mri/20260826T043801Z/run_jobs_europe-west1.json,General Core & Utilities,Utility Script / Module,Active,N/A,4756f5a0e,Size: 2 bytes | Head SHA: 4756f5a0e
reports/latest/gcp_micro_mri/20260826T043801Z/run_jobs_europe-west10.json,General Core & Utilities,Utility Script / Module,Active,N/A,4756f5a0e,Size: 2 bytes | Head SHA: 4756f5a0e
reports/latest/gcp_micro_mri/20260826T043801Z/run_jobs_europe-west12.json,General Core & Utilities,Utility Script / Module,Active,N/A,4756f5a0e,Size: 2 bytes | Head SHA: 4756f5a0e
reports/latest/gcp_micro_mri/20260826T043801Z/run_jobs_europe-west2.json,General Core & Utilities,Utility Script / Module,Active,N/A,4756f5a0e,Size: 2 bytes | Head SHA: 4756f5a0e
reports/latest/gcp_micro_mri/20260826T043801Z/run_jobs_europe-west3.json,General Core & Utilities,Utility Script / Module,Active,N/A,4756f5a0e,Size: 2 bytes | Head SHA: 4756f5a0e
reports/latest/gcp_micro_mri/20260826T043801Z/run_jobs_europe-west4.json,General Core & Utilities,Utility Script / Module,Active,N/A,4756f5a0e,Size: 2 bytes | Head SHA: 4756f5a0e
reports/latest/gcp_micro_mri/20260826T043801Z/run_jobs_europe-west6.json,General Core & Utilities,Utility Script / Module,Active,N/A,4756f5a0e,Size: 2 bytes | Head SHA: 4756f5a0e
reports/latest/gcp_micro_mri/20260826T043801Z/run_jobs_europe-west8.json,General Core & Utilities,Utility Script / Module,Active,N/A,4756f5a0e,Size: 2 bytes | Head SHA: 4756f5a0e
reports/latest/gcp_micro_mri/20260826T043801Z/run_jobs_europe-west9.json,General Core & Utilities,Utility Script / Module,Active,N/A,4756f5a0e,Size: 2 bytes | Head SHA: 4756f5a0e
reports/latest/gcp_micro_mri/20260826T043801Z/run_jobs_me-central1.json,General Core & Utilities,Utility Script / Module,Active,N/A,4756f5a0e,Size: 2 bytes | Head SHA: 4756f5a0e
reports/latest/gcp_micro_mri/20260826T043801Z/run_jobs_me-central2.json,General Core & Utilities,Utility Script / Module,Active,N/A,4756f5a0e,Size: 793 bytes | Head SHA: 4756f5a0e
reports/latest/gcp_micro_mri/20260826T043801Z/run_jobs_me-west1.json,General Core & Utilities,Utility Script / Module,Active,N/A,4756f5a0e,Size: 2 bytes | Head SHA: 4756f5a0e
reports/latest/gcp_micro_mri/20260826T043801Z/run_jobs_northamerica-northeast1.json,General Core & Utilities,Utility Script / Module,Active,N/A,4756f5a0e,Size: 2 bytes | Head SHA: 4756f5a0e
reports/latest/gcp_micro_mri/20260826T043801Z/run_jobs_northamerica-northeast2.json,General Core & Utilities,Utility Script / Module,Active,N/A,4756f5a0e,Size: 2 bytes | Head SHA: 4756f5a0e
reports/latest/gcp_micro_mri/20260826T043801Z/run_jobs_northamerica-south1.json,General Core & Utilities,Utility Script / Module,Active,N/A,4756f5a0e,Size: 2 bytes | Head SHA: 4756f5a0e
reports/latest/gcp_micro_mri/20260826T043801Z/run_jobs_southamerica-east1.json,General Core & Utilities,Utility Script / Module,Active,N/A,4756f5a0e,Size: 2 bytes | Head SHA: 4756f5a0e
reports/latest/gcp_micro_mri/20260826T043801Z/run_jobs_southamerica-west1.json,General Core & Utilities,Utility Script / Module,Active,N/A,4756f5a0e,Size: 2 bytes | Head SHA: 4756f5a0e
reports/latest/gcp_micro_mri/20260826T043801Z/run_jobs_us-central1.json,General Core & Utilities,Utility Script / Module,Active,N/A,4756f5a0e,Size: 2 bytes | Head SHA: 4756f5a0e
reports/latest/gcp_micro_mri/20260826T043801Z/run_jobs_us-east1.json,General Core & Utilities,Utility Script / Module,Active,N/A,4756f5a0e,Size: 2 bytes | Head SHA: 4756f5a0e
reports/latest/gcp_micro_mri/20260826T043801Z/run_jobs_us-east4.json,General Core & Utilities,Utility Script / Module,Active,N/A,4756f5a0e,Size: 2 bytes | Head SHA: 4756f5a0e
reports/latest/gcp_micro_mri/20260826T043801Z/run_jobs_us-east5.json,General Core & Utilities,Utility Script / Module,Active,N/A,4756f5a0e,Size: 2 bytes | Head SHA: 4756f5a0e
reports/latest/gcp_micro_mri/20260826T043801Z/run_jobs_us-south1.json,General Core & Utilities,Utility Script / Module,Active,N/A,4756f5a0e,Size: 2 bytes | Head SHA: 4756f5a0e
reports/latest/gcp_micro_mri/20260826T043801Z/run_jobs_us-west1.json,General Core & Utilities,Utility Script / Module,Active,N/A,4756f5a0e,Size: 2 bytes | Head SHA: 4756f5a0e
reports/latest/gcp_micro_mri/20260826T043801Z/run_jobs_us-west2.json,General Core & Utilities,Utility Script / Module,Active,N/A,4756f5a0e,Size: 2 bytes | Head SHA: 4756f5a0e
reports/latest/gcp_micro_mri/20260826T043801Z/run_jobs_us-west3.json,General Core & Utilities,Utility Script / Module,Active,N/A,4756f5a0e,Size: 2 bytes | Head SHA: 4756f5a0e
reports/latest/gcp_micro_mri/20260826T043801Z/run_jobs_us-west4.json,General Core & Utilities,Utility Script / Module,Active,N/A,4756f5a0e,Size: 2 bytes | Head SHA: 4756f5a0e
reports/latest/gcp_micro_mri/20260826T043801Z/run_regions.json,General Core & Utilities,Utility Script / Module,Active,N/A,4756f5a0e,Size: 10710 bytes | Head SHA: 4756f5a0e
reports/latest/gcp_micro_mri/20260826T043801Z/run_revisions_genesis-system3-web.json,General Core & Utilities,Utility Script / Module,Active,N/A,4756f5a0e,Size: 159285 bytes | Head SHA: 4756f5a0e
reports/latest/gcp_micro_mri/20260826T043801Z/run_service_genesis-system3-web.json,General Core & Utilities,Utility Script / Module,Active,N/A,4756f5a0e,Size: 10448 bytes | Head SHA: 4756f5a0e
reports/latest/gcp_micro_mri/20260826T043801Z/run_services_africa-south1.json,General Core & Utilities,Utility Script / Module,Active,N/A,4756f5a0e,Size: 2 bytes | Head SHA: 4756f5a0e
reports/latest/gcp_micro_mri/20260826T043801Z/run_services_all.json,General Core & Utilities,Utility Script / Module,Active,N/A,4756f5a0e,Size: 11097 bytes | Head SHA: 4756f5a0e
reports/latest/gcp_micro_mri/20260826T043801Z/run_services_asia-east1.json,General Core & Utilities,Utility Script / Module,Active,N/A,4756f5a0e,Size: 2 bytes | Head SHA: 4756f5a0e
reports/latest/gcp_micro_mri/20260826T043801Z/run_services_asia-east2.json,General Core & Utilities,Utility Script / Module,Active,N/A,4756f5a0e,Size: 2 bytes | Head SHA: 4756f5a0e
reports/latest/gcp_micro_mri/20260826T043801Z/run_services_asia-northeast1.json,General Core & Utilities,Utility Script / Module,Active,N/A,4756f5a0e,Size: 2 bytes | Head SHA: 4756f5a0e
reports/latest/gcp_micro_mri/20260826T043801Z/run_services_asia-northeast2.json,General Core & Utilities,Utility Script / Module,Active,N/A,4756f5a0e,Size: 2 bytes | Head SHA: 4756f5a0e
reports/latest/gcp_micro_mri/20260826T043801Z/run_services_asia-northeast3.json,General Core & Utilities,Utility Script / Module,Active,N/A,4756f5a0e,Size: 2 bytes | Head SHA: 4756f5a0e
reports/latest/gcp_micro_mri/20260826T043801Z/run_services_asia-south1.json,General Core & Utilities,Utility Script / Module,Active,N/A,4756f5a0e,Size: 11066 bytes | Head SHA: 4756f5a0e
reports/latest/gcp_micro_mri/20260826T043801Z/run_services_asia-south2.json,General Core & Utilities,Utility Script / Module,Active,N/A,4756f5a0e,Size: 2 bytes | Head SHA: 4756f5a0e
reports/latest/gcp_micro_mri/20260826T043801Z/run_services_asia-southeast1.json,General Core & Utilities,Utility Script / Module,Active,N/A,4756f5a0e,Size: 2 bytes | Head SHA: 4756f5a0e
reports/latest/gcp_micro_mri/20260826T043801Z/run_services_asia-southeast2.json,General Core & Utilities,Utility Script / Module,Active,N/A,4756f5a0e,Size: 2 bytes | Head SHA: 4756f5a0e
reports/latest/gcp_micro_mri/20260826T043801Z/run_services_asia-southeast3.json,General Core & Utilities,Utility Script / Module,Active,N/A,4756f5a0e,Size: 2 bytes | Head SHA: 4756f5a0e
reports/latest/gcp_micro_mri/20260826T043801Z/run_services_australia-southeast1.json,General Core & Utilities,Utility Script / Module,Active,N/A,4756f5a0e,Size: 2 bytes | Head SHA: 4756f5a0e
reports/latest/gcp_micro_mri/20260826T043801Z/run_services_australia-southeast2.json,General Core & Utilities,Utility Script / Module,Active,N/A,4756f5a0e,Size: 2 bytes | Head SHA: 4756f5a0e
reports/latest/gcp_micro_mri/20260826T043801Z/run_services_europe-central2.json,General Core & Utilities,Utility Script / Module,Active,N/A,4756f5a0e,Size: 2 bytes | Head SHA: 4756f5a0e
reports/latest/gcp_micro_mri/20260826T043801Z/run_services_europe-north1.json,General Core & Utilities,Utility Script / Module,Active,N/A,4756f5a0e,Size: 2 bytes | Head SHA: 4756f5a0e
reports/latest/gcp_micro_mri/20260826T043801Z/run_services_europe-north2.json,General Core & Utilities,Utility Script / Module,Active,N/A,4756f5a0e,Size: 2 bytes | Head SHA: 4756f5a0e
reports/latest/gcp_micro_mri/20260826T043801Z/run_services_europe-southwest1.json,General Core & Utilities,Utility Script / Module,Active,N/A,4756f5a0e,Size: 2 bytes | Head SHA: 4756f5a0e
reports/latest/gcp_micro_mri/20260826T043801Z/run_services_europe-west1.json,General Core & Utilities,Utility Script / Module,Active,N/A,4756f5a0e,Size: 2 bytes | Head SHA: 4756f5a0e
reports/latest/gcp_micro_mri/20260826T043801Z/run_services_europe-west10.json,General Core & Utilities,Utility Script / Module,Active,N/A,4756f5a0e,Size: 2 bytes | Head SHA: 4756f5a0e
reports/latest/gcp_micro_mri/20260826T043801Z/run_services_europe-west12.json,General Core & Utilities,Utility Script / Module,Active,N/A,4756f5a0e,Size: 2 bytes | Head SHA: 4756f5a0e
reports/latest/gcp_micro_mri/20260826T043801Z/run_services_europe-west2.json,General Core & Utilities,Utility Script / Module,Active,N/A,4756f5a0e,Size: 2 bytes | Head SHA: 4756f5a0e
reports/latest/gcp_micro_mri/20260826T043801Z/run_services_europe-west3.json,General Core & Utilities,Utility Script / Module,Active,N/A,4756f5a0e,Size: 2 bytes | Head SHA: 4756f5a0e
reports/latest/gcp_micro_mri/20260826T043801Z/run_services_europe-west4.json,General Core & Utilities,Utility Script / Module,Active,N/A,4756f5a0e,Size: 2 bytes | Head SHA: 4756f5a0e
reports/latest/gcp_micro_mri/20260826T043801Z/run_services_europe-west6.json,General Core & Utilities,Utility Script / Module,Active,N/A,4756f5a0e,Size: 2 bytes | Head SHA: 4756f5a0e
reports/latest/gcp_micro_mri/20260826T043801Z/run_services_europe-west8.json,General Core & Utilities,Utility Script / Module,Active,N/A,4756f5a0e,Size: 2 bytes | Head SHA: 4756f5a0e
reports/latest/gcp_micro_mri/20260826T043801Z/run_services_europe-west9.json,General Core & Utilities,Utility Script / Module,Active,N/A,4756f5a0e,Size: 2 bytes | Head SHA: 4756f5a0e
reports/latest/gcp_micro_mri/20260826T043801Z/run_services_me-central1.json,General Core & Utilities,Utility Script / Module,Active,N/A,4756f5a0e,Size: 2 bytes | Head SHA: 4756f5a0e
reports/latest/gcp_micro_mri/20260826T043801Z/run_services_me-central2.json,General Core & Utilities,Utility Script / Module,Active,N/A,4756f5a0e,Size: 797 bytes | Head SHA: 4756f5a0e
reports/latest/gcp_micro_mri/20260826T043801Z/run_services_me-west1.json,General Core & Utilities,Utility Script / Module,Active,N/A,4756f5a0e,Size: 2 bytes | Head SHA: 4756f5a0e
reports/latest/gcp_micro_mri/20260826T043801Z/run_services_northamerica-northeast1.json,General Core & Utilities,Utility Script / Module,Active,N/A,4756f5a0e,Size: 2 bytes | Head SHA: 4756f5a0e
reports/latest/gcp_micro_mri/20260826T043801Z/run_services_northamerica-northeast2.json,General Core & Utilities,Utility Script / Module,Active,N/A,4756f5a0e,Size: 2 bytes | Head SHA: 4756f5a0e
reports/latest/gcp_micro_mri/20260826T043801Z/run_services_northamerica-south1.json,General Core & Utilities,Utility Script / Module,Active,N/A,4756f5a0e,Size: 2 bytes | Head SHA: 4756f5a0e
reports/latest/gcp_micro_mri/20260826T043801Z/run_services_southamerica-east1.json,General Core & Utilities,Utility Script / Module,Active,N/A,4756f5a0e,Size: 2 bytes | Head SHA: 4756f5a0e
reports/latest/gcp_micro_mri/20260826T043801Z/run_services_southamerica-west1.json,General Core & Utilities,Utility Script / Module,Active,N/A,4756f5a0e,Size: 2 bytes | Head SHA: 4756f5a0e
reports/latest/gcp_micro_mri/20260826T043801Z/run_services_us-central1.json,General Core & Utilities,Utility Script / Module,Active,N/A,4756f5a0e,Size: 2 bytes | Head SHA: 4756f5a0e
reports/latest/gcp_micro_mri/20260826T043801Z/run_services_us-east1.json,General Core & Utilities,Utility Script / Module,Active,N/A,4756f5a0e,Size: 2 bytes | Head SHA: 4756f5a0e
reports/latest/gcp_micro_mri/20260826T043801Z/run_services_us-east4.json,General Core & Utilities,Utility Script / Module,Active,N/A,4756f5a0e,Size: 2 bytes | Head SHA: 4756f5a0e
reports/latest/gcp_micro_mri/20260826T043801Z/run_services_us-east5.json,General Core & Utilities,Utility Script / Module,Active,N/A,4756f5a0e,Size: 2 bytes | Head SHA: 4756f5a0e
reports/latest/gcp_micro_mri/20260826T043801Z/run_services_us-south1.json,General Core & Utilities,Utility Script / Module,Active,N/A,4756f5a0e,Size: 2 bytes | Head SHA: 4756f5a0e
reports/latest/gcp_micro_mri/20260826T043801Z/run_services_us-west1.json,General Core & Utilities,Utility Script / Module,Active,N/A,4756f5a0e,Size: 2 bytes | Head SHA: 4756f5a0e
reports/latest/gcp_micro_mri/20260826T043801Z/run_services_us-west2.json,General Core & Utilities,Utility Script / Module,Active,N/A,4756f5a0e,Size: 2 bytes | Head SHA: 4756f5a0e
reports/latest/gcp_micro_mri/20260826T043801Z/run_services_us-west3.json,General Core & Utilities,Utility Script / Module,Active,N/A,4756f5a0e,Size: 2 bytes | Head SHA: 4756f5a0e
reports/latest/gcp_micro_mri/20260826T043801Z/run_services_us-west4.json,General Core & Utilities,Utility Script / Module,Active,N/A,4756f5a0e,Size: 2 bytes | Head SHA: 4756f5a0e
reports/latest/gcp_micro_mri/20260826T043801Z/sa_iam_802404398783-compute.json,General Core & Utilities,Utility Script / Module,Active,N/A,4756f5a0e,Size: 254 bytes | Head SHA: 4756f5a0e
reports/latest/gcp_micro_mri/20260826T043801Z/sa_iam_ais-gemini-key-94b0537ad8ac423.json,General Core & Utilities,Utility Script / Module,Active,N/A,4756f5a0e,Size: 22 bytes | Head SHA: 4756f5a0e
reports/latest/gcp_micro_mri/20260826T043801Z/sa_iam_claude-system3-executor.json,General Core & Utilities,Utility Script / Module,Active,N/A,4756f5a0e,Size: 22 bytes | Head SHA: 4756f5a0e
reports/latest/gcp_micro_mri/20260826T043801Z/sa_iam_cloud-run-job-sa.json,General Core & Utilities,Utility Script / Module,Active,N/A,4756f5a0e,Size: 261 bytes | Head SHA: 4756f5a0e
reports/latest/gcp_micro_mri/20260826T043801Z/sa_iam_genesis-system3-automation.json,General Core & Utilities,Utility Script / Module,Active,N/A,4756f5a0e,Size: 505 bytes | Head SHA: 4756f5a0e
reports/latest/gcp_micro_mri/20260826T043801Z/sa_iam_genesis-system3-web.json,General Core & Utilities,Utility Script / Module,Active,N/A,4756f5a0e,Size: 446 bytes | Head SHA: 4756f5a0e
reports/latest/gcp_micro_mri/20260826T043801Z/sa_iam_gs3-evidence-reader.json,General Core & Utilities,Utility Script / Module,Active,N/A,4756f5a0e,Size: 333 bytes | Head SHA: 4756f5a0e
reports/latest/gcp_micro_mri/20260826T043801Z/sa_iam_gs3-forecast-job.json,General Core & Utilities,Utility Script / Module,Active,N/A,4756f5a0e,Size: 259 bytes | Head SHA: 4756f5a0e
reports/latest/gcp_micro_mri/20260826T043801Z/sa_iam_gs3-iam-repair-b.json,General Core & Utilities,Utility Script / Module,Active,N/A,4756f5a0e,Size: 318 bytes | Head SHA: 4756f5a0e
reports/latest/gcp_micro_mri/20260826T043801Z/sa_iam_gs3-iam-repair.json,General Core & Utilities,Utility Script / Module,Active,N/A,4756f5a0e,Size: 318 bytes | Head SHA: 4756f5a0e
reports/latest/gcp_micro_mri/20260826T043801Z/sa_iam_gs3-ops-controller.json,General Core & Utilities,Utility Script / Module,Active,N/A,4756f5a0e,Size: 333 bytes | Head SHA: 4756f5a0e
reports/latest/gcp_micro_mri/20260826T043801Z/sa_iam_gs3-rank-job.json,General Core & Utilities,Utility Script / Module,Active,N/A,4756f5a0e,Size: 259 bytes | Head SHA: 4756f5a0e
reports/latest/gcp_micro_mri/20260826T043801Z/sa_iam_gs3-rollback.json,General Core & Utilities,Utility Script / Module,Active,N/A,4756f5a0e,Size: 333 bytes | Head SHA: 4756f5a0e
reports/latest/gcp_micro_mri/20260826T043801Z/sa_iam_gs3-signals-job.json,General Core & Utilities,Utility Script / Module,Active,N/A,4756f5a0e,Size: 259 bytes | Head SHA: 4756f5a0e
reports/latest/gcp_micro_mri/20260826T043801Z/sa_iam_gs3-token-recovery.json,General Core & Utilities,Utility Script / Module,Active,N/A,4756f5a0e,Size: 695 bytes | Head SHA: 4756f5a0e
reports/latest/gcp_micro_mri/20260826T043801Z/sa_iam_system3-builder.json,General Core & Utilities,Utility Script / Module,Active,N/A,4756f5a0e,Size: 354 bytes | Head SHA: 4756f5a0e
reports/latest/gcp_micro_mri/20260826T043801Z/sa_iam_system3-evidence-reader.json,General Core & Utilities,Utility Script / Module,Active,N/A,4756f5a0e,Size: 326 bytes | Head SHA: 4756f5a0e
reports/latest/gcp_micro_mri/20260826T043801Z/sa_iam_system3-web.json,General Core & Utilities,Utility Script / Module,Active,N/A,4756f5a0e,Size: 22 bytes | Head SHA: 4756f5a0e
reports/latest/gcp_micro_mri/20260826T043801Z/sa_iam_system3-worker.json,General Core & Utilities,Utility Script / Module,Active,N/A,4756f5a0e,Size: 22 bytes | Head SHA: 4756f5a0e
reports/latest/gcp_micro_mri/20260826T043801Z/sa_keys_802404398783-compute.json,General Core & Utilities,Utility Script / Module,Active,N/A,4756f5a0e,Size: 757 bytes | Head SHA: 4756f5a0e
reports/latest/gcp_micro_mri/20260826T043801Z/sa_keys_ais-gemini-key-94b0537ad8ac423.json,General Core & Utilities,Utility Script / Module,Active,N/A,4756f5a0e,Size: 791 bytes | Head SHA: 4756f5a0e
reports/latest/gcp_micro_mri/20260826T043801Z/sa_keys_claude-system3-executor.json,General Core & Utilities,Utility Script / Module,Active,N/A,4756f5a0e,Size: 1979 bytes | Head SHA: 4756f5a0e
reports/latest/gcp_micro_mri/20260826T043801Z/sa_keys_cloud-run-job-sa.json,General Core & Utilities,Utility Script / Module,Active,N/A,4756f5a0e,Size: 1170 bytes | Head SHA: 4756f5a0e
reports/latest/gcp_micro_mri/20260826T043801Z/sa_keys_genesis-system3-automation.json,General Core & Utilities,Utility Script / Module,Active,N/A,4756f5a0e,Size: 1200 bytes | Head SHA: 4756f5a0e
reports/latest/gcp_micro_mri/20260826T043801Z/sa_keys_genesis-system3-web.json,General Core & Utilities,Utility Script / Module,Active,N/A,4756f5a0e,Size: 1179 bytes | Head SHA: 4756f5a0e
reports/latest/gcp_micro_mri/20260826T043801Z/sa_keys_gs3-evidence-reader.json,General Core & Utilities,Utility Script / Module,Active,N/A,4756f5a0e,Size: 787 bytes | Head SHA: 4756f5a0e
reports/latest/gcp_micro_mri/20260826T043801Z/sa_keys_gs3-forecast-job.json,General Core & Utilities,Utility Script / Module,Active,N/A,4756f5a0e,Size: 1170 bytes | Head SHA: 4756f5a0e
reports/latest/gcp_micro_mri/20260826T043801Z/sa_keys_gs3-iam-repair-b.json,General Core & Utilities,Utility Script / Module,Active,N/A,4756f5a0e,Size: 1170 bytes | Head SHA: 4756f5a0e
reports/latest/gcp_micro_mri/20260826T043801Z/sa_keys_gs3-iam-repair.json,General Core & Utilities,Utility Script / Module,Active,N/A,4756f5a0e,Size: 1164 bytes | Head SHA: 4756f5a0e
reports/latest/gcp_micro_mri/20260826T043801Z/sa_keys_gs3-ops-controller.json,General Core & Utilities,Utility Script / Module,Active,N/A,4756f5a0e,Size: 785 bytes | Head SHA: 4756f5a0e
reports/latest/gcp_micro_mri/20260826T043801Z/sa_keys_gs3-rank-job.json,General Core & Utilities,Utility Script / Module,Active,N/A,4756f5a0e,Size: 1158 bytes | Head SHA: 4756f5a0e
reports/latest/gcp_micro_mri/20260826T043801Z/sa_keys_gs3-rollback.json,General Core & Utilities,Utility Script / Module,Active,N/A,4756f5a0e,Size: 773 bytes | Head SHA: 4756f5a0e
reports/latest/gcp_micro_mri/20260826T043801Z/sa_keys_gs3-signals-job.json,General Core & Utilities,Utility Script / Module,Active,N/A,4756f5a0e,Size: 1167 bytes | Head SHA: 4756f5a0e
reports/latest/gcp_micro_mri/20260826T043801Z/sa_keys_gs3-token-recovery.json,General Core & Utilities,Utility Script / Module,Active,N/A,4756f5a0e,Size: 785 bytes | Head SHA: 4756f5a0e
reports/latest/gcp_micro_mri/20260826T043801Z/sa_keys_system3-builder.json,General Core & Utilities,Utility Script / Module,Active,N/A,4756f5a0e,Size: 779 bytes | Head SHA: 4756f5a0e
reports/latest/gcp_micro_mri/20260826T043801Z/sa_keys_system3-evidence-reader.json,General Core & Utilities,Utility Script / Module,Active,N/A,4756f5a0e,Size: 1191 bytes | Head SHA: 4756f5a0e
reports/latest/gcp_micro_mri/20260826T043801Z/sa_keys_system3-web.json,General Core & Utilities,Utility Script / Module,Active,N/A,4756f5a0e,Size: 771 bytes | Head SHA: 4756f5a0e
reports/latest/gcp_micro_mri/20260826T043801Z/sa_keys_system3-worker.json,General Core & Utilities,Utility Script / Module,Active,N/A,4756f5a0e,Size: 777 bytes | Head SHA: 4756f5a0e
reports/latest/gcp_micro_mri/20260826T043801Z/secret_iam_gemini_api_key.json,General Core & Utilities,Utility Script / Module,Active,N/A,4756f5a0e,Size: 22 bytes | Head SHA: 4756f5a0e
reports/latest/gcp_micro_mri/20260826T043801Z/secret_iam_system3-dashboard-api-key.json,General Core & Utilities,Utility Script / Module,Active,N/A,4756f5a0e,Size: 698 bytes | Head SHA: 4756f5a0e
reports/latest/gcp_micro_mri/20260826T043801Z/secret_iam_system3-dashboard-worker-push-token.json,General Core & Utilities,Utility Script / Module,Active,N/A,4756f5a0e,Size: 518 bytes | Head SHA: 4756f5a0e
reports/latest/gcp_micro_mri/20260826T043801Z/secret_versions_gemini_api_key.json,General Core & Utilities,Utility Script / Module,Active,N/A,4756f5a0e,Size: 299 bytes | Head SHA: 4756f5a0e
reports/latest/gcp_micro_mri/20260826T043801Z/secret_versions_system3-dashboard-api-key.json,General Core & Utilities,Utility Script / Module,Active,N/A,4756f5a0e,Size: 1541 bytes | Head SHA: 4756f5a0e
reports/latest/gcp_micro_mri/20260826T043801Z/secret_versions_system3-dashboard-worker-push-token.json,General Core & Utilities,Utility Script / Module,Active,N/A,4756f5a0e,Size: 956 bytes | Head SHA: 4756f5a0e
reports/latest/gcp_micro_mri/20260826T043801Z/secrets.json,General Core & Utilities,Utility Script / Module,Active,N/A,4756f5a0e,Size: 2366 bytes | Head SHA: 4756f5a0e
reports/latest/gcp_micro_mri/20260826T043801Z/secrets_micro.json,General Core & Utilities,Utility Script / Module,Active,N/A,4756f5a0e,Size: 37024 bytes | Head SHA: 4756f5a0e
reports/latest/gcp_micro_mri/20260826T043801Z/service_accounts.json,General Core & Utilities,Utility Script / Module,Active,N/A,4756f5a0e,Size: 11236 bytes | Head SHA: 4756f5a0e
reports/latest/gcp_micro_mri/20260826T043801Z/service_accounts_micro.json,General Core & Utilities,Utility Script / Module,Active,N/A,4756f5a0e,Size: 49874 bytes | Head SHA: 4756f5a0e
reports/latest/gcp_micro_mri/20260826T043801Z/sql_instances.json,General Core & Utilities,Utility Script / Module,Active,N/A,4756f5a0e,Size: 2 bytes | Head SHA: 4756f5a0e
reports/latest/gcp_micro_mri/20260826T043801Z/uptime_configs.json,General Core & Utilities,Utility Script / Module,Active,N/A,4756f5a0e,Size: 747 bytes | Head SHA: 4756f5a0e
reports/latest/gcp_micro_mri/20260826T043801Z/wif_micro.json,General Core & Utilities,Utility Script / Module,Active,N/A,4756f5a0e,Size: 1781 bytes | Head SHA: 4756f5a0e
reports/latest/gcp_micro_mri/20260826T043801Z/wif_pools.json,General Core & Utilities,Utility Script / Module,Active,N/A,4756f5a0e,Size: 715 bytes | Head SHA: 4756f5a0e
reports/latest/gcp_micro_mri/20260826T043801Z/wif_providers_github-genesis-system3.json,General Core & Utilities,Utility Script / Module,Active,N/A,4756f5a0e,Size: 214 bytes | Head SHA: 4756f5a0e
reports/latest/gcp_micro_mri/20260826T043801Z/wif_providers_gs3-github-main.json,General Core & Utilities,Utility Script / Module,Active,N/A,4756f5a0e,Size: 207 bytes | Head SHA: 4756f5a0e
reports/latest/gcp_micro_mri/20260826T043801Z/wif_providers_gs3-github-read.json,General Core & Utilities,Utility Script / Module,Active,N/A,4756f5a0e,Size: 207 bytes | Head SHA: 4756f5a0e
reports/latest/gcp_micro_mri/20260826T050025Z/apis_enabled.json,General Core & Utilities,Utility Script / Module,Active,N/A,4756f5a0e,Size: 814573 bytes | Head SHA: 4756f5a0e
reports/latest/gcp_micro_mri/20260826T050025Z/artifact_repos.json,General Core & Utilities,Utility Script / Module,Active,N/A,4756f5a0e,Size: 332 bytes | Head SHA: 4756f5a0e
reports/latest/gcp_micro_mri/20260826T050025Z/billing.json,General Core & Utilities,Utility Script / Module,Active,N/A,4756f5a0e,Size: 193 bytes | Head SHA: 4756f5a0e
reports/latest/gcp_micro_mri/20260826T050025Z/bq_datasets.json,General Core & Utilities,Utility Script / Module,Active,N/A,4756f5a0e,Size: 872 bytes | Head SHA: 4756f5a0e
reports/latest/gcp_micro_mri/20260826T050025Z/bucket_adc-aab54293-ea9f-481e-9e8c-a7514329ca09.json,General Core & Utilities,Utility Script / Module,Active,N/A,4756f5a0e,Size: 599 bytes | Head SHA: 4756f5a0e
reports/latest/gcp_micro_mri/20260826T050025Z/bucket_run-sources-system3-openalgo-safe-asia-south1.json,General Core & Utilities,Utility Script / Module,Active,N/A,4756f5a0e,Size: 979 bytes | Head SHA: 4756f5a0e
reports/latest/gcp_micro_mri/20260826T050025Z/bucket_system3-openalgo-safe_cloudbuild.json,General Core & Utilities,Utility Script / Module,Active,N/A,4756f5a0e,Size: 1782 bytes | Head SHA: 4756f5a0e
reports/latest/gcp_micro_mri/20260826T050025Z/buckets.json,General Core & Utilities,Utility Script / Module,Active,N/A,4756f5a0e,Size: 3616 bytes | Head SHA: 4756f5a0e
reports/latest/gcp_micro_mri/20260826T050025Z/build_triggers.json,General Core & Utilities,Utility Script / Module,Active,N/A,4756f5a0e,Size: 2 bytes | Head SHA: 4756f5a0e
reports/latest/gcp_micro_mri/20260826T050025Z/builds_recent.json,General Core & Utilities,Utility Script / Module,Active,N/A,4756f5a0e,Size: 81643 bytes | Head SHA: 4756f5a0e
reports/latest/gcp_micro_mri/20260826T050025Z/compute_instances.json,General Core & Utilities,Utility Script / Module,Active,N/A,4756f5a0e,Size: 2 bytes | Head SHA: 4756f5a0e
reports/latest/gcp_micro_mri/20260826T050025Z/dns_zones.json,General Core & Utilities,Utility Script / Module,Active,N/A,4756f5a0e,Size: 2 bytes | Head SHA: 4756f5a0e
reports/latest/gcp_micro_mri/20260826T050025Z/eventarc_triggers.json,General Core & Utilities,Utility Script / Module,Active,N/A,4756f5a0e,Size: 2 bytes | Head SHA: 4756f5a0e
reports/latest/gcp_micro_mri/20260826T050025Z/functions.json,General Core & Utilities,Utility Script / Module,Active,N/A,4756f5a0e,Size: 193 bytes | Head SHA: 4756f5a0e
reports/latest/gcp_micro_mri/20260826T050025Z/github_origin_main.json,General Core & Utilities,Utility Script / Module,Active,N/A,4756f5a0e,Size: 57 bytes | Head SHA: 4756f5a0e
reports/latest/gcp_micro_mri/20260826T050025Z/iam_custom_roles.json,General Core & Utilities,Utility Script / Module,Active,N/A,4756f5a0e,Size: 794 bytes | Head SHA: 4756f5a0e
reports/latest/gcp_micro_mri/20260826T050025Z/live_live_api_auto_gates.json,General Core & Utilities,Utility Script / Module,Active,N/A,4756f5a0e,Size: 9017 bytes | Head SHA: 4756f5a0e
reports/latest/gcp_micro_mri/20260826T050025Z/live_live_api_health.json,General Core & Utilities,Utility Script / Module,Active,N/A,4756f5a0e,Size: 922 bytes | Head SHA: 4756f5a0e
reports/latest/gcp_micro_mri/20260826T050025Z/live_live_api_system_health.json,General Core & Utilities,Utility Script / Module,Active,N/A,4756f5a0e,Size: 6148 bytes | Head SHA: 4756f5a0e
reports/latest/gcp_micro_mri/20260826T050025Z/logging_sinks.json,General Core & Utilities,Utility Script / Module,Active,N/A,4756f5a0e,Size: 1175 bytes | Head SHA: 4756f5a0e
reports/latest/gcp_micro_mri/20260826T050025Z/monitoring_policies.json,General Core & Utilities,Utility Script / Module,Active,N/A,4756f5a0e,Size: 1848 bytes | Head SHA: 4756f5a0e
reports/latest/gcp_micro_mri/20260826T050025Z/org_policies.json,General Core & Utilities,Utility Script / Module,Active,N/A,4756f5a0e,Size: 2 bytes | Head SHA: 4756f5a0e
reports/latest/gcp_micro_mri/20260826T050025Z/project.json,General Core & Utilities,Utility Script / Module,Active,N/A,4756f5a0e,Size: 286 bytes | Head SHA: 4756f5a0e
reports/latest/gcp_micro_mri/20260826T050025Z/pubsub_subs_genesis-system3-incidents.json,General Core & Utilities,Utility Script / Module,Active,N/A,4756f5a0e,Size: 2 bytes | Head SHA: 4756f5a0e
reports/latest/gcp_micro_mri/20260826T050025Z/pubsub_subs_genesis-system3-ops-events.json,General Core & Utilities,Utility Script / Module,Active,N/A,4756f5a0e,Size: 2 bytes | Head SHA: 4756f5a0e
reports/latest/gcp_micro_mri/20260826T050025Z/pubsub_subscriptions.json,General Core & Utilities,Utility Script / Module,Active,N/A,4756f5a0e,Size: 2 bytes | Head SHA: 4756f5a0e
reports/latest/gcp_micro_mri/20260826T050025Z/pubsub_topics.json,General Core & Utilities,Utility Script / Module,Active,N/A,4756f5a0e,Size: 268 bytes | Head SHA: 4756f5a0e
reports/latest/gcp_micro_mri/20260826T050025Z/run_job_exec_genesis-system3-control-plane-verify.json,General Core & Utilities,Utility Script / Module,Active,N/A,4756f5a0e,Size: 56247 bytes | Head SHA: 4756f5a0e
reports/latest/gcp_micro_mri/20260826T050025Z/run_job_exec_genesis-system3-forecast.json,General Core & Utilities,Utility Script / Module,Active,N/A,4756f5a0e,Size: 56093 bytes | Head SHA: 4756f5a0e
reports/latest/gcp_micro_mri/20260826T050025Z/run_job_exec_genesis-system3-rank.json,General Core & Utilities,Utility Script / Module,Active,N/A,4756f5a0e,Size: 60726 bytes | Head SHA: 4756f5a0e
reports/latest/gcp_micro_mri/20260826T050025Z/run_job_exec_genesis-system3-signals.json,General Core & Utilities,Utility Script / Module,Active,N/A,4756f5a0e,Size: 55704 bytes | Head SHA: 4756f5a0e
reports/latest/gcp_micro_mri/20260826T050025Z/run_job_exec_genesis-system3-smoke.json,General Core & Utilities,Utility Script / Module,Active,N/A,4756f5a0e,Size: 5623 bytes | Head SHA: 4756f5a0e
reports/latest/gcp_micro_mri/20260826T050025Z/run_job_exec_genesis-system3-validate.json,General Core & Utilities,Utility Script / Module,Active,N/A,4756f5a0e,Size: 60961 bytes | Head SHA: 4756f5a0e
reports/latest/gcp_micro_mri/20260826T050025Z/run_job_genesis-system3-control-plane-verify.json,General Core & Utilities,Utility Script / Module,Active,N/A,4756f5a0e,Size: 4283 bytes | Head SHA: 4756f5a0e
reports/latest/gcp_micro_mri/20260826T050025Z/run_job_genesis-system3-forecast.json,General Core & Utilities,Utility Script / Module,Active,N/A,4756f5a0e,Size: 4349 bytes | Head SHA: 4756f5a0e
reports/latest/gcp_micro_mri/20260826T050025Z/run_job_genesis-system3-rank.json,General Core & Utilities,Utility Script / Module,Active,N/A,4756f5a0e,Size: 4911 bytes | Head SHA: 4756f5a0e
reports/latest/gcp_micro_mri/20260826T050025Z/run_job_genesis-system3-signals.json,General Core & Utilities,Utility Script / Module,Active,N/A,4756f5a0e,Size: 4295 bytes | Head SHA: 4756f5a0e
reports/latest/gcp_micro_mri/20260826T050025Z/run_job_genesis-system3-smoke.json,General Core & Utilities,Utility Script / Module,Active,N/A,4756f5a0e,Size: 4483 bytes | Head SHA: 4756f5a0e
reports/latest/gcp_micro_mri/20260826T050025Z/run_job_genesis-system3-validate.json,General Core & Utilities,Utility Script / Module,Active,N/A,4756f5a0e,Size: 4977 bytes | Head SHA: 4756f5a0e
reports/latest/gcp_micro_mri/20260826T050025Z/run_jobs_all.json,General Core & Utilities,Utility Script / Module,Active,N/A,4756f5a0e,Size: 44497 bytes | Head SHA: 4756f5a0e
reports/latest/gcp_micro_mri/20260826T050025Z/run_jobs_asia-south1.json,General Core & Utilities,Utility Script / Module,Active,N/A,4756f5a0e,Size: 44218 bytes | Head SHA: 4756f5a0e
reports/latest/gcp_micro_mri/20260826T050025Z/run_revisions_genesis-system3-web.json,General Core & Utilities,Utility Script / Module,Active,N/A,4756f5a0e,Size: 159285 bytes | Head SHA: 4756f5a0e
reports/latest/gcp_micro_mri/20260826T050025Z/run_service_genesis-system3-web.json,General Core & Utilities,Utility Script / Module,Active,N/A,4756f5a0e,Size: 10448 bytes | Head SHA: 4756f5a0e
reports/latest/gcp_micro_mri/20260826T050025Z/run_services_all.json,General Core & Utilities,Utility Script / Module,Active,N/A,4756f5a0e,Size: 11097 bytes | Head SHA: 4756f5a0e
reports/latest/gcp_micro_mri/20260826T050025Z/run_services_asia-south1.json,General Core & Utilities,Utility Script / Module,Active,N/A,4756f5a0e,Size: 11066 bytes | Head SHA: 4756f5a0e
reports/latest/gcp_micro_mri/20260826T050025Z/sa_iam_802404398783-compute.json,General Core & Utilities,Utility Script / Module,Active,N/A,4756f5a0e,Size: 254 bytes | Head SHA: 4756f5a0e
reports/latest/gcp_micro_mri/20260826T050025Z/sa_iam_ais-gemini-key-94b0537ad8ac423.json,General Core & Utilities,Utility Script / Module,Active,N/A,4756f5a0e,Size: 22 bytes | Head SHA: 4756f5a0e
reports/latest/gcp_micro_mri/20260826T050025Z/sa_iam_claude-system3-executor.json,General Core & Utilities,Utility Script / Module,Active,N/A,4756f5a0e,Size: 22 bytes | Head SHA: 4756f5a0e
reports/latest/gcp_micro_mri/20260826T050025Z/sa_iam_cloud-run-job-sa.json,General Core & Utilities,Utility Script / Module,Active,N/A,4756f5a0e,Size: 261 bytes | Head SHA: 4756f5a0e
reports/latest/gcp_micro_mri/20260826T050025Z/sa_iam_genesis-system3-automation.json,General Core & Utilities,Utility Script / Module,Active,N/A,4756f5a0e,Size: 505 bytes | Head SHA: 4756f5a0e
reports/latest/gcp_micro_mri/20260826T050025Z/sa_iam_genesis-system3-web.json,General Core & Utilities,Utility Script / Module,Active,N/A,4756f5a0e,Size: 446 bytes | Head SHA: 4756f5a0e
reports/latest/gcp_micro_mri/20260826T050025Z/sa_iam_gs3-evidence-reader.json,General Core & Utilities,Utility Script / Module,Active,N/A,4756f5a0e,Size: 333 bytes | Head SHA: 4756f5a0e
reports/latest/gcp_micro_mri/20260826T050025Z/sa_iam_gs3-forecast-job.json,General Core & Utilities,Utility Script / Module,Active,N/A,4756f5a0e,Size: 259 bytes | Head SHA: 4756f5a0e
reports/latest/gcp_micro_mri/20260826T050025Z/sa_iam_gs3-iam-repair-b.json,General Core & Utilities,Utility Script / Module,Active,N/A,4756f5a0e,Size: 318 bytes | Head SHA: 4756f5a0e
reports/latest/gcp_micro_mri/20260826T050025Z/sa_iam_gs3-iam-repair.json,General Core & Utilities,Utility Script / Module,Active,N/A,4756f5a0e,Size: 318 bytes | Head SHA: 4756f5a0e
reports/latest/gcp_micro_mri/20260826T050025Z/sa_iam_gs3-ops-controller.json,General Core & Utilities,Utility Script / Module,Active,N/A,4756f5a0e,Size: 333 bytes | Head SHA: 4756f5a0e
reports/latest/gcp_micro_mri/20260826T050025Z/sa_iam_gs3-rank-job.json,General Core & Utilities,Utility Script / Module,Active,N/A,4756f5a0e,Size: 259 bytes | Head SHA: 4756f5a0e
reports/latest/gcp_micro_mri/20260826T050025Z/sa_iam_gs3-rollback.json,General Core & Utilities,Utility Script / Module,Active,N/A,4756f5a0e,Size: 333 bytes | Head SHA: 4756f5a0e
reports/latest/gcp_micro_mri/20260826T050025Z/sa_iam_gs3-signals-job.json,General Core & Utilities,Utility Script / Module,Active,N/A,4756f5a0e,Size: 259 bytes | Head SHA: 4756f5a0e
reports/latest/gcp_micro_mri/20260826T050025Z/sa_iam_gs3-token-recovery.json,General Core & Utilities,Utility Script / Module,Active,N/A,4756f5a0e,Size: 695 bytes | Head SHA: 4756f5a0e
reports/latest/gcp_micro_mri/20260826T050025Z/sa_iam_system3-builder.json,General Core & Utilities,Utility Script / Module,Active,N/A,4756f5a0e,Size: 354 bytes | Head SHA: 4756f5a0e
reports/latest/gcp_micro_mri/20260826T050025Z/sa_iam_system3-evidence-reader.json,General Core & Utilities,Utility Script / Module,Active,N/A,4756f5a0e,Size: 326 bytes | Head SHA: 4756f5a0e
reports/latest/gcp_micro_mri/20260826T050025Z/sa_iam_system3-web.json,General Core & Utilities,Utility Script / Module,Active,N/A,4756f5a0e,Size: 22 bytes | Head SHA: 4756f5a0e
reports/latest/gcp_micro_mri/20260826T050025Z/sa_iam_system3-worker.json,General Core & Utilities,Utility Script / Module,Active,N/A,4756f5a0e,Size: 22 bytes | Head SHA: 4756f5a0e
reports/latest/gcp_micro_mri/20260826T050025Z/sa_keys_802404398783-compute.json,General Core & Utilities,Utility Script / Module,Active,N/A,4756f5a0e,Size: 757 bytes | Head SHA: 4756f5a0e
reports/latest/gcp_micro_mri/20260826T050025Z/sa_keys_ais-gemini-key-94b0537ad8ac423.json,General Core & Utilities,Utility Script / Module,Active,N/A,4756f5a0e,Size: 791 bytes | Head SHA: 4756f5a0e
reports/latest/gcp_micro_mri/20260826T050025Z/sa_keys_claude-system3-executor.json,General Core & Utilities,Utility Script / Module,Active,N/A,4756f5a0e,Size: 1979 bytes | Head SHA: 4756f5a0e
reports/latest/gcp_micro_mri/20260826T050025Z/sa_keys_cloud-run-job-sa.json,General Core & Utilities,Utility Script / Module,Active,N/A,4756f5a0e,Size: 1170 bytes | Head SHA: 4756f5a0e
reports/latest/gcp_micro_mri/20260826T050025Z/sa_keys_genesis-system3-automation.json,General Core & Utilities,Utility Script / Module,Active,N/A,4756f5a0e,Size: 1200 bytes | Head SHA: 4756f5a0e
reports/latest/gcp_micro_mri/20260826T050025Z/sa_keys_genesis-system3-web.json,General Core & Utilities,Utility Script / Module,Active,N/A,4756f5a0e,Size: 1179 bytes | Head SHA: 4756f5a0e
reports/latest/gcp_micro_mri/20260826T050025Z/sa_keys_gs3-evidence-reader.json,General Core & Utilities,Utility Script / Module,Active,N/A,4756f5a0e,Size: 787 bytes | Head SHA: 4756f5a0e
reports/latest/gcp_micro_mri/20260826T050025Z/sa_keys_gs3-forecast-job.json,General Core & Utilities,Utility Script / Module,Active,N/A,4756f5a0e,Size: 1170 bytes | Head SHA: 4756f5a0e
reports/latest/gcp_micro_mri/20260826T050025Z/sa_keys_gs3-iam-repair-b.json,General Core & Utilities,Utility Script / Module,Active,N/A,4756f5a0e,Size: 1170 bytes | Head SHA: 4756f5a0e
reports/latest/gcp_micro_mri/20260826T050025Z/sa_keys_gs3-iam-repair.json,General Core & Utilities,Utility Script / Module,Active,N/A,4756f5a0e,Size: 1164 bytes | Head SHA: 4756f5a0e
reports/latest/gcp_micro_mri/20260826T050025Z/sa_keys_gs3-ops-controller.json,General Core & Utilities,Utility Script / Module,Active,N/A,4756f5a0e,Size: 785 bytes | Head SHA: 4756f5a0e
reports/latest/gcp_micro_mri/20260826T050025Z/sa_keys_gs3-rank-job.json,General Core & Utilities,Utility Script / Module,Active,N/A,4756f5a0e,Size: 1158 bytes | Head SHA: 4756f5a0e
reports/latest/gcp_micro_mri/20260826T050025Z/sa_keys_gs3-rollback.json,General Core & Utilities,Utility Script / Module,Active,N/A,4756f5a0e,Size: 773 bytes | Head SHA: 4756f5a0e
reports/latest/gcp_micro_mri/20260826T050025Z/sa_keys_gs3-signals-job.json,General Core & Utilities,Utility Script / Module,Active,N/A,4756f5a0e,Size: 1167 bytes | Head SHA: 4756f5a0e
reports/latest/gcp_micro_mri/20260826T050025Z/sa_keys_gs3-token-recovery.json,General Core & Utilities,Utility Script / Module,Active,N/A,4756f5a0e,Size: 785 bytes | Head SHA: 4756f5a0e
reports/latest/gcp_micro_mri/20260826T050025Z/sa_keys_system3-builder.json,General Core & Utilities,Utility Script / Module,Active,N/A,4756f5a0e,Size: 779 bytes | Head SHA: 4756f5a0e
reports/latest/gcp_micro_mri/20260826T050025Z/sa_keys_system3-evidence-reader.json,General Core & Utilities,Utility Script / Module,Active,N/A,4756f5a0e,Size: 1191 bytes | Head SHA: 4756f5a0e
reports/latest/gcp_micro_mri/20260826T050025Z/sa_keys_system3-web.json,General Core & Utilities,Utility Script / Module,Active,N/A,4756f5a0e,Size: 771 bytes | Head SHA: 4756f5a0e
reports/latest/gcp_micro_mri/20260826T050025Z/sa_keys_system3-worker.json,General Core & Utilities,Utility Script / Module,Active,N/A,4756f5a0e,Size: 777 bytes | Head SHA: 4756f5a0e
reports/latest/gcp_micro_mri/20260826T050025Z/secret_iam_gemini_api_key.json,General Core & Utilities,Utility Script / Module,Active,N/A,4756f5a0e,Size: 22 bytes | Head SHA: 4756f5a0e
reports/latest/gcp_micro_mri/20260826T050025Z/secret_iam_system3-dashboard-api-key.json,General Core & Utilities,Utility Script / Module,Active,N/A,4756f5a0e,Size: 698 bytes | Head SHA: 4756f5a0e
reports/latest/gcp_micro_mri/20260826T050025Z/secret_iam_system3-dashboard-worker-push-token.json,General Core & Utilities,Utility Script / Module,Active,N/A,4756f5a0e,Size: 518 bytes | Head SHA: 4756f5a0e
reports/latest/gcp_micro_mri/20260826T050025Z/secret_versions_gemini_api_key.json,General Core & Utilities,Utility Script / Module,Active,N/A,4756f5a0e,Size: 299 bytes | Head SHA: 4756f5a0e
reports/latest/gcp_micro_mri/20260826T050025Z/secret_versions_system3-dashboard-api-key.json,General Core & Utilities,Utility Script / Module,Active,N/A,4756f5a0e,Size: 1541 bytes | Head SHA: 4756f5a0e
reports/latest/gcp_micro_mri/20260826T050025Z/secret_versions_system3-dashboard-worker-push-token.json,General Core & Utilities,Utility Script / Module,Active,N/A,4756f5a0e,Size: 956 bytes | Head SHA: 4756f5a0e
reports/latest/gcp_micro_mri/20260826T050025Z/secrets.json,General Core & Utilities,Utility Script / Module,Active,N/A,4756f5a0e,Size: 2366 bytes | Head SHA: 4756f5a0e
reports/latest/gcp_micro_mri/20260826T050025Z/secrets_micro.json,General Core & Utilities,Utility Script / Module,Active,N/A,4756f5a0e,Size: 37024 bytes | Head SHA: 4756f5a0e
reports/latest/gcp_micro_mri/20260826T050025Z/service_accounts.json,General Core & Utilities,Utility Script / Module,Active,N/A,4756f5a0e,Size: 11236 bytes | Head SHA: 4756f5a0e
reports/latest/gcp_micro_mri/20260826T050025Z/service_accounts_micro.json,General Core & Utilities,Utility Script / Module,Active,N/A,4756f5a0e,Size: 49874 bytes | Head SHA: 4756f5a0e
reports/latest/gcp_micro_mri/20260826T050025Z/sql_instances.json,General Core & Utilities,Utility Script / Module,Active,N/A,4756f5a0e,Size: 2 bytes | Head SHA: 4756f5a0e
reports/latest/gcp_micro_mri/20260826T050025Z/uptime_configs.json,General Core & Utilities,Utility Script / Module,Active,N/A,4756f5a0e,Size: 747 bytes | Head SHA: 4756f5a0e
reports/latest/gcp_micro_mri/20260826T050025Z/wif_micro.json,General Core & Utilities,Utility Script / Module,Active,N/A,4756f5a0e,Size: 1781 bytes | Head SHA: 4756f5a0e
reports/latest/gcp_micro_mri/20260826T050025Z/wif_pools.json,General Core & Utilities,Utility Script / Module,Active,N/A,4756f5a0e,Size: 715 bytes | Head SHA: 4756f5a0e
reports/latest/gcp_micro_mri/20260826T050025Z/wif_providers_github-genesis-system3.json,General Core & Utilities,Utility Script / Module,Active,N/A,4756f5a0e,Size: 214 bytes | Head SHA: 4756f5a0e
reports/latest/gcp_micro_mri/20260826T050025Z/wif_providers_gs3-github-main.json,General Core & Utilities,Utility Script / Module,Active,N/A,4756f5a0e,Size: 207 bytes | Head SHA: 4756f5a0e
reports/latest/gcp_micro_mri/20260826T050025Z/wif_providers_gs3-github-read.json,General Core & Utilities,Utility Script / Module,Active,N/A,4756f5a0e,Size: 207 bytes | Head SHA: 4756f5a0e
reports/latest/gcp_micro_mri/MANIFEST.json,General Core & Utilities,Utility Script / Module,Active,N/A,4756f5a0e,Size: 1228 bytes | Head SHA: 4756f5a0e
reports/latest/gcp_micro_mri/latest/apis_enabled.json,General Core & Utilities,Utility Script / Module,Active,N/A,4756f5a0e,Size: 814573 bytes | Head SHA: 4756f5a0e
reports/latest/gcp_micro_mri/latest/artifact_repos.json,General Core & Utilities,Utility Script / Module,Active,N/A,4756f5a0e,Size: 332 bytes | Head SHA: 4756f5a0e
reports/latest/gcp_micro_mri/latest/billing.json,General Core & Utilities,Utility Script / Module,Active,N/A,4756f5a0e,Size: 193 bytes | Head SHA: 4756f5a0e
reports/latest/gcp_micro_mri/latest/bq_datasets.json,General Core & Utilities,Utility Script / Module,Active,N/A,4756f5a0e,Size: 872 bytes | Head SHA: 4756f5a0e
reports/latest/gcp_micro_mri/latest/bucket_adc-aab54293-ea9f-481e-9e8c-a7514329ca09.json,General Core & Utilities,Utility Script / Module,Active,N/A,4756f5a0e,Size: 599 bytes | Head SHA: 4756f5a0e
reports/latest/gcp_micro_mri/latest/bucket_run-sources-system3-openalgo-safe-asia-south1.json,General Core & Utilities,Utility Script / Module,Active,N/A,4756f5a0e,Size: 979 bytes | Head SHA: 4756f5a0e
reports/latest/gcp_micro_mri/latest/bucket_system3-openalgo-safe_cloudbuild.json,General Core & Utilities,Utility Script / Module,Active,N/A,4756f5a0e,Size: 1782 bytes | Head SHA: 4756f5a0e
reports/latest/gcp_micro_mri/latest/buckets.json,General Core & Utilities,Utility Script / Module,Active,N/A,4756f5a0e,Size: 3616 bytes | Head SHA: 4756f5a0e
reports/latest/gcp_micro_mri/latest/build_triggers.json,General Core & Utilities,Utility Script / Module,Active,N/A,4756f5a0e,Size: 2 bytes | Head SHA: 4756f5a0e
reports/latest/gcp_micro_mri/latest/builds_recent.json,General Core & Utilities,Utility Script / Module,Active,N/A,4756f5a0e,Size: 81643 bytes | Head SHA: 4756f5a0e
reports/latest/gcp_micro_mri/latest/compute_instances.json,General Core & Utilities,Utility Script / Module,Active,N/A,4756f5a0e,Size: 2 bytes | Head SHA: 4756f5a0e
reports/latest/gcp_micro_mri/latest/dns_zones.json,General Core & Utilities,Utility Script / Module,Active,N/A,4756f5a0e,Size: 2 bytes | Head SHA: 4756f5a0e
reports/latest/gcp_micro_mri/latest/eventarc_triggers.json,General Core & Utilities,Utility Script / Module,Active,N/A,4756f5a0e,Size: 2 bytes | Head SHA: 4756f5a0e
reports/latest/gcp_micro_mri/latest/functions.json,General Core & Utilities,Utility Script / Module,Active,N/A,4756f5a0e,Size: 193 bytes | Head SHA: 4756f5a0e
reports/latest/gcp_micro_mri/latest/github_origin_main.json,General Core & Utilities,Utility Script / Module,Active,N/A,4756f5a0e,Size: 57 bytes | Head SHA: 4756f5a0e
reports/latest/gcp_micro_mri/latest/iam_custom_roles.json,General Core & Utilities,Utility Script / Module,Active,N/A,4756f5a0e,Size: 794 bytes | Head SHA: 4756f5a0e
reports/latest/gcp_micro_mri/latest/live_api_auto_gates.json,General Core & Utilities,Utility Script / Module,Active,N/A,4756f5a0e,Size: 9015 bytes | Head SHA: 4756f5a0e
reports/latest/gcp_micro_mri/latest/live_api_health.json,General Core & Utilities,Utility Script / Module,Active,N/A,4756f5a0e,Size: 922 bytes | Head SHA: 4756f5a0e
reports/latest/gcp_micro_mri/latest/live_api_system_health.json,General Core & Utilities,Utility Script / Module,Active,N/A,4756f5a0e,Size: 6148 bytes | Head SHA: 4756f5a0e
reports/latest/gcp_micro_mri/latest/live_live_api_auto_gates.json,General Core & Utilities,Utility Script / Module,Active,N/A,4756f5a0e,Size: 9017 bytes | Head SHA: 4756f5a0e
reports/latest/gcp_micro_mri/latest/live_live_api_health.json,General Core & Utilities,Utility Script / Module,Active,N/A,4756f5a0e,Size: 922 bytes | Head SHA: 4756f5a0e
reports/latest/gcp_micro_mri/latest/live_live_api_system_health.json,General Core & Utilities,Utility Script / Module,Active,N/A,4756f5a0e,Size: 6148 bytes | Head SHA: 4756f5a0e
reports/latest/gcp_micro_mri/latest/logging_sinks.json,General Core & Utilities,Utility Script / Module,Active,N/A,4756f5a0e,Size: 1175 bytes | Head SHA: 4756f5a0e
reports/latest/gcp_micro_mri/latest/monitoring_policies.json,General Core & Utilities,Utility Script / Module,Active,N/A,4756f5a0e,Size: 1848 bytes | Head SHA: 4756f5a0e
reports/latest/gcp_micro_mri/latest/org_policies.json,General Core & Utilities,Utility Script / Module,Active,N/A,4756f5a0e,Size: 2 bytes | Head SHA: 4756f5a0e
reports/latest/gcp_micro_mri/latest/project.json,General Core & Utilities,Utility Script / Module,Active,N/A,4756f5a0e,Size: 286 bytes | Head SHA: 4756f5a0e
reports/latest/gcp_micro_mri/latest/pubsub_subs_genesis-system3-incidents.json,General Core & Utilities,Utility Script / Module,Active,N/A,4756f5a0e,Size: 2 bytes | Head SHA: 4756f5a0e
reports/latest/gcp_micro_mri/latest/pubsub_subs_genesis-system3-ops-events.json,General Core & Utilities,Utility Script / Module,Active,N/A,4756f5a0e,Size: 2 bytes | Head SHA: 4756f5a0e
reports/latest/gcp_micro_mri/latest/pubsub_subscriptions.json,General Core & Utilities,Utility Script / Module,Active,N/A,4756f5a0e,Size: 2 bytes | Head SHA: 4756f5a0e
reports/latest/gcp_micro_mri/latest/pubsub_topics.json,General Core & Utilities,Utility Script / Module,Active,N/A,4756f5a0e,Size: 268 bytes | Head SHA: 4756f5a0e
reports/latest/gcp_micro_mri/latest/run_job_exec_genesis-system3-control-plane-verify.json,General Core & Utilities,Utility Script / Module,Active,N/A,4756f5a0e,Size: 56247 bytes | Head SHA: 4756f5a0e
reports/latest/gcp_micro_mri/latest/run_job_exec_genesis-system3-forecast.json,General Core & Utilities,Utility Script / Module,Active,N/A,4756f5a0e,Size: 56093 bytes | Head SHA: 4756f5a0e
reports/latest/gcp_micro_mri/latest/run_job_exec_genesis-system3-rank.json,General Core & Utilities,Utility Script / Module,Active,N/A,4756f5a0e,Size: 60726 bytes | Head SHA: 4756f5a0e
reports/latest/gcp_micro_mri/latest/run_job_exec_genesis-system3-signals.json,General Core & Utilities,Utility Script / Module,Active,N/A,4756f5a0e,Size: 55704 bytes | Head SHA: 4756f5a0e
reports/latest/gcp_micro_mri/latest/run_job_exec_genesis-system3-smoke.json,General Core & Utilities,Utility Script / Module,Active,N/A,4756f5a0e,Size: 5623 bytes | Head SHA: 4756f5a0e
reports/latest/gcp_micro_mri/latest/run_job_exec_genesis-system3-validate.json,General Core & Utilities,Utility Script / Module,Active,N/A,4756f5a0e,Size: 60961 bytes | Head SHA: 4756f5a0e
reports/latest/gcp_micro_mri/latest/run_job_genesis-system3-control-plane-verify.json,General Core & Utilities,Utility Script / Module,Active,N/A,4756f5a0e,Size: 4283 bytes | Head SHA: 4756f5a0e
reports/latest/gcp_micro_mri/latest/run_job_genesis-system3-forecast.json,General Core & Utilities,Utility Script / Module,Active,N/A,4756f5a0e,Size: 4349 bytes | Head SHA: 4756f5a0e
reports/latest/gcp_micro_mri/latest/run_job_genesis-system3-rank.json,General Core & Utilities,Utility Script / Module,Active,N/A,4756f5a0e,Size: 4911 bytes | Head SHA: 4756f5a0e
reports/latest/gcp_micro_mri/latest/run_job_genesis-system3-signals.json,General Core & Utilities,Utility Script / Module,Active,N/A,4756f5a0e,Size: 4295 bytes | Head SHA: 4756f5a0e
reports/latest/gcp_micro_mri/latest/run_job_genesis-system3-smoke.json,General Core & Utilities,Utility Script / Module,Active,N/A,4756f5a0e,Size: 4483 bytes | Head SHA: 4756f5a0e
reports/latest/gcp_micro_mri/latest/run_job_genesis-system3-validate.json,General Core & Utilities,Utility Script / Module,Active,N/A,4756f5a0e,Size: 4977 bytes | Head SHA: 4756f5a0e
reports/latest/gcp_micro_mri/latest/run_jobs_africa-south1.json,General Core & Utilities,Utility Script / Module,Active,N/A,4756f5a0e,Size: 2 bytes | Head SHA: 4756f5a0e
reports/latest/gcp_micro_mri/latest/run_jobs_all.json,General Core & Utilities,Utility Script / Module,Active,N/A,4756f5a0e,Size: 44497 bytes | Head SHA: 4756f5a0e
reports/latest/gcp_micro_mri/latest/run_jobs_asia-east1.json,General Core & Utilities,Utility Script / Module,Active,N/A,4756f5a0e,Size: 2 bytes | Head SHA: 4756f5a0e
reports/latest/gcp_micro_mri/latest/run_jobs_asia-east2.json,General Core & Utilities,Utility Script / Module,Active,N/A,4756f5a0e,Size: 2 bytes | Head SHA: 4756f5a0e
reports/latest/gcp_micro_mri/latest/run_jobs_asia-northeast1.json,General Core & Utilities,Utility Script / Module,Active,N/A,4756f5a0e,Size: 2 bytes | Head SHA: 4756f5a0e
reports/latest/gcp_micro_mri/latest/run_jobs_asia-northeast2.json,General Core & Utilities,Utility Script / Module,Active,N/A,4756f5a0e,Size: 2 bytes | Head SHA: 4756f5a0e
reports/latest/gcp_micro_mri/latest/run_jobs_asia-northeast3.json,General Core & Utilities,Utility Script / Module,Active,N/A,4756f5a0e,Size: 2 bytes | Head SHA: 4756f5a0e
reports/latest/gcp_micro_mri/latest/run_jobs_asia-south1.json,General Core & Utilities,Utility Script / Module,Active,N/A,4756f5a0e,Size: 44218 bytes | Head SHA: 4756f5a0e
reports/latest/gcp_micro_mri/latest/run_jobs_asia-south2.json,General Core & Utilities,Utility Script / Module,Active,N/A,4756f5a0e,Size: 2 bytes | Head SHA: 4756f5a0e
reports/latest/gcp_micro_mri/latest/run_jobs_asia-southeast1.json,General Core & Utilities,Utility Script / Module,Active,N/A,4756f5a0e,Size: 2 bytes | Head SHA: 4756f5a0e
reports/latest/gcp_micro_mri/latest/run_jobs_asia-southeast2.json,General Core & Utilities,Utility Script / Module,Active,N/A,4756f5a0e,Size: 2 bytes | Head SHA: 4756f5a0e
reports/latest/gcp_micro_mri/latest/run_jobs_asia-southeast3.json,General Core & Utilities,Utility Script / Module,Active,N/A,4756f5a0e,Size: 2 bytes | Head SHA: 4756f5a0e
reports/latest/gcp_micro_mri/latest/run_jobs_australia-southeast1.json,General Core & Utilities,Utility Script / Module,Active,N/A,4756f5a0e,Size: 2 bytes | Head SHA: 4756f5a0e
reports/latest/gcp_micro_mri/latest/run_jobs_australia-southeast2.json,General Core & Utilities,Utility Script / Module,Active,N/A,4756f5a0e,Size: 2 bytes | Head SHA: 4756f5a0e
reports/latest/gcp_micro_mri/latest/run_jobs_europe-central2.json,General Core & Utilities,Utility Script / Module,Active,N/A,4756f5a0e,Size: 2 bytes | Head SHA: 4756f5a0e
reports/latest/gcp_micro_mri/latest/run_jobs_europe-north1.json,General Core & Utilities,Utility Script / Module,Active,N/A,4756f5a0e,Size: 2 bytes | Head SHA: 4756f5a0e
reports/latest/gcp_micro_mri/latest/run_jobs_europe-north2.json,General Core & Utilities,Utility Script / Module,Active,N/A,4756f5a0e,Size: 2 bytes | Head SHA: 4756f5a0e
reports/latest/gcp_micro_mri/latest/run_jobs_europe-southwest1.json,General Core & Utilities,Utility Script / Module,Active,N/A,4756f5a0e,Size: 2 bytes | Head SHA: 4756f5a0e
reports/latest/gcp_micro_mri/latest/run_jobs_europe-west1.json,General Core & Utilities,Utility Script / Module,Active,N/A,4756f5a0e,Size: 2 bytes | Head SHA: 4756f5a0e
reports/latest/gcp_micro_mri/latest/run_jobs_europe-west10.json,General Core & Utilities,Utility Script / Module,Active,N/A,4756f5a0e,Size: 2 bytes | Head SHA: 4756f5a0e
reports/latest/gcp_micro_mri/latest/run_jobs_europe-west12.json,General Core & Utilities,Utility Script / Module,Active,N/A,4756f5a0e,Size: 2 bytes | Head SHA: 4756f5a0e
reports/latest/gcp_micro_mri/latest/run_jobs_europe-west2.json,General Core & Utilities,Utility Script / Module,Active,N/A,4756f5a0e,Size: 2 bytes | Head SHA: 4756f5a0e
reports/latest/gcp_micro_mri/latest/run_jobs_europe-west3.json,General Core & Utilities,Utility Script / Module,Active,N/A,4756f5a0e,Size: 2 bytes | Head SHA: 4756f5a0e
reports/latest/gcp_micro_mri/latest/run_jobs_europe-west4.json,General Core & Utilities,Utility Script / Module,Active,N/A,4756f5a0e,Size: 2 bytes | Head SHA: 4756f5a0e
reports/latest/gcp_micro_mri/latest/run_jobs_europe-west6.json,General Core & Utilities,Utility Script / Module,Active,N/A,4756f5a0e,Size: 2 bytes | Head SHA: 4756f5a0e
reports/latest/gcp_micro_mri/latest/run_jobs_europe-west8.json,General Core & Utilities,Utility Script / Module,Active,N/A,4756f5a0e,Size: 2 bytes | Head SHA: 4756f5a0e
reports/latest/gcp_micro_mri/latest/run_jobs_europe-west9.json,General Core & Utilities,Utility Script / Module,Active,N/A,4756f5a0e,Size: 2 bytes | Head SHA: 4756f5a0e
reports/latest/gcp_micro_mri/latest/run_jobs_me-central1.json,General Core & Utilities,Utility Script / Module,Active,N/A,4756f5a0e,Size: 2 bytes | Head SHA: 4756f5a0e
reports/latest/gcp_micro_mri/latest/run_jobs_me-central2.json,General Core & Utilities,Utility Script / Module,Active,N/A,4756f5a0e,Size: 793 bytes | Head SHA: 4756f5a0e
reports/latest/gcp_micro_mri/latest/run_jobs_me-west1.json,General Core & Utilities,Utility Script / Module,Active,N/A,4756f5a0e,Size: 2 bytes | Head SHA: 4756f5a0e
reports/latest/gcp_micro_mri/latest/run_jobs_northamerica-northeast1.json,General Core & Utilities,Utility Script / Module,Active,N/A,4756f5a0e,Size: 2 bytes | Head SHA: 4756f5a0e
reports/latest/gcp_micro_mri/latest/run_jobs_northamerica-northeast2.json,General Core & Utilities,Utility Script / Module,Active,N/A,4756f5a0e,Size: 2 bytes | Head SHA: 4756f5a0e
reports/latest/gcp_micro_mri/latest/run_jobs_northamerica-south1.json,General Core & Utilities,Utility Script / Module,Active,N/A,4756f5a0e,Size: 2 bytes | Head SHA: 4756f5a0e
reports/latest/gcp_micro_mri/latest/run_jobs_southamerica-east1.json,General Core & Utilities,Utility Script / Module,Active,N/A,4756f5a0e,Size: 2 bytes | Head SHA: 4756f5a0e
reports/latest/gcp_micro_mri/latest/run_jobs_southamerica-west1.json,General Core & Utilities,Utility Script / Module,Active,N/A,4756f5a0e,Size: 2 bytes | Head SHA: 4756f5a0e
reports/latest/gcp_micro_mri/latest/run_jobs_us-central1.json,General Core & Utilities,Utility Script / Module,Active,N/A,4756f5a0e,Size: 2 bytes | Head SHA: 4756f5a0e
reports/latest/gcp_micro_mri/latest/run_jobs_us-east1.json,General Core & Utilities,Utility Script / Module,Active,N/A,4756f5a0e,Size: 2 bytes | Head SHA: 4756f5a0e
reports/latest/gcp_micro_mri/latest/run_jobs_us-east4.json,General Core & Utilities,Utility Script / Module,Active,N/A,4756f5a0e,Size: 2 bytes | Head SHA: 4756f5a0e
reports/latest/gcp_micro_mri/latest/run_jobs_us-east5.json,General Core & Utilities,Utility Script / Module,Active,N/A,4756f5a0e,Size: 2 bytes | Head SHA: 4756f5a0e
reports/latest/gcp_micro_mri/latest/run_jobs_us-south1.json,General Core & Utilities,Utility Script / Module,Active,N/A,4756f5a0e,Size: 2 bytes | Head SHA: 4756f5a0e
reports/latest/gcp_micro_mri/latest/run_jobs_us-west1.json,General Core & Utilities,Utility Script / Module,Active,N/A,4756f5a0e,Size: 2 bytes | Head SHA: 4756f5a0e
reports/latest/gcp_micro_mri/latest/run_jobs_us-west2.json,General Core & Utilities,Utility Script / Module,Active,N/A,4756f5a0e,Size: 2 bytes | Head SHA: 4756f5a0e
reports/latest/gcp_micro_mri/latest/run_jobs_us-west3.json,General Core & Utilities,Utility Script / Module,Active,N/A,4756f5a0e,Size: 2 bytes | Head SHA: 4756f5a0e
reports/latest/gcp_micro_mri/latest/run_jobs_us-west4.json,General Core & Utilities,Utility Script / Module,Active,N/A,4756f5a0e,Size: 2 bytes | Head SHA: 4756f5a0e
reports/latest/gcp_micro_mri/latest/run_regions.json,General Core & Utilities,Utility Script / Module,Active,N/A,4756f5a0e,Size: 10710 bytes | Head SHA: 4756f5a0e
reports/latest/gcp_micro_mri/latest/run_revisions_genesis-system3-web.json,General Core & Utilities,Utility Script / Module,Active,N/A,4756f5a0e,Size: 159285 bytes | Head SHA: 4756f5a0e
reports/latest/gcp_micro_mri/latest/run_service_genesis-system3-web.json,General Core & Utilities,Utility Script / Module,Active,N/A,4756f5a0e,Size: 10448 bytes | Head SHA: 4756f5a0e
reports/latest/gcp_micro_mri/latest/run_services_africa-south1.json,General Core & Utilities,Utility Script / Module,Active,N/A,4756f5a0e,Size: 2 bytes | Head SHA: 4756f5a0e
reports/latest/gcp_micro_mri/latest/run_services_all.json,General Core & Utilities,Utility Script / Module,Active,N/A,4756f5a0e,Size: 11097 bytes | Head SHA: 4756f5a0e
reports/latest/gcp_micro_mri/latest/run_services_asia-east1.json,General Core & Utilities,Utility Script / Module,Active,N/A,4756f5a0e,Size: 2 bytes | Head SHA: 4756f5a0e
reports/latest/gcp_micro_mri/latest/run_services_asia-east2.json,General Core & Utilities,Utility Script / Module,Active,N/A,4756f5a0e,Size: 2 bytes | Head SHA: 4756f5a0e
reports/latest/gcp_micro_mri/latest/run_services_asia-northeast1.json,General Core & Utilities,Utility Script / Module,Active,N/A,4756f5a0e,Size: 2 bytes | Head SHA: 4756f5a0e
reports/latest/gcp_micro_mri/latest/run_services_asia-northeast2.json,General Core & Utilities,Utility Script / Module,Active,N/A,4756f5a0e,Size: 2 bytes | Head SHA: 4756f5a0e
reports/latest/gcp_micro_mri/latest/run_services_asia-northeast3.json,General Core & Utilities,Utility Script / Module,Active,N/A,4756f5a0e,Size: 2 bytes | Head SHA: 4756f5a0e
reports/latest/gcp_micro_mri/latest/run_services_asia-south1.json,General Core & Utilities,Utility Script / Module,Active,N/A,4756f5a0e,Size: 11066 bytes | Head SHA: 4756f5a0e
reports/latest/gcp_micro_mri/latest/run_services_asia-south2.json,General Core & Utilities,Utility Script / Module,Active,N/A,4756f5a0e,Size: 2 bytes | Head SHA: 4756f5a0e
reports/latest/gcp_micro_mri/latest/run_services_asia-southeast1.json,General Core & Utilities,Utility Script / Module,Active,N/A,4756f5a0e,Size: 2 bytes | Head SHA: 4756f5a0e
reports/latest/gcp_micro_mri/latest/run_services_asia-southeast2.json,General Core & Utilities,Utility Script / Module,Active,N/A,4756f5a0e,Size: 2 bytes | Head SHA: 4756f5a0e
reports/latest/gcp_micro_mri/latest/run_services_asia-southeast3.json,General Core & Utilities,Utility Script / Module,Active,N/A,4756f5a0e,Size: 2 bytes | Head SHA: 4756f5a0e
reports/latest/gcp_micro_mri/latest/run_services_australia-southeast1.json,General Core & Utilities,Utility Script / Module,Active,N/A,4756f5a0e,Size: 2 bytes | Head SHA: 4756f5a0e
reports/latest/gcp_micro_mri/latest/run_services_australia-southeast2.json,General Core & Utilities,Utility Script / Module,Active,N/A,4756f5a0e,Size: 2 bytes | Head SHA: 4756f5a0e
reports/latest/gcp_micro_mri/latest/run_services_europe-central2.json,General Core & Utilities,Utility Script / Module,Active,N/A,4756f5a0e,Size: 2 bytes | Head SHA: 4756f5a0e
reports/latest/gcp_micro_mri/latest/run_services_europe-north1.json,General Core & Utilities,Utility Script / Module,Active,N/A,4756f5a0e,Size: 2 bytes | Head SHA: 4756f5a0e
reports/latest/gcp_micro_mri/latest/run_services_europe-north2.json,General Core & Utilities,Utility Script / Module,Active,N/A,4756f5a0e,Size: 2 bytes | Head SHA: 4756f5a0e
reports/latest/gcp_micro_mri/latest/run_services_europe-southwest1.json,General Core & Utilities,Utility Script / Module,Active,N/A,4756f5a0e,Size: 2 bytes | Head SHA: 4756f5a0e
reports/latest/gcp_micro_mri/latest/run_services_europe-west1.json,General Core & Utilities,Utility Script / Module,Active,N/A,4756f5a0e,Size: 2 bytes | Head SHA: 4756f5a0e
reports/latest/gcp_micro_mri/latest/run_services_europe-west10.json,General Core & Utilities,Utility Script / Module,Active,N/A,4756f5a0e,Size: 2 bytes | Head SHA: 4756f5a0e
reports/latest/gcp_micro_mri/latest/run_services_europe-west12.json,General Core & Utilities,Utility Script / Module,Active,N/A,4756f5a0e,Size: 2 bytes | Head SHA: 4756f5a0e
reports/latest/gcp_micro_mri/latest/run_services_europe-west2.json,General Core & Utilities,Utility Script / Module,Active,N/A,4756f5a0e,Size: 2 bytes | Head SHA: 4756f5a0e
reports/latest/gcp_micro_mri/latest/run_services_europe-west3.json,General Core & Utilities,Utility Script / Module,Active,N/A,4756f5a0e,Size: 2 bytes | Head SHA: 4756f5a0e
reports/latest/gcp_micro_mri/latest/run_services_europe-west4.json,General Core & Utilities,Utility Script / Module,Active,N/A,4756f5a0e,Size: 2 bytes | Head SHA: 4756f5a0e
reports/latest/gcp_micro_mri/latest/run_services_europe-west6.json,General Core & Utilities,Utility Script / Module,Active,N/A,4756f5a0e,Size: 2 bytes | Head SHA: 4756f5a0e
reports/latest/gcp_micro_mri/latest/run_services_europe-west8.json,General Core & Utilities,Utility Script / Module,Active,N/A,4756f5a0e,Size: 2 bytes | Head SHA: 4756f5a0e
reports/latest/gcp_micro_mri/latest/run_services_europe-west9.json,General Core & Utilities,Utility Script / Module,Active,N/A,4756f5a0e,Size: 2 bytes | Head SHA: 4756f5a0e
reports/latest/gcp_micro_mri/latest/run_services_me-central1.json,General Core & Utilities,Utility Script / Module,Active,N/A,4756f5a0e,Size: 2 bytes | Head SHA: 4756f5a0e
reports/latest/gcp_micro_mri/latest/run_services_me-central2.json,General Core & Utilities,Utility Script / Module,Active,N/A,4756f5a0e,Size: 797 bytes | Head SHA: 4756f5a0e
reports/latest/gcp_micro_mri/latest/run_services_me-west1.json,General Core & Utilities,Utility Script / Module,Active,N/A,4756f5a0e,Size: 2 bytes | Head SHA: 4756f5a0e
reports/latest/gcp_micro_mri/latest/run_services_northamerica-northeast1.json,General Core & Utilities,Utility Script / Module,Active,N/A,4756f5a0e,Size: 2 bytes | Head SHA: 4756f5a0e
reports/latest/gcp_micro_mri/latest/run_services_northamerica-northeast2.json,General Core & Utilities,Utility Script / Module,Active,N/A,4756f5a0e,Size: 2 bytes | Head SHA: 4756f5a0e
reports/latest/gcp_micro_mri/latest/run_services_northamerica-south1.json,General Core & Utilities,Utility Script / Module,Active,N/A,4756f5a0e,Size: 2 bytes | Head SHA: 4756f5a0e
reports/latest/gcp_micro_mri/latest/run_services_southamerica-east1.json,General Core & Utilities,Utility Script / Module,Active,N/A,4756f5a0e,Size: 2 bytes | Head SHA: 4756f5a0e
reports/latest/gcp_micro_mri/latest/run_services_southamerica-west1.json,General Core & Utilities,Utility Script / Module,Active,N/A,4756f5a0e,Size: 2 bytes | Head SHA: 4756f5a0e
reports/latest/gcp_micro_mri/latest/run_services_us-central1.json,General Core & Utilities,Utility Script / Module,Active,N/A,4756f5a0e,Size: 2 bytes | Head SHA: 4756f5a0e
reports/latest/gcp_micro_mri/latest/run_services_us-east1.json,General Core & Utilities,Utility Script / Module,Active,N/A,4756f5a0e,Size: 2 bytes | Head SHA: 4756f5a0e
reports/latest/gcp_micro_mri/latest/run_services_us-east4.json,General Core & Utilities,Utility Script / Module,Active,N/A,4756f5a0e,Size: 2 bytes | Head SHA: 4756f5a0e
reports/latest/gcp_micro_mri/latest/run_services_us-east5.json,General Core & Utilities,Utility Script / Module,Active,N/A,4756f5a0e,Size: 2 bytes | Head SHA: 4756f5a0e
reports/latest/gcp_micro_mri/latest/run_services_us-south1.json,General Core & Utilities,Utility Script / Module,Active,N/A,4756f5a0e,Size: 2 bytes | Head SHA: 4756f5a0e
reports/latest/gcp_micro_mri/latest/run_services_us-west1.json,General Core & Utilities,Utility Script / Module,Active,N/A,4756f5a0e,Size: 2 bytes | Head SHA: 4756f5a0e
reports/latest/gcp_micro_mri/latest/run_services_us-west2.json,General Core & Utilities,Utility Script / Module,Active,N/A,4756f5a0e,Size: 2 bytes | Head SHA: 4756f5a0e
reports/latest/gcp_micro_mri/latest/run_services_us-west3.json,General Core & Utilities,Utility Script / Module,Active,N/A,4756f5a0e,Size: 2 bytes | Head SHA: 4756f5a0e
reports/latest/gcp_micro_mri/latest/run_services_us-west4.json,General Core & Utilities,Utility Script / Module,Active,N/A,4756f5a0e,Size: 2 bytes | Head SHA: 4756f5a0e
reports/latest/gcp_micro_mri/latest/sa_iam_802404398783-compute.json,General Core & Utilities,Utility Script / Module,Active,N/A,4756f5a0e,Size: 254 bytes | Head SHA: 4756f5a0e
reports/latest/gcp_micro_mri/latest/sa_iam_ais-gemini-key-94b0537ad8ac423.json,General Core & Utilities,Utility Script / Module,Active,N/A,4756f5a0e,Size: 22 bytes | Head SHA: 4756f5a0e
reports/latest/gcp_micro_mri/latest/sa_iam_claude-system3-executor.json,General Core & Utilities,Utility Script / Module,Active,N/A,4756f5a0e,Size: 22 bytes | Head SHA: 4756f5a0e
reports/latest/gcp_micro_mri/latest/sa_iam_cloud-run-job-sa.json,General Core & Utilities,Utility Script / Module,Active,N/A,4756f5a0e,Size: 261 bytes | Head SHA: 4756f5a0e
reports/latest/gcp_micro_mri/latest/sa_iam_genesis-system3-automation.json,General Core & Utilities,Utility Script / Module,Active,N/A,4756f5a0e,Size: 505 bytes | Head SHA: 4756f5a0e
reports/latest/gcp_micro_mri/latest/sa_iam_genesis-system3-web.json,General Core & Utilities,Utility Script / Module,Active,N/A,4756f5a0e,Size: 446 bytes | Head SHA: 4756f5a0e
reports/latest/gcp_micro_mri/latest/sa_iam_gs3-evidence-reader.json,General Core & Utilities,Utility Script / Module,Active,N/A,4756f5a0e,Size: 333 bytes | Head SHA: 4756f5a0e
reports/latest/gcp_micro_mri/latest/sa_iam_gs3-forecast-job.json,General Core & Utilities,Utility Script / Module,Active,N/A,4756f5a0e,Size: 259 bytes | Head SHA: 4756f5a0e
reports/latest/gcp_micro_mri/latest/sa_iam_gs3-iam-repair-b.json,General Core & Utilities,Utility Script / Module,Active,N/A,4756f5a0e,Size: 318 bytes | Head SHA: 4756f5a0e
reports/latest/gcp_micro_mri/latest/sa_iam_gs3-iam-repair.json,General Core & Utilities,Utility Script / Module,Active,N/A,4756f5a0e,Size: 318 bytes | Head SHA: 4756f5a0e
reports/latest/gcp_micro_mri/latest/sa_iam_gs3-ops-controller.json,General Core & Utilities,Utility Script / Module,Active,N/A,4756f5a0e,Size: 333 bytes | Head SHA: 4756f5a0e
reports/latest/gcp_micro_mri/latest/sa_iam_gs3-rank-job.json,General Core & Utilities,Utility Script / Module,Active,N/A,4756f5a0e,Size: 259 bytes | Head SHA: 4756f5a0e
reports/latest/gcp_micro_mri/latest/sa_iam_gs3-rollback.json,General Core & Utilities,Utility Script / Module,Active,N/A,4756f5a0e,Size: 333 bytes | Head SHA: 4756f5a0e
reports/latest/gcp_micro_mri/latest/sa_iam_gs3-signals-job.json,General Core & Utilities,Utility Script / Module,Active,N/A,4756f5a0e,Size: 259 bytes | Head SHA: 4756f5a0e
reports/latest/gcp_micro_mri/latest/sa_iam_gs3-token-recovery.json,General Core & Utilities,Utility Script / Module,Active,N/A,4756f5a0e,Size: 695 bytes | Head SHA: 4756f5a0e
reports/latest/gcp_micro_mri/latest/sa_iam_system3-builder.json,General Core & Utilities,Utility Script / Module,Active,N/A,4756f5a0e,Size: 354 bytes | Head SHA: 4756f5a0e
reports/latest/gcp_micro_mri/latest/sa_iam_system3-evidence-reader.json,General Core & Utilities,Utility Script / Module,Active,N/A,4756f5a0e,Size: 326 bytes | Head SHA: 4756f5a0e
reports/latest/gcp_micro_mri/latest/sa_iam_system3-web.json,General Core & Utilities,Utility Script / Module,Active,N/A,4756f5a0e,Size: 22 bytes | Head SHA: 4756f5a0e
reports/latest/gcp_micro_mri/latest/sa_iam_system3-worker.json,General Core & Utilities,Utility Script / Module,Active,N/A,4756f5a0e,Size: 22 bytes | Head SHA: 4756f5a0e
reports/latest/gcp_micro_mri/latest/sa_keys_802404398783-compute.json,General Core & Utilities,Utility Script / Module,Active,N/A,4756f5a0e,Size: 757 bytes | Head SHA: 4756f5a0e
reports/latest/gcp_micro_mri/latest/sa_keys_ais-gemini-key-94b0537ad8ac423.json,General Core & Utilities,Utility Script / Module,Active,N/A,4756f5a0e,Size: 791 bytes | Head SHA: 4756f5a0e
reports/latest/gcp_micro_mri/latest/sa_keys_claude-system3-executor.json,General Core & Utilities,Utility Script / Module,Active,N/A,4756f5a0e,Size: 1979 bytes | Head SHA: 4756f5a0e
reports/latest/gcp_micro_mri/latest/sa_keys_cloud-run-job-sa.json,General Core & Utilities,Utility Script / Module,Active,N/A,4756f5a0e,Size: 1170 bytes | Head SHA: 4756f5a0e
reports/latest/gcp_micro_mri/latest/sa_keys_genesis-system3-automation.json,General Core & Utilities,Utility Script / Module,Active,N/A,4756f5a0e,Size: 1200 bytes | Head SHA: 4756f5a0e
reports/latest/gcp_micro_mri/latest/sa_keys_genesis-system3-web.json,General Core & Utilities,Utility Script / Module,Active,N/A,4756f5a0e,Size: 1179 bytes | Head SHA: 4756f5a0e
reports/latest/gcp_micro_mri/latest/sa_keys_gs3-evidence-reader.json,General Core & Utilities,Utility Script / Module,Active,N/A,4756f5a0e,Size: 787 bytes | Head SHA: 4756f5a0e
reports/latest/gcp_micro_mri/latest/sa_keys_gs3-forecast-job.json,General Core & Utilities,Utility Script / Module,Active,N/A,4756f5a0e,Size: 1170 bytes | Head SHA: 4756f5a0e
reports/latest/gcp_micro_mri/latest/sa_keys_gs3-iam-repair-b.json,General Core & Utilities,Utility Script / Module,Active,N/A,4756f5a0e,Size: 1170 bytes | Head SHA: 4756f5a0e
reports/latest/gcp_micro_mri/latest/sa_keys_gs3-iam-repair.json,General Core & Utilities,Utility Script / Module,Active,N/A,4756f5a0e,Size: 1164 bytes | Head SHA: 4756f5a0e
reports/latest/gcp_micro_mri/latest/sa_keys_gs3-ops-controller.json,General Core & Utilities,Utility Script / Module,Active,N/A,4756f5a0e,Size: 785 bytes | Head SHA: 4756f5a0e
reports/latest/gcp_micro_mri/latest/sa_keys_gs3-rank-job.json,General Core & Utilities,Utility Script / Module,Active,N/A,4756f5a0e,Size: 1158 bytes | Head SHA: 4756f5a0e
reports/latest/gcp_micro_mri/latest/sa_keys_gs3-rollback.json,General Core & Utilities,Utility Script / Module,Active,N/A,4756f5a0e,Size: 773 bytes | Head SHA: 4756f5a0e
reports/latest/gcp_micro_mri/latest/sa_keys_gs3-signals-job.json,General Core & Utilities,Utility Script / Module,Active,N/A,4756f5a0e,Size: 1167 bytes | Head SHA: 4756f5a0e
reports/latest/gcp_micro_mri/latest/sa_keys_gs3-token-recovery.json,General Core & Utilities,Utility Script / Module,Active,N/A,4756f5a0e,Size: 785 bytes | Head SHA: 4756f5a0e
reports/latest/gcp_micro_mri/latest/sa_keys_system3-builder.json,General Core & Utilities,Utility Script / Module,Active,N/A,4756f5a0e,Size: 779 bytes | Head SHA: 4756f5a0e
reports/latest/gcp_micro_mri/latest/sa_keys_system3-evidence-reader.json,General Core & Utilities,Utility Script / Module,Active,N/A,4756f5a0e,Size: 1191 bytes | Head SHA: 4756f5a0e
reports/latest/gcp_micro_mri/latest/sa_keys_system3-web.json,General Core & Utilities,Utility Script / Module,Active,N/A,4756f5a0e,Size: 771 bytes | Head SHA: 4756f5a0e
reports/latest/gcp_micro_mri/latest/sa_keys_system3-worker.json,General Core & Utilities,Utility Script / Module,Active,N/A,4756f5a0e,Size: 777 bytes | Head SHA: 4756f5a0e
reports/latest/gcp_micro_mri/latest/secret_iam_gemini_api_key.json,General Core & Utilities,Utility Script / Module,Active,N/A,4756f5a0e,Size: 22 bytes | Head SHA: 4756f5a0e
reports/latest/gcp_micro_mri/latest/secret_iam_system3-dashboard-api-key.json,General Core & Utilities,Utility Script / Module,Active,N/A,4756f5a0e,Size: 698 bytes | Head SHA: 4756f5a0e
reports/latest/gcp_micro_mri/latest/secret_iam_system3-dashboard-worker-push-token.json,General Core & Utilities,Utility Script / Module,Active,N/A,4756f5a0e,Size: 518 bytes | Head SHA: 4756f5a0e
reports/latest/gcp_micro_mri/latest/secret_versions_gemini_api_key.json,General Core & Utilities,Utility Script / Module,Active,N/A,4756f5a0e,Size: 299 bytes | Head SHA: 4756f5a0e
reports/latest/gcp_micro_mri/latest/secret_versions_system3-dashboard-api-key.json,General Core & Utilities,Utility Script / Module,Active,N/A,4756f5a0e,Size: 1541 bytes | Head SHA: 4756f5a0e
reports/latest/gcp_micro_mri/latest/secret_versions_system3-dashboard-worker-push-token.json,General Core & Utilities,Utility Script / Module,Active,N/A,4756f5a0e,Size: 956 bytes | Head SHA: 4756f5a0e
reports/latest/gcp_micro_mri/latest/secrets.json,General Core & Utilities,Utility Script / Module,Active,N/A,4756f5a0e,Size: 2366 bytes | Head SHA: 4756f5a0e
reports/latest/gcp_micro_mri/latest/secrets_micro.json,General Core & Utilities,Utility Script / Module,Active,N/A,4756f5a0e,Size: 37024 bytes | Head SHA: 4756f5a0e
reports/latest/gcp_micro_mri/latest/service_accounts.json,General Core & Utilities,Utility Script / Module,Active,N/A,4756f5a0e,Size: 11236 bytes | Head SHA: 4756f5a0e
reports/latest/gcp_micro_mri/latest/service_accounts_micro.json,General Core & Utilities,Utility Script / Module,Active,N/A,4756f5a0e,Size: 49874 bytes | Head SHA: 4756f5a0e
reports/latest/gcp_micro_mri/latest/sql_instances.json,General Core & Utilities,Utility Script / Module,Active,N/A,4756f5a0e,Size: 2 bytes | Head SHA: 4756f5a0e
reports/latest/gcp_micro_mri/latest/uptime_configs.json,General Core & Utilities,Utility Script / Module,Active,N/A,4756f5a0e,Size: 747 bytes | Head SHA: 4756f5a0e
reports/latest/gcp_micro_mri/latest/wif_micro.json,General Core & Utilities,Utility Script / Module,Active,N/A,4756f5a0e,Size: 1781 bytes | Head SHA: 4756f5a0e
reports/latest/gcp_micro_mri/latest/wif_pools.json,General Core & Utilities,Utility Script / Module,Active,N/A,4756f5a0e,Size: 715 bytes | Head SHA: 4756f5a0e
reports/latest/gcp_micro_mri/latest/wif_providers_github-genesis-system3.json,General Core & Utilities,Utility Script / Module,Active,N/A,4756f5a0e,Size: 214 bytes | Head SHA: 4756f5a0e
reports/latest/gcp_micro_mri/latest/wif_providers_gs3-github-main.json,General Core & Utilities,Utility Script / Module,Active,N/A,4756f5a0e,Size: 207 bytes | Head SHA: 4756f5a0e
reports/latest/gcp_micro_mri/latest/wif_providers_gs3-github-read.json,General Core & Utilities,Utility Script / Module,Active,N/A,4756f5a0e,Size: 207 bytes | Head SHA: 4756f5a0e
reports/latest/gcp_retarget_inventory/README.md,General Core & Utilities,Utility Script / Module,Active,N/A,4756f5a0e,Size: 1056 bytes | Head SHA: 4756f5a0e
reports/latest/genesis_dashboard_qc/summary.json,General Core & Utilities,Utility Script / Module,Active,N/A,4756f5a0e,Size: 2850 bytes | Head SHA: 4756f5a0e
reports/latest/github_render_failure_tracker/excluded_workflows.json,General Core & Utilities,Utility Script / Module,Active,N/A,4756f5a0e,Size: 115 bytes | Head SHA: 4756f5a0e
reports/latest/github_render_failure_tracker/preflight.json,General Core & Utilities,Utility Script / Module,Active,N/A,4756f5a0e,Size: 458 bytes | Head SHA: 4756f5a0e
reports/latest/github_render_failure_tracker/summary.json,General Core & Utilities,Utility Script / Module,Active,N/A,4756f5a0e,Size: 5649 bytes | Head SHA: 4756f5a0e
reports/latest/github_render_failure_tracker/summary.md,General Core & Utilities,Utility Script / Module,Active,N/A,4756f5a0e,Size: 3163 bytes | Head SHA: 4756f5a0e
reports/latest/human_approval_gate/summary.json,General Core & Utilities,Utility Script / Module,Active,N/A,4756f5a0e,Size: 905 bytes | Head SHA: 4756f5a0e
reports/latest/human_approval_gate/summary.md,General Core & Utilities,Utility Script / Module,Active,N/A,4756f5a0e,Size: 542 bytes | Head SHA: 4756f5a0e
reports/latest/inspector_audit_response/README.md,General Core & Utilities,Utility Script / Module,Active,N/A,4756f5a0e,Size: 3133 bytes | Head SHA: 4756f5a0e
reports/latest/instrument_tradability/instrument_tradability_summary.json,General Core & Utilities,Utility Script / Module,Active,N/A,4756f5a0e,Size: 3678 bytes | Head SHA: 4756f5a0e
reports/latest/instrument_tradability/instrument_tradability_summary.md,General Core & Utilities,Utility Script / Module,Active,N/A,4756f5a0e,Size: 2808 bytes | Head SHA: 4756f5a0e
reports/latest/live_current_issue_check/LIVE_CURRENT_ISSUE_REPORT.md,General Core & Utilities,Utility Script / Module,Active,N/A,4756f5a0e,Size: 3389 bytes | Head SHA: 4756f5a0e
reports/latest/live_current_issue_check/compile_results.json,General Core & Utilities,Utility Script / Module,Active,N/A,4756f5a0e,Size: 966 bytes | Head SHA: 4756f5a0e
reports/latest/live_current_issue_check/endpoint_results.json,General Core & Utilities,Utility Script / Module,Active,N/A,4756f5a0e,Size: 35113 bytes | Head SHA: 4756f5a0e
reports/latest/live_current_issue_check/git_status.json,General Core & Utilities,Utility Script / Module,Active,N/A,4756f5a0e,Size: 1317 bytes | Head SHA: 4756f5a0e
reports/latest/live_current_issue_check/issues.json,General Core & Utilities,Utility Script / Module,Active,N/A,4756f5a0e,Size: 4139 bytes | Head SHA: 4756f5a0e
reports/latest/live_current_issue_check/live_current_issue_check.py,General Core & Utilities,Utility Script / Module,Active,N/A,4756f5a0e,Size: 17389 bytes | Head SHA: 4756f5a0e
reports/latest/live_current_issue_check/summary.json,General Core & Utilities,Utility Script / Module,Active,N/A,4756f5a0e,Size: 586 bytes | Head SHA: 4756f5a0e
reports/latest/live_diag_20m/FINAL_AUDIT.md,General Core & Utilities,Utility Script / Module,Active,N/A,4756f5a0e,Size: 1488 bytes | Head SHA: 4756f5a0e
reports/latest/live_proof_center/LATEST/CROSS_VERIFY.json,General Core & Utilities,Utility Script / Module,Active,N/A,4756f5a0e,Size: 374 bytes | Head SHA: 4756f5a0e
reports/latest/live_proof_center/LATEST/INDEX.md,General Core & Utilities,Utility Script / Module,Active,N/A,4756f5a0e,Size: 2236 bytes | Head SHA: 4756f5a0e
reports/latest/live_proof_center/LATEST/MANIFEST.json,General Core & Utilities,Utility Script / Module,Active,N/A,4756f5a0e,Size: 1617 bytes | Head SHA: 4756f5a0e
reports/latest/live_proof_center/LATEST/api/auth_status.json,General Core & Utilities,Utility Script / Module,Active,N/A,4756f5a0e,Size: 331 bytes | Head SHA: 4756f5a0e
reports/latest/live_proof_center/LATEST/api/auto_gates.json,General Core & Utilities,Utility Script / Module,Active,N/A,4756f5a0e,Size: 9734 bytes | Head SHA: 4756f5a0e
reports/latest/live_proof_center/LATEST/api/continuous_closure.json,General Core & Utilities,Utility Script / Module,Active,N/A,4756f5a0e,Size: 5309 bytes | Head SHA: 4756f5a0e
reports/latest/live_proof_center/LATEST/api/funds.json,General Core & Utilities,Utility Script / Module,Active,N/A,4756f5a0e,Size: 1177 bytes | Head SHA: 4756f5a0e
reports/latest/live_proof_center/LATEST/api/health.json,General Core & Utilities,Utility Script / Module,Active,N/A,4756f5a0e,Size: 1139 bytes | Head SHA: 4756f5a0e
reports/latest/live_proof_center/LATEST/api/holdings.json,General Core & Utilities,Utility Script / Module,Active,N/A,4756f5a0e,Size: 12210 bytes | Head SHA: 4756f5a0e
reports/latest/live_proof_center/LATEST/api/instruments_health.json,General Core & Utilities,Utility Script / Module,Active,N/A,4756f5a0e,Size: 805 bytes | Head SHA: 4756f5a0e
reports/latest/live_proof_center/LATEST/api/kill_switch.json,General Core & Utilities,Utility Script / Module,Active,N/A,4756f5a0e,Size: 314 bytes | Head SHA: 4756f5a0e
reports/latest/live_proof_center/LATEST/api/live_trading_gate.json,General Core & Utilities,Utility Script / Module,Active,N/A,4756f5a0e,Size: 1352 bytes | Head SHA: 4756f5a0e
reports/latest/live_proof_center/LATEST/api/proof_ledger.json,General Core & Utilities,Utility Script / Module,Active,N/A,4756f5a0e,Size: 489 bytes | Head SHA: 4756f5a0e
reports/latest/live_proof_center/LATEST/api/signals_top.json,General Core & Utilities,Utility Script / Module,Active,N/A,4756f5a0e,Size: 245 bytes | Head SHA: 4756f5a0e
reports/latest/live_proof_center/LATEST/api/state.json,General Core & Utilities,Utility Script / Module,Active,N/A,4756f5a0e,Size: 6541 bytes | Head SHA: 4756f5a0e
reports/latest/live_proof_center/LATEST/api/status.json,General Core & Utilities,Utility Script / Module,Active,N/A,4756f5a0e,Size: 921 bytes | Head SHA: 4756f5a0e
reports/latest/live_proof_center/LATEST/api/system_health.json,General Core & Utilities,Utility Script / Module,Active,N/A,4756f5a0e,Size: 6687 bytes | Head SHA: 4756f5a0e
reports/latest/live_proof_center/LATEST/api/ui_root.json,General Core & Utilities,Utility Script / Module,Active,N/A,4756f5a0e,Size: 528 bytes | Head SHA: 4756f5a0e
reports/latest/live_proof_center/LATEST/dashboard_tabs.json,General Core & Utilities,Utility Script / Module,Active,N/A,4756f5a0e,Size: 10514 bytes | Head SHA: 4756f5a0e
reports/latest/live_proof_center/LATEST/gcp_inventory.json,General Core & Utilities,Utility Script / Module,Active,N/A,4756f5a0e,Size: 3510 bytes | Head SHA: 4756f5a0e
reports/latest/live_proof_center/README.md,General Core & Utilities,Utility Script / Module,Active,N/A,4756f5a0e,Size: 161 bytes | Head SHA: 4756f5a0e
reports/latest/live_proof_center/from_actions_32953835848/coordination/LIVE_PROOF_CENTER_POINTER.md,General Core & Utilities,Utility Script / Module,Active,N/A,4756f5a0e,Size: 601 bytes | Head SHA: 4756f5a0e
reports/latest/live_proof_center/from_actions_32953835848/latest/live_proof_center/LATEST/CROSS_VERIFY.json,General Core & Utilities,Utility Script / Module,Active,N/A,4756f5a0e,Size: 405 bytes | Head SHA: 4756f5a0e
reports/latest/live_proof_center/from_actions_32953835848/latest/live_proof_center/LATEST/INDEX.md,General Core & Utilities,Utility Script / Module,Active,N/A,4756f5a0e,Size: 2127 bytes | Head SHA: 4756f5a0e
reports/latest/live_proof_center/from_actions_32953835848/latest/live_proof_center/LATEST/MANIFEST.json,General Core & Utilities,Utility Script / Module,Active,N/A,4756f5a0e,Size: 1772 bytes | Head SHA: 4756f5a0e
reports/latest/live_proof_center/from_actions_32953835848/latest/live_proof_center/LATEST/api/auth_status.json,General Core & Utilities,Utility Script / Module,Active,N/A,4756f5a0e,Size: 318 bytes | Head SHA: 4756f5a0e
reports/latest/live_proof_center/from_actions_32953835848/latest/live_proof_center/LATEST/api/auto_gates.json,General Core & Utilities,Utility Script / Module,Active,N/A,4756f5a0e,Size: 9442 bytes | Head SHA: 4756f5a0e
reports/latest/live_proof_center/from_actions_32953835848/latest/live_proof_center/LATEST/api/continuous_closure.json,General Core & Utilities,Utility Script / Module,Active,N/A,4756f5a0e,Size: 5162 bytes | Head SHA: 4756f5a0e
reports/latest/live_proof_center/from_actions_32953835848/latest/live_proof_center/LATEST/api/funds.json,General Core & Utilities,Utility Script / Module,Active,N/A,4756f5a0e,Size: 1133 bytes | Head SHA: 4756f5a0e
reports/latest/live_proof_center/from_actions_32953835848/latest/live_proof_center/LATEST/api/health.json,General Core & Utilities,Utility Script / Module,Active,N/A,4756f5a0e,Size: 151 bytes | Head SHA: 4756f5a0e
reports/latest/live_proof_center/from_actions_32953835848/latest/live_proof_center/LATEST/api/holdings.json,General Core & Utilities,Utility Script / Module,Active,N/A,4756f5a0e,Size: 11806 bytes | Head SHA: 4756f5a0e
reports/latest/live_proof_center/from_actions_32953835848/latest/live_proof_center/LATEST/api/instruments_health.json,General Core & Utilities,Utility Script / Module,Active,N/A,4756f5a0e,Size: 780 bytes | Head SHA: 4756f5a0e
reports/latest/live_proof_center/from_actions_32953835848/latest/live_proof_center/LATEST/api/kill_switch.json,General Core & Utilities,Utility Script / Module,Active,N/A,4756f5a0e,Size: 302 bytes | Head SHA: 4756f5a0e
reports/latest/live_proof_center/from_actions_32953835848/latest/live_proof_center/LATEST/api/live_trading_gate.json,General Core & Utilities,Utility Script / Module,Active,N/A,4756f5a0e,Size: 1307 bytes | Head SHA: 4756f5a0e
reports/latest/live_proof_center/from_actions_32953835848/latest/live_proof_center/LATEST/api/proof_ledger.json,General Core & Utilities,Utility Script / Module,Active,N/A,4756f5a0e,Size: 469 bytes | Head SHA: 4756f5a0e
reports/latest/live_proof_center/from_actions_32953835848/latest/live_proof_center/LATEST/api/signals_top.json,General Core & Utilities,Utility Script / Module,Active,N/A,4756f5a0e,Size: 234 bytes | Head SHA: 4756f5a0e
reports/latest/live_proof_center/from_actions_32953835848/latest/live_proof_center/LATEST/api/state.json,General Core & Utilities,Utility Script / Module,Active,N/A,4756f5a0e,Size: 150 bytes | Head SHA: 4756f5a0e
reports/latest/live_proof_center/from_actions_32953835848/latest/live_proof_center/LATEST/api/status.json,General Core & Utilities,Utility Script / Module,Active,N/A,4756f5a0e,Size: 883 bytes | Head SHA: 4756f5a0e
reports/latest/live_proof_center/from_actions_32953835848/latest/live_proof_center/LATEST/api/system_health.json,General Core & Utilities,Utility Script / Module,Active,N/A,4756f5a0e,Size: 6458 bytes | Head SHA: 4756f5a0e
reports/latest/live_proof_center/from_actions_32953835848/latest/live_proof_center/LATEST/api/ui_root.json,General Core & Utilities,Utility Script / Module,Active,N/A,4756f5a0e,Size: 515 bytes | Head SHA: 4756f5a0e
reports/latest/live_proof_center/from_actions_32953835848/latest/live_proof_center/LATEST/dashboard_tabs.json,General Core & Utilities,Utility Script / Module,Active,N/A,4756f5a0e,Size: 10121 bytes | Head SHA: 4756f5a0e
reports/latest/live_proof_center/from_actions_32953835848/latest/live_proof_center/LATEST/gcp_inventory.json,General Core & Utilities,Utility Script / Module,Active,N/A,4756f5a0e,Size: 3072 bytes | Head SHA: 4756f5a0e
reports/latest/local_code_review/REVIEW.md,General Core & Utilities,Utility Script / Module,Active,N/A,4756f5a0e,Size: 12583 bytes | Head SHA: 4756f5a0e
reports/latest/local_code_review/summary.json,General Core & Utilities,Utility Script / Module,Active,N/A,4756f5a0e,Size: 14013 bytes | Head SHA: 4756f5a0e
reports/latest/manual_repo_qc_audit/summary.md,General Core & Utilities,Utility Script / Module,Active,N/A,4756f5a0e,Size: 13778 bytes | Head SHA: 4756f5a0e
reports/latest/markdown_inventory.json,General Core & Utilities,Utility Script / Module,Active,N/A,4756f5a0e,Size: 492366 bytes | Head SHA: 4756f5a0e
reports/latest/markdown_inventory.md,General Core & Utilities,Utility Script / Module,Active,N/A,4756f5a0e,Size: 126958 bytes | Head SHA: 4756f5a0e
reports/latest/market_session/market_session_summary.json,General Core & Utilities,Utility Script / Module,Active,N/A,4756f5a0e,Size: 1119 bytes | Head SHA: 4756f5a0e
reports/latest/market_session/market_session_summary.md,General Core & Utilities,Utility Script / Module,Active,N/A,4756f5a0e,Size: 1101 bytes | Head SHA: 4756f5a0e
reports/latest/market_top_ce_pe_verify.json,General Core & Utilities,Utility Script / Module,Active,N/A,4756f5a0e,Size: 841 bytes | Head SHA: 4756f5a0e
reports/latest/master_mri/latest_scan.json,General Core & Utilities,Utility Script / Module,Active,N/A,4756f5a0e,Size: 22138 bytes | Head SHA: 4756f5a0e
reports/latest/micro_audit/summary.json,General Core & Utilities,Utility Script / Module,Active,N/A,4756f5a0e,Size: 1041 bytes | Head SHA: 4756f5a0e
reports/latest/mri/Concern_List.json,General Core & Utilities,Utility Script / Module,Active,N/A,4756f5a0e,Size: 2109 bytes | Head SHA: 4756f5a0e
reports/latest/mri/Concern_List.md,General Core & Utilities,Utility Script / Module,Active,N/A,4756f5a0e,Size: 2930 bytes | Head SHA: 4756f5a0e
reports/latest/mri_watch/CHECKLIST.csv,General Core & Utilities,Utility Script / Module,Active,N/A,4756f5a0e,Size: 4041 bytes | Head SHA: 4756f5a0e
reports/latest/mri_watch/CHECKLIST.md,General Core & Utilities,Utility Script / Module,Active,N/A,4756f5a0e,Size: 2547 bytes | Head SHA: 4756f5a0e
reports/latest/mri_watch/DIGEST.md,General Core & Utilities,Utility Script / Module,Active,N/A,4756f5a0e,Size: 392 bytes | Head SHA: 4756f5a0e
reports/latest/mri_watch/LATEST.json,General Core & Utilities,Utility Script / Module,Active,N/A,4756f5a0e,Size: 2406 bytes | Head SHA: 4756f5a0e
reports/latest/mri_watch/RECURRENCE.md,General Core & Utilities,Utility Script / Module,Active,N/A,4756f5a0e,Size: 1083 bytes | Head SHA: 4756f5a0e
reports/latest/mri_watch/gmail_latest.json,General Core & Utilities,Utility Script / Module,Active,N/A,4756f5a0e,Size: 8524 bytes | Head SHA: 4756f5a0e
reports/latest/parallel_root_cause_audit/final_truth.json,General Core & Utilities,Utility Script / Module,Active,N/A,4756f5a0e,Size: 657 bytes | Head SHA: 4756f5a0e
reports/latest/parallel_root_cause_audit/final_truth.md,General Core & Utilities,Utility Script / Module,Active,N/A,4756f5a0e,Size: 417 bytes | Head SHA: 4756f5a0e
reports/latest/parallel_root_cause_audit/render_truth.json,General Core & Utilities,Utility Script / Module,Active,N/A,4756f5a0e,Size: 702 bytes | Head SHA: 4756f5a0e
reports/latest/parallel_root_cause_audit/render_truth.md,General Core & Utilities,Utility Script / Module,Active,N/A,4756f5a0e,Size: 467 bytes | Head SHA: 4756f5a0e
reports/latest/parallel_root_cause_audit/summary.json,General Core & Utilities,Utility Script / Module,Active,N/A,4756f5a0e,Size: 1559 bytes | Head SHA: 4756f5a0e
reports/latest/parallel_root_cause_audit/summary.md,General Core & Utilities,Utility Script / Module,Active,N/A,4756f5a0e,Size: 1400 bytes | Head SHA: 4756f5a0e
reports/latest/parallel_root_cause_audit/visual_proof.json,General Core & Utilities,Utility Script / Module,Active,N/A,4756f5a0e,Size: 664 bytes | Head SHA: 4756f5a0e
reports/latest/parallel_root_cause_audit/visual_proof.md,General Core & Utilities,Utility Script / Module,Active,N/A,4756f5a0e,Size: 431 bytes | Head SHA: 4756f5a0e
reports/latest/pending_issues/LIVE_ENDPOINT_SWEEP_20260825.json,General Core & Utilities,Utility Script / Module,Active,N/A,4756f5a0e,Size: 10364 bytes | Head SHA: 4756f5a0e
reports/latest/pending_issues/PENDING_ISSUES_MASTER_20260825.csv,General Core & Utilities,Utility Script / Module,Active,N/A,4756f5a0e,Size: 13902 bytes | Head SHA: 4756f5a0e
reports/latest/pending_issues/PENDING_ISSUES_README.md,General Core & Utilities,Utility Script / Module,Active,N/A,4756f5a0e,Size: 1085 bytes | Head SHA: 4756f5a0e
reports/latest/pending_issues/SESSION_ISSUES_MASTER.md,General Core & Utilities,Utility Script / Module,Active,N/A,4756f5a0e,Size: 5303 bytes | Head SHA: 4756f5a0e
reports/latest/pending_tasks_closure/summary.json,General Core & Utilities,Utility Script / Module,Active,N/A,4756f5a0e,Size: 3921 bytes | Head SHA: 4756f5a0e
reports/latest/pending_tasks_closure/summary.md,General Core & Utilities,Utility Script / Module,Active,N/A,4756f5a0e,Size: 705 bytes | Head SHA: 4756f5a0e
reports/latest/performance_batch_proof/summary.json,General Core & Utilities,Utility Script / Module,Active,N/A,4756f5a0e,Size: 301 bytes | Head SHA: 4756f5a0e
reports/latest/performance_batch_proof/summary.md,General Core & Utilities,Utility Script / Module,Active,N/A,4756f5a0e,Size: 337 bytes | Head SHA: 4756f5a0e
reports/latest/post369_live_proof_20260827_000506/api_health.json,General Core & Utilities,Utility Script / Module,Active,N/A,4756f5a0e,Size: 730 bytes | Head SHA: 4756f5a0e
reports/latest/production_grade_readiness/summary.json,General Core & Utilities,Utility Script / Module,Active,N/A,4756f5a0e,Size: 10441 bytes | Head SHA: 4756f5a0e
reports/latest/production_grade_readiness/summary.md,General Core & Utilities,Utility Script / Module,Active,N/A,4756f5a0e,Size: 1517 bytes | Head SHA: 4756f5a0e
reports/latest/production_viability_bridge/latest.json,General Core & Utilities,Utility Script / Module,Active,N/A,4756f5a0e,Size: 35174 bytes | Head SHA: 4756f5a0e
reports/latest/production_viability_bridge/summary.md,General Core & Utilities,Utility Script / Module,Active,N/A,4756f5a0e,Size: 2375 bytes | Head SHA: 4756f5a0e
reports/latest/proof_pack_closure_gate/summary.json,General Core & Utilities,Utility Script / Module,Active,N/A,4756f5a0e,Size: 3324 bytes | Head SHA: 4756f5a0e
reports/latest/proof_pack_closure_gate/summary.md,General Core & Utilities,Utility Script / Module,Active,N/A,4756f5a0e,Size: 1107 bytes | Head SHA: 4756f5a0e
reports/latest/proof_status_matrix/proof_status_matrix.json,General Core & Utilities,Utility Script / Module,Active,N/A,4756f5a0e,Size: 2859 bytes | Head SHA: 4756f5a0e
reports/latest/public_dashboard_proof/tab_visual_matrix.json,General Core & Utilities,Utility Script / Module,Active,N/A,4756f5a0e,Size: 594 bytes | Head SHA: 4756f5a0e
reports/latest/qc_forensic_anomaly_audit/anomaly_matrix.csv,General Core & Utilities,Utility Script / Module,Active,N/A,4756f5a0e,Size: 31 bytes | Head SHA: 4756f5a0e
reports/latest/qc_forensic_anomaly_audit/endpoint_matrix.json,General Core & Utilities,Utility Script / Module,Active,N/A,4756f5a0e,Size: 7943 bytes | Head SHA: 4756f5a0e
reports/latest/qc_forensic_anomaly_audit/runtime_qc.json,General Core & Utilities,Utility Script / Module,Active,N/A,4756f5a0e,Size: 348 bytes | Head SHA: 4756f5a0e
reports/latest/qc_forensic_anomaly_audit/safety_verdict.json,General Core & Utilities,Utility Script / Module,Active,N/A,4756f5a0e,Size: 266 bytes | Head SHA: 4756f5a0e
reports/latest/qc_forensic_anomaly_audit/summary.json,General Core & Utilities,Utility Script / Module,Active,N/A,4756f5a0e,Size: 789 bytes | Head SHA: 4756f5a0e
reports/latest/qc_forensic_anomaly_audit/summary.md,General Core & Utilities,Utility Script / Module,Active,N/A,4756f5a0e,Size: 452 bytes | Head SHA: 4756f5a0e
reports/latest/readiness_evidence_normalized/summary.json,General Core & Utilities,Utility Script / Module,Active,N/A,4756f5a0e,Size: 1567 bytes | Head SHA: 4756f5a0e
reports/latest/readiness_evidence_normalized/summary.md,General Core & Utilities,Utility Script / Module,Active,N/A,4756f5a0e,Size: 1188 bytes | Head SHA: 4756f5a0e
reports/latest/real_market_data_proof/summary.json,General Core & Utilities,Utility Script / Module,Active,N/A,4756f5a0e,Size: 461 bytes | Head SHA: 4756f5a0e
reports/latest/real_market_data_proof/summary.md,General Core & Utilities,Utility Script / Module,Active,N/A,4756f5a0e,Size: 109 bytes | Head SHA: 4756f5a0e
reports/latest/recent_claude_change_audit/summary.json,General Core & Utilities,Utility Script / Module,Active,N/A,4756f5a0e,Size: 1829 bytes | Head SHA: 4756f5a0e
reports/latest/render_env_alignment/summary.json,General Core & Utilities,Utility Script / Module,Active,N/A,4756f5a0e,Size: 5213 bytes | Head SHA: 4756f5a0e
reports/latest/render_env_alignment/summary.md,General Core & Utilities,Utility Script / Module,Active,N/A,4756f5a0e,Size: 724 bytes | Head SHA: 4756f5a0e
reports/latest/render_log_audit/summary.json,General Core & Utilities,Utility Script / Module,Active,N/A,4756f5a0e,Size: 2975 bytes | Head SHA: 4756f5a0e
reports/latest/render_log_audit/summary.md,General Core & Utilities,Utility Script / Module,Active,N/A,4756f5a0e,Size: 2430 bytes | Head SHA: 4756f5a0e
reports/latest/render_memory_audit/summary.json,General Core & Utilities,Utility Script / Module,Active,N/A,4756f5a0e,Size: 2804 bytes | Head SHA: 4756f5a0e
reports/latest/render_memory_audit/summary.md,General Core & Utilities,Utility Script / Module,Active,N/A,4756f5a0e,Size: 2539 bytes | Head SHA: 4756f5a0e
reports/latest/render_memory_stabilization/checklist.json,General Core & Utilities,Utility Script / Module,Active,N/A,4756f5a0e,Size: 1846 bytes | Head SHA: 4756f5a0e
reports/latest/render_memory_stabilization/summary.json,General Core & Utilities,Utility Script / Module,Active,N/A,4756f5a0e,Size: 192 bytes | Head SHA: 4756f5a0e
reports/latest/render_memory_stabilization/summary.md,General Core & Utilities,Utility Script / Module,Active,N/A,4756f5a0e,Size: 946 bytes | Head SHA: 4756f5a0e
reports/latest/render_token_audit/summary.json,General Core & Utilities,Utility Script / Module,Active,N/A,4756f5a0e,Size: 1395 bytes | Head SHA: 4756f5a0e
reports/latest/render_token_audit/summary.md,General Core & Utilities,Utility Script / Module,Active,N/A,4756f5a0e,Size: 1591 bytes | Head SHA: 4756f5a0e
reports/latest/render_worker_env_audit/summary.json,General Core & Utilities,Utility Script / Module,Active,N/A,4756f5a0e,Size: 1093 bytes | Head SHA: 4756f5a0e
reports/latest/render_worker_env_audit/summary.md,General Core & Utilities,Utility Script / Module,Active,N/A,4756f5a0e,Size: 731 bytes | Head SHA: 4756f5a0e
reports/latest/render_worker_issue_proof/summary.json,General Core & Utilities,Utility Script / Module,Active,N/A,4756f5a0e,Size: 1253 bytes | Head SHA: 4756f5a0e
reports/latest/render_worker_issue_proof/summary.md,General Core & Utilities,Utility Script / Module,Active,N/A,4756f5a0e,Size: 750 bytes | Head SHA: 4756f5a0e
reports/latest/render_worker_preflight/summary.json,General Core & Utilities,Utility Script / Module,Active,N/A,4756f5a0e,Size: 1975 bytes | Head SHA: 4756f5a0e
reports/latest/render_worker_preflight/summary.md,General Core & Utilities,Utility Script / Module,Active,N/A,4756f5a0e,Size: 919 bytes | Head SHA: 4756f5a0e
reports/latest/repo_authority_and_duplicate_control/README.md,General Core & Utilities,Utility Script / Module,Active,N/A,4756f5a0e,Size: 393 bytes | Head SHA: 4756f5a0e
reports/latest/repo_authority_and_duplicate_control/summary.json,General Core & Utilities,Utility Script / Module,Active,N/A,4756f5a0e,Size: 29183 bytes | Head SHA: 4756f5a0e
reports/latest/repo_path_audit/cloud_github_vs_laptop.json,General Core & Utilities,Utility Script / Module,Active,N/A,4756f5a0e,Size: 932 bytes | Head SHA: 4756f5a0e
reports/latest/repo_path_audit/main_branch_protection_restore.json,General Core & Utilities,Utility Script / Module,Active,N/A,4756f5a0e,Size: 1623 bytes | Head SHA: 4756f5a0e
reports/latest/rhui_v22_verify/CROSS_VERIFY_LATEST.json,General Core & Utilities,Utility Script / Module,Active,N/A,4756f5a0e,Size: 1894 bytes | Head SHA: 4756f5a0e
reports/latest/rhui_v22_verify/ISSUE_188_COMMENT.md,General Core & Utilities,Utility Script / Module,Active,N/A,4756f5a0e,Size: 2173 bytes | Head SHA: 4756f5a0e
reports/latest/rhui_v22_verify/ISSUE_188_CROSS_VERIFY_3.md,General Core & Utilities,Utility Script / Module,Active,N/A,4756f5a0e,Size: 1509 bytes | Head SHA: 4756f5a0e
reports/latest/rhui_v22_verify/RHUI_V2.2_RiskExecution_SSOT.json,General Core & Utilities,Utility Script / Module,Active,N/A,4756f5a0e,Size: 3484 bytes | Head SHA: 4756f5a0e
reports/latest/rhui_v22_verify/RHUI_V2.2_Verification_Checklist.json,General Core & Utilities,Utility Script / Module,Active,N/A,4756f5a0e,Size: 5515 bytes | Head SHA: 4756f5a0e
reports/latest/rhui_v22_verify/api_auto_gates.json,General Core & Utilities,Utility Script / Module,Active,N/A,4756f5a0e,Size: 20041 bytes | Head SHA: 4756f5a0e
reports/latest/rhui_v22_verify/api_health.json,General Core & Utilities,Utility Script / Module,Active,N/A,4756f5a0e,Size: 1311 bytes | Head SHA: 4756f5a0e
reports/latest/rhui_v22_verify/api_state.json,General Core & Utilities,Utility Script / Module,Active,N/A,4756f5a0e,Size: 13102 bytes | Head SHA: 4756f5a0e
reports/latest/rhui_v22_verify/cloud_github_vs_laptop.json,General Core & Utilities,Utility Script / Module,Active,N/A,4756f5a0e,Size: 1894 bytes | Head SHA: 4756f5a0e
reports/latest/rhui_v22_verify/cross_verify_20260826T080731Z/SUMMARY.json,General Core & Utilities,Utility Script / Module,Active,N/A,4756f5a0e,Size: 2444 bytes | Head SHA: 4756f5a0e
reports/latest/rhui_v22_verify/cross_verify_20260826T080731Z/api_auto_gates.json,General Core & Utilities,Utility Script / Module,Active,N/A,4756f5a0e,Size: 9017 bytes | Head SHA: 4756f5a0e
reports/latest/rhui_v22_verify/cross_verify_20260826T080731Z/api_health.json,General Core & Utilities,Utility Script / Module,Active,N/A,4756f5a0e,Size: 922 bytes | Head SHA: 4756f5a0e
reports/latest/rhui_v22_verify/cross_verify_20260826T080731Z/api_state.json,General Core & Utilities,Utility Script / Module,Active,N/A,4756f5a0e,Size: 6955 bytes | Head SHA: 4756f5a0e
reports/latest/runtime_authority/runtime_authority_summary.json,General Core & Utilities,Utility Script / Module,Active,N/A,4756f5a0e,Size: 2435 bytes | Head SHA: 4756f5a0e
reports/latest/runtime_authority/runtime_authority_summary.md,General Core & Utilities,Utility Script / Module,Active,N/A,4756f5a0e,Size: 1558 bytes | Head SHA: 4756f5a0e
reports/latest/safety_and_secrets/README.md,General Core & Utilities,Utility Script / Module,Active,N/A,4756f5a0e,Size: 365 bytes | Head SHA: 4756f5a0e
reports/latest/safety_and_secrets/summary.json,General Core & Utilities,Utility Script / Module,Active,N/A,4756f5a0e,Size: 1037 bytes | Head SHA: 4756f5a0e
reports/latest/safety_lock/safety_lock_summary.json,General Core & Utilities,Utility Script / Module,Active,N/A,4756f5a0e,Size: 3754 bytes | Head SHA: 4756f5a0e
reports/latest/safety_lock/safety_lock_summary.md,General Core & Utilities,Utility Script / Module,Active,N/A,4756f5a0e,Size: 2226 bytes | Head SHA: 4756f5a0e
reports/latest/secure_install_credential_audit/summary.json,General Core & Utilities,Utility Script / Module,Active,N/A,4756f5a0e,Size: 4381 bytes | Head SHA: 4756f5a0e
reports/latest/secure_install_credential_audit/summary.md,General Core & Utilities,Utility Script / Module,Active,N/A,4756f5a0e,Size: 981 bytes | Head SHA: 4756f5a0e
reports/latest/system3_auto_coordinator/summary.json,General Core & Utilities,Utility Script / Module,Active,N/A,4756f5a0e,Size: 15747 bytes | Head SHA: 4756f5a0e
reports/latest/system3_auto_coordinator/summary.md,General Core & Utilities,Utility Script / Module,Active,N/A,4756f5a0e,Size: 758 bytes | Head SHA: 4756f5a0e
reports/latest/system3_auto_gates/summary.json,General Core & Utilities,Utility Script / Module,Active,N/A,4756f5a0e,Size: 3969 bytes | Head SHA: 4756f5a0e
reports/latest/system3_auto_gates/summary.md,General Core & Utilities,Utility Script / Module,Active,N/A,4756f5a0e,Size: 1104 bytes | Head SHA: 4756f5a0e
reports/latest/system3_blocker_report.json,General Core & Utilities,Utility Script / Module,Active,N/A,4756f5a0e,Size: 492 bytes | Head SHA: 4756f5a0e
reports/latest/system3_blocker_report.md,General Core & Utilities,Utility Script / Module,Active,N/A,4756f5a0e,Size: 724 bytes | Head SHA: 4756f5a0e
reports/latest/system3_control_plane_status.json,General Core & Utilities,Utility Script / Module,Active,N/A,4756f5a0e,Size: 5419 bytes | Head SHA: 4756f5a0e
reports/latest/system3_control_plane_status.md,General Core & Utilities,Utility Script / Module,Active,N/A,4756f5a0e,Size: 3162 bytes | Head SHA: 4756f5a0e
reports/latest/system3_master_control_plane/README.md,General Core & Utilities,Utility Script / Module,Active,N/A,4756f5a0e,Size: 1255 bytes | Head SHA: 4756f5a0e
reports/latest/system3_master_control_plane/system3_master_control_plane.json,General Core & Utilities,Utility Script / Module,Active,N/A,4756f5a0e,Size: 80615 bytes | Head SHA: 4756f5a0e
reports/latest/system3_public_truth/cloud_runtime_check.summary.json,General Core & Utilities,Utility Script / Module,Active,N/A,4756f5a0e,Size: 2283 bytes | Head SHA: 4756f5a0e
reports/latest/system3_public_truth/cloud_runtime_check.summary.md,General Core & Utilities,Utility Script / Module,Active,N/A,4756f5a0e,Size: 2657 bytes | Head SHA: 4756f5a0e
reports/latest/system3_public_truth/dashboard_live_ui_proof.summary.json,General Core & Utilities,Utility Script / Module,Active,N/A,4756f5a0e,Size: 9502 bytes | Head SHA: 4756f5a0e
reports/latest/system3_public_truth/dashboard_live_ui_proof.summary.md,General Core & Utilities,Utility Script / Module,Active,N/A,4756f5a0e,Size: 4525 bytes | Head SHA: 4756f5a0e
reports/latest/system3_public_truth/index.json,General Core & Utilities,Utility Script / Module,Active,N/A,4756f5a0e,Size: 27409 bytes | Head SHA: 4756f5a0e
reports/latest/system3_public_truth/index.md,General Core & Utilities,Utility Script / Module,Active,N/A,4756f5a0e,Size: 1268 bytes | Head SHA: 4756f5a0e
reports/latest/system3_public_truth/permanent_live_log_watch.summary.json,General Core & Utilities,Utility Script / Module,Active,N/A,4756f5a0e,Size: 10024 bytes | Head SHA: 4756f5a0e
reports/latest/system3_public_truth/permanent_live_log_watch.summary.md,General Core & Utilities,Utility Script / Module,Active,N/A,4756f5a0e,Size: 8845 bytes | Head SHA: 4756f5a0e
reports/latest/system3_public_truth/visual_proof.md,General Core & Utilities,Utility Script / Module,Active,N/A,4756f5a0e,Size: 661 bytes | Head SHA: 4756f5a0e
reports/latest/system3_truth_bridge/latest.json,General Core & Utilities,Utility Script / Module,Active,N/A,4756f5a0e,Size: 5333830 bytes | Head SHA: 4756f5a0e
reports/latest/system3_truth_bridge/summary.md,General Core & Utilities,Utility Script / Module,Active,N/A,4756f5a0e,Size: 812 bytes | Head SHA: 4756f5a0e
reports/latest/todo_status_update/summary.json,General Core & Utilities,Utility Script / Module,Active,N/A,4756f5a0e,Size: 1134 bytes | Head SHA: 4756f5a0e
reports/latest/todo_status_update/summary.md,General Core & Utilities,Utility Script / Module,Active,N/A,4756f5a0e,Size: 180 bytes | Head SHA: 4756f5a0e
reports/latest/tracking/COMMAND_CENTER.md,General Core & Utilities,Utility Script / Module,Active,N/A,4756f5a0e,Size: 2295 bytes | Head SHA: 4756f5a0e
reports/latest/tracking/ISSUES_MERMAID.md,General Core & Utilities,Utility Script / Module,Active,N/A,4756f5a0e,Size: 1325 bytes | Head SHA: 4756f5a0e
reports/latest/tracking/ISSUES_ONLY.md,General Core & Utilities,Utility Script / Module,Active,N/A,4756f5a0e,Size: 5326 bytes | Head SHA: 4756f5a0e
reports/latest/tracking/TRACKING_CHECKLIST.json,General Core & Utilities,Utility Script / Module,Active,N/A,4756f5a0e,Size: 11770 bytes | Head SHA: 4756f5a0e
reports/latest/tracking/TRACKING_CHECKLIST.md,General Core & Utilities,Utility Script / Module,Active,N/A,4756f5a0e,Size: 5147 bytes | Head SHA: 4756f5a0e
reports/latest/trader_requirements_audit/summary.json,General Core & Utilities,Utility Script / Module,Active,N/A,4756f5a0e,Size: 3411 bytes | Head SHA: 4756f5a0e
reports/latest/trader_requirements_audit/summary.md,General Core & Utilities,Utility Script / Module,Active,N/A,4756f5a0e,Size: 128 bytes | Head SHA: 4756f5a0e
reports/latest/ui_snaps_20260825/INDEX.md,General Core & Utilities,Utility Script / Module,Active,N/A,4756f5a0e,Size: 3362 bytes | Head SHA: 4756f5a0e
reports/latest/upstream_timeout_fix/README.md,General Core & Utilities,Utility Script / Module,Active,N/A,4756f5a0e,Size: 2017 bytes | Head SHA: 4756f5a0e
reports/latest/websocket_tick_health/summary.json,General Core & Utilities,Utility Script / Module,Active,N/A,4756f5a0e,Size: 478 bytes | Head SHA: 4756f5a0e
reports/latest/websocket_tick_health/summary.md,General Core & Utilities,Utility Script / Module,Active,N/A,4756f5a0e,Size: 64 bytes | Head SHA: 4756f5a0e
reports/latest/windows_self_hosted_full_system_proof/summary.json,General Core & Utilities,Utility Script / Module,Active,N/A,4756f5a0e,Size: 64993 bytes | Head SHA: 4756f5a0e
reports/latest/windows_self_hosted_full_system_proof/summary.md,General Core & Utilities,Utility Script / Module,Active,N/A,4756f5a0e,Size: 3633 bytes | Head SHA: 4756f5a0e
reports/latest/workflow_failure_tracker/summary.json,General Core & Utilities,Utility Script / Module,Active,N/A,4756f5a0e,Size: 14100 bytes | Head SHA: 4756f5a0e
reports/local/repo_clean_forensic/00_EXECUTIVE_DELETE_DECISION.md,General Core & Utilities,Utility Script / Module,Active,N/A,4756f5a0e,Size: 7532 bytes | Head SHA: 4756f5a0e
reports/local/repo_clean_forensic/01_summary.json,General Core & Utilities,Utility Script / Module,Active,N/A,4756f5a0e,Size: 2265 bytes | Head SHA: 4756f5a0e
reports/local/repo_clean_forensic/02_file_inventory.json,General Core & Utilities,Utility Script / Module,Active,N/A,4756f5a0e,Size: 2637540 bytes | Head SHA: 4756f5a0e
reports/local/repo_clean_forensic/03_delete_proven_100.json,General Core & Utilities,Utility Script / Module,Active,N/A,4756f5a0e,Size: 4 bytes | Head SHA: 4756f5a0e
reports/local/repo_clean_forensic/04_quarantine_first.json,General Core & Utilities,Utility Script / Module,Active,N/A,4756f5a0e,Size: 260421 bytes | Head SHA: 4756f5a0e
reports/local/repo_clean_forensic/05_all_candidate_decisions.json,General Core & Utilities,Utility Script / Module,Active,N/A,4756f5a0e,Size: 770346 bytes | Head SHA: 4756f5a0e
reports/local/repo_clean_forensic/06_duplicate_content_groups.json,General Core & Utilities,Utility Script / Module,Active,N/A,4756f5a0e,Size: 99899 bytes | Head SHA: 4756f5a0e
reports/local/repo_clean_forensic/06b_duplicate_basename_groups_review_only.json,General Core & Utilities,Utility Script / Module,Active,N/A,4756f5a0e,Size: 102994 bytes | Head SHA: 4756f5a0e
reports/local/repo_clean_forensic/07_large_current_files.json,General Core & Utilities,Utility Script / Module,Active,N/A,4756f5a0e,Size: 164485 bytes | Head SHA: 4756f5a0e
reports/local/repo_clean_forensic/08_python_reverse_import_graph.json,General Core & Utilities,Utility Script / Module,Active,N/A,4756f5a0e,Size: 51048 bytes | Head SHA: 4756f5a0e
reports/local/repo_clean_forensic/11_local_untracked_disk_inventory.json,General Core & Utilities,Utility Script / Module,Active,N/A,4756f5a0e,Size: 6882 bytes | Head SHA: 4756f5a0e
reports/local/repo_clean_forensic/12_local_ignored_disk_inventory.json,General Core & Utilities,Utility Script / Module,Active,N/A,4756f5a0e,Size: 79118 bytes | Head SHA: 4756f5a0e
reports/tmp_issue188.json,General Core & Utilities,Utility Script / Module,Active,N/A,4756f5a0e,Size: 1443941 bytes | Head SHA: 4756f5a0e
run_full_verification_checklist.py,General Core & Utilities,Utility Script / Module,Active,N/A,4756f5a0e,Size: 10046 bytes | Head SHA: 4756f5a0e
run_system3.py,General Core & Utilities,Utility Script / Module,Active,N/A,4756f5a0e,Size: 2956 bytes | Head SHA: 4756f5a0e
runtime_flags.json,General Core & Utilities,Utility Script / Module,Active,N/A,4756f5a0e,Size: 514 bytes | Head SHA: 4756f5a0e
runtime_reports/AUTORUN_PROOF.md,General Core & Utilities,Utility Script / Module,Active,N/A,4756f5a0e,Size: 1520 bytes | Head SHA: 4756f5a0e
runtime_reports/MERGE_SUCCESS_REPORT.md,General Core & Utilities,Utility Script / Module,Active,N/A,4756f5a0e,Size: 867 bytes | Head SHA: 4756f5a0e
runtime_reports/PHASE220_VALIDATION_RUNTIME.md,General Core & Utilities,Utility Script / Module,Active,N/A,4756f5a0e,Size: 10951 bytes | Head SHA: 4756f5a0e
runtime_reports/PHASE221_FORWARDRET_RUNTIME.md,General Core & Utilities,Utility Script / Module,Active,N/A,4756f5a0e,Size: 1281 bytes | Head SHA: 4756f5a0e
runtime_reports/PHASE239_PNL_RUNTIME.md,General Core & Utilities,Utility Script / Module,Active,N/A,4756f5a0e,Size: 1223 bytes | Head SHA: 4756f5a0e
runtime_reports/SYSTEM3_RUNTIME_HEALTH.md,General Core & Utilities,Utility Script / Module,Active,N/A,4756f5a0e,Size: 1081 bytes | Head SHA: 4756f5a0e
scripts/PRODUCTION_DASHBOARD_TEST.ps1,General Core & Utilities,Utility Script / Module,Active,N/A,4756f5a0e,Size: 9053 bytes | Head SHA: 4756f5a0e
scripts/_gcloud_auth_from_token.py,General Core & Utilities,Utility Script / Module,Active,N/A,4756f5a0e,Size: 1916 bytes | Head SHA: 4756f5a0e
scripts/add_realtime_data_refresh.py,General Core & Utilities,Utility Script / Module,Active,N/A,4756f5a0e,Size: 2855 bytes | Head SHA: 4756f5a0e
scripts/analyze_dashboard_content.py,General Core & Utilities,Utility Script / Module,Active,N/A,4756f5a0e,Size: 10893 bytes | Head SHA: 4756f5a0e
scripts/analyze_test_failures.py,General Core & Utilities,Utility Script / Module,Active,N/A,4756f5a0e,Size: 4125 bytes | Head SHA: 4756f5a0e
scripts/append_command_center_audit.py,General Core & Utilities,Utility Script / Module,Active,N/A,4756f5a0e,Size: 1538 bytes | Head SHA: 4756f5a0e
scripts/auto_fix_and_update_dashboard.ps1,General Core & Utilities,Utility Script / Module,Active,N/A,4756f5a0e,Size: 4600 bytes | Head SHA: 4756f5a0e
scripts/auto_monitor_and_improve.py,General Core & Utilities,Utility Script / Module,Active,N/A,4756f5a0e,Size: 10574 bytes | Head SHA: 4756f5a0e
scripts/auto_retrain.py,General Core & Utilities,Utility Script / Module,Active,N/A,4756f5a0e,Size: 6630 bytes | Head SHA: 4756f5a0e
scripts/auto_update_excel.py,General Core & Utilities,Utility Script / Module,Active,N/A,4756f5a0e,Size: 1960 bytes | Head SHA: 4756f5a0e
scripts/bhavcopy_downloader.py,General Core & Utilities,Utility Script / Module,Active,N/A,4756f5a0e,Size: 9461 bytes | Head SHA: 4756f5a0e
scripts/build_advanced_excel_with_ai_predictions.py,General Core & Utilities,Utility Script / Module,Active,N/A,4756f5a0e,Size: 27680 bytes | Head SHA: 4756f5a0e
scripts/build_new_user_onboarding_pack.py,General Core & Utilities,Utility Script / Module,Active,N/A,4756f5a0e,Size: 37366 bytes | Head SHA: 4756f5a0e
scripts/build_win.ps1,General Core & Utilities,Utility Script / Module,Active,N/A,4756f5a0e,Size: 1105 bytes | Head SHA: 4756f5a0e
scripts/calibrate_factor_weights.py,General Core & Utilities,Utility Script / Module,Active,N/A,4756f5a0e,Size: 20217 bytes | Head SHA: 4756f5a0e
scripts/check_all_issues.py,General Core & Utilities,Utility Script / Module,Active,N/A,4756f5a0e,Size: 6905 bytes | Head SHA: 4756f5a0e
scripts/check_all_outputs.py,General Core & Utilities,Utility Script / Module,Active,N/A,4756f5a0e,Size: 5420 bytes | Head SHA: 4756f5a0e
scripts/check_csv_comprehensive.py,General Core & Utilities,Utility Script / Module,Active,N/A,4756f5a0e,Size: 7710 bytes | Head SHA: 4756f5a0e
scripts/check_dashboard_prereqs.ps1,General Core & Utilities,Utility Script / Module,Active,N/A,4756f5a0e,Size: 2405 bytes | Head SHA: 4756f5a0e
scripts/check_monitor_output.py,General Core & Utilities,Utility Script / Module,Active,N/A,4756f5a0e,Size: 4033 bytes | Head SHA: 4756f5a0e
scripts/check_output_files.py,General Core & Utilities,Utility Script / Module,Active,N/A,4756f5a0e,Size: 3977 bytes | Head SHA: 4756f5a0e
scripts/check_pending_items.py,General Core & Utilities,Utility Script / Module,Active,N/A,4756f5a0e,Size: 5321 bytes | Head SHA: 4756f5a0e
scripts/check_running_status.py,General Core & Utilities,Utility Script / Module,Active,N/A,4756f5a0e,Size: 1588 bytes | Head SHA: 4756f5a0e
scripts/check_system_status.py,General Core & Utilities,Utility Script / Module,Active,N/A,4756f5a0e,Size: 4222 bytes | Head SHA: 4756f5a0e
scripts/claude_cli_access_bootstrap.md,General Core & Utilities,Utility Script / Module,Active,N/A,4756f5a0e,Size: 928 bytes | Head SHA: 4756f5a0e
scripts/cloud_e2e_proof.py,General Core & Utilities,Utility Script / Module,Active,N/A,4756f5a0e,Size: 8267 bytes | Head SHA: 4756f5a0e
scripts/cloud_worker.py,General Core & Utilities,Utility Script / Module,Active,N/A,4756f5a0e,Size: 1599 bytes | Head SHA: 4756f5a0e
scripts/codespace_startup.sh,General Core & Utilities,Utility Script / Module,Active,N/A,4756f5a0e,Size: 1900 bytes | Head SHA: 4756f5a0e
scripts/combined_auto_system.py,General Core & Utilities,Utility Script / Module,Active,N/A,4756f5a0e,Size: 10340 bytes | Head SHA: 4756f5a0e
scripts/combined_auto_system_fixed.py,General Core & Utilities,Utility Script / Module,Active,N/A,4756f5a0e,Size: 13085 bytes | Head SHA: 4756f5a0e
scripts/command_center_smoke_test.py,General Core & Utilities,Utility Script / Module,Active,N/A,4756f5a0e,Size: 3779 bytes | Head SHA: 4756f5a0e
scripts/complete_system_validator.py,General Core & Utilities,Utility Script / Module,Active,N/A,4756f5a0e,Size: 10850 bytes | Head SHA: 4756f5a0e
scripts/complete_verification.py,General Core & Utilities,Utility Script / Module,Active,N/A,4756f5a0e,Size: 4672 bytes | Head SHA: 4756f5a0e
scripts/comprehensive_10k_test_suite.py,General Core & Utilities,Utility Script / Module,Active,N/A,4756f5a0e,Size: 29285 bytes | Head SHA: 4756f5a0e
scripts/comprehensive_auto_switch_test.py,General Core & Utilities,Utility Script / Module,Active,N/A,4756f5a0e,Size: 4689 bytes | Head SHA: 4756f5a0e
scripts/comprehensive_csv_verification.py,General Core & Utilities,Utility Script / Module,Active,N/A,4756f5a0e,Size: 2059 bytes | Head SHA: 4756f5a0e
scripts/comprehensive_dashboard_test.py,General Core & Utilities,Utility Script / Module,Active,N/A,4756f5a0e,Size: 12368 bytes | Head SHA: 4756f5a0e
scripts/comprehensive_dashboard_validation.py,General Core & Utilities,Utility Script / Module,Active,N/A,4756f5a0e,Size: 15360 bytes | Head SHA: 4756f5a0e
scripts/comprehensive_dashboard_verification.py,General Core & Utilities,Utility Script / Module,Active,N/A,4756f5a0e,Size: 13592 bytes | Head SHA: 4756f5a0e
scripts/comprehensive_end_to_end_verification.py,General Core & Utilities,Utility Script / Module,Active,N/A,4756f5a0e,Size: 12907 bytes | Head SHA: 4756f5a0e
scripts/comprehensive_excel_audit.py,General Core & Utilities,Utility Script / Module,Active,N/A,4756f5a0e,Size: 23177 bytes | Head SHA: 4756f5a0e
scripts/comprehensive_import_checker.py,General Core & Utilities,Utility Script / Module,Active,N/A,4756f5a0e,Size: 4896 bytes | Head SHA: 4756f5a0e
scripts/comprehensive_performance_analysis.py,General Core & Utilities,Utility Script / Module,Active,N/A,4756f5a0e,Size: 9565 bytes | Head SHA: 4756f5a0e
scripts/comprehensive_system_test.py,General Core & Utilities,Utility Script / Module,Active,N/A,4756f5a0e,Size: 12840 bytes | Head SHA: 4756f5a0e
scripts/comprehensive_validation_and_test.py,General Core & Utilities,Utility Script / Module,Active,N/A,4756f5a0e,Size: 11539 bytes | Head SHA: 4756f5a0e
scripts/connectivity_probe.py,General Core & Utilities,Utility Script / Module,Active,N/A,4756f5a0e,Size: 2072 bytes | Head SHA: 4756f5a0e
scripts/costed_walkforward_proof.py,General Core & Utilities,Utility Script / Module,Active,N/A,4756f5a0e,Size: 12083 bytes | Head SHA: 4756f5a0e
scripts/cross_verify.py,General Core & Utilities,Utility Script / Module,Active,N/A,4756f5a0e,Size: 30 bytes | Head SHA: 4756f5a0e
scripts/daily_gain_rank_and_validate.py,General Core & Utilities,Utility Script / Module,Active,N/A,4756f5a0e,Size: 10459 bytes | Head SHA: 4756f5a0e
scripts/daily_prediction_benchmark.py,General Core & Utilities,Utility Script / Module,Active,N/A,4756f5a0e,Size: 15279 bytes | Head SHA: 4756f5a0e
scripts/dashboard_24hr_monitor.py,General Core & Utilities,Utility Script / Module,Active,N/A,4756f5a0e,Size: 14475 bytes | Head SHA: 4756f5a0e
scripts/dashboard_api_verify.py,General Core & Utilities,Utility Script / Module,Active,N/A,4756f5a0e,Size: 9774 bytes | Head SHA: 4756f5a0e
scripts/dashboard_content_analysis.py,General Core & Utilities,Utility Script / Module,Active,N/A,4756f5a0e,Size: 14794 bytes | Head SHA: 4756f5a0e
scripts/dashboard_continuous_improvement.py,General Core & Utilities,Utility Script / Module,Active,N/A,4756f5a0e,Size: 6501 bytes | Head SHA: 4756f5a0e
scripts/dashboard_data_validator.py,General Core & Utilities,Utility Script / Module,Active,N/A,4756f5a0e,Size: 15484 bytes | Head SHA: 4756f5a0e
scripts/dashboard_endpoint_coverage_proof.py,General Core & Utilities,Utility Script / Module,Active,N/A,4756f5a0e,Size: 7096 bytes | Head SHA: 4756f5a0e
scripts/dashboard_monitor.ps1,General Core & Utilities,Utility Script / Module,Active,N/A,4756f5a0e,Size: 2697 bytes | Head SHA: 4756f5a0e
scripts/dashboard_online_verifier.py,General Core & Utilities,Utility Script / Module,Active,N/A,4756f5a0e,Size: 11911 bytes | Head SHA: 4756f5a0e
scripts/dashboard_production_audit.py,General Core & Utilities,Utility Script / Module,Active,N/A,4756f5a0e,Size: 20442 bytes | Head SHA: 4756f5a0e
scripts/datasource_health_check.py,General Core & Utilities,Utility Script / Module,Active,N/A,4756f5a0e,Size: 5666 bytes | Head SHA: 4756f5a0e
scripts/doctor.py,General Core & Utilities,Utility Script / Module,Active,N/A,4756f5a0e,Size: 5665 bytes | Head SHA: 4756f5a0e
scripts/end_to_end_verification.py,General Core & Utilities,Utility Script / Module,Active,N/A,4756f5a0e,Size: 4712 bytes | Head SHA: 4756f5a0e
scripts/evaluate_rotator_reliability.py,General Core & Utilities,Utility Script / Module,Active,N/A,4756f5a0e,Size: 5284 bytes | Head SHA: 4756f5a0e
scripts/fetch_exact_security_audit.py,General Core & Utilities,Utility Script / Module,Active,N/A,4756f5a0e,Size: 5339 bytes | Head SHA: 4756f5a0e
scripts/final_best_strategy_selector.py,General Core & Utilities,Utility Script / Module,Active,N/A,4756f5a0e,Size: 5706 bytes | Head SHA: 4756f5a0e
scripts/final_data_check.py,General Core & Utilities,Utility Script / Module,Active,N/A,4756f5a0e,Size: 2450 bytes | Head SHA: 4756f5a0e
scripts/final_excel_verification.py,General Core & Utilities,Utility Script / Module,Active,N/A,4756f5a0e,Size: 5290 bytes | Head SHA: 4756f5a0e
scripts/final_status_check.py,General Core & Utilities,Utility Script / Module,Active,N/A,4756f5a0e,Size: 923 bytes | Head SHA: 4756f5a0e
scripts/final_verification.py,General Core & Utilities,Utility Script / Module,Active,N/A,4756f5a0e,Size: 3194 bytes | Head SHA: 4756f5a0e
scripts/final_verification_test.py,General Core & Utilities,Utility Script / Module,Active,N/A,4756f5a0e,Size: 6368 bytes | Head SHA: 4756f5a0e
scripts/find_all_issues.py,General Core & Utilities,Utility Script / Module,Active,N/A,4756f5a0e,Size: 7989 bytes | Head SHA: 4756f5a0e
scripts/find_and_fix_zero_value_issues.py,General Core & Utilities,Utility Script / Module,Active,N/A,4756f5a0e,Size: 7024 bytes | Head SHA: 4756f5a0e
scripts/fix_all_imports.py,General Core & Utilities,Utility Script / Module,Active,N/A,4756f5a0e,Size: 2279 bytes | Head SHA: 4756f5a0e
scripts/fix_all_remaining_issues.py,General Core & Utilities,Utility Script / Module,Active,N/A,4756f5a0e,Size: 2939 bytes | Head SHA: 4756f5a0e
scripts/fix_all_test_failures.py,General Core & Utilities,Utility Script / Module,Active,N/A,4756f5a0e,Size: 4277 bytes | Head SHA: 4756f5a0e
scripts/fix_csv_structure.py,General Core & Utilities,Utility Script / Module,Active,N/A,4756f5a0e,Size: 7062 bytes | Head SHA: 4756f5a0e
scripts/fix_dashboard_data_issues.py,General Core & Utilities,Utility Script / Module,Active,N/A,4756f5a0e,Size: 4927 bytes | Head SHA: 4756f5a0e
scripts/fix_python_path.ps1,General Core & Utilities,Utility Script / Module,Active,N/A,4756f5a0e,Size: 2533 bytes | Head SHA: 4756f5a0e
scripts/forensic_audit.py,General Core & Utilities,Utility Script / Module,Active,N/A,4756f5a0e,Size: 6016 bytes | Head SHA: 4756f5a0e
scripts/frontend_local_runtime_smoke.py,General Core & Utilities,Utility Script / Module,Active,N/A,4756f5a0e,Size: 11530 bytes | Head SHA: 4756f5a0e
scripts/full_dashboard_test_and_analyze.py,General Core & Utilities,Utility Script / Module,Active,N/A,4756f5a0e,Size: 13051 bytes | Head SHA: 4756f5a0e
scripts/future_proof_validation.py,General Core & Utilities,Utility Script / Module,Active,N/A,4756f5a0e,Size: 9600 bytes | Head SHA: 4756f5a0e
scripts/gcp_authority_repair.py,General Core & Utilities,Utility Script / Module,Active,N/A,4756f5a0e,Size: 15432 bytes | Head SHA: 4756f5a0e
scripts/gcp_evidence_reader_access_repair.py,General Core & Utilities,Utility Script / Module,Active,N/A,4756f5a0e,Size: 3068 bytes | Head SHA: 4756f5a0e
scripts/gcp_failed_revision_forensic.py,General Core & Utilities,Utility Script / Module,Active,N/A,4756f5a0e,Size: 9857 bytes | Head SHA: 4756f5a0e
scripts/gcp_full_cloud_audit.py,General Core & Utilities,Utility Script / Module,Active,N/A,4756f5a0e,Size: 20089 bytes | Head SHA: 4756f5a0e
scripts/gcp_full_dashboard_acceptance.py,General Core & Utilities,Utility Script / Module,Active,N/A,4756f5a0e,Size: 17306 bytes | Head SHA: 4756f5a0e
scripts/gcp_image_provenance.py,General Core & Utilities,Utility Script / Module,Active,N/A,4756f5a0e,Size: 4078 bytes | Head SHA: 4756f5a0e
scripts/gcp_live_ui_semantic_proof.py,General Core & Utilities,Utility Script / Module,Active,N/A,4756f5a0e,Size: 13031 bytes | Head SHA: 4756f5a0e
scripts/gcp_live_ui_snapshot.py,General Core & Utilities,Utility Script / Module,Active,N/A,4756f5a0e,Size: 20374 bytes | Head SHA: 4756f5a0e
scripts/gcp_public_dashboard_runtime_proof.py,General Core & Utilities,Utility Script / Module,Active,N/A,4756f5a0e,Size: 20254 bytes | Head SHA: 4756f5a0e
scripts/gcp_runtime_evidence.py,General Core & Utilities,Utility Script / Module,Active,N/A,4756f5a0e,Size: 27707 bytes | Head SHA: 4756f5a0e
scripts/gcp_runtime_iam_preflight.py,General Core & Utilities,Utility Script / Module,Active,N/A,4756f5a0e,Size: 3116 bytes | Head SHA: 4756f5a0e
scripts/gcp_runtime_identity_safety.py,General Core & Utilities,Utility Script / Module,Active,N/A,4756f5a0e,Size: 7306 bytes | Head SHA: 4756f5a0e
scripts/gcp_ui_tab_visual_proof.py,General Core & Utilities,Utility Script / Module,Active,N/A,4756f5a0e,Size: 17562 bytes | Head SHA: 4756f5a0e
scripts/gcp_wait_for_expected_runtime_sha.py,General Core & Utilities,Utility Script / Module,Active,N/A,4756f5a0e,Size: 5507 bytes | Head SHA: 4756f5a0e
scripts/gcp_worker_job.py,General Core & Utilities,Utility Script / Module,Active,N/A,4756f5a0e,Size: 28523 bytes | Head SHA: 4756f5a0e
scripts/generate_proof_pack.py,General Core & Utilities,Utility Script / Module,Active,N/A,4756f5a0e,Size: 6098 bytes | Head SHA: 4756f5a0e
scripts/generate_synthetic_live_data.py,General Core & Utilities,Utility Script / Module,Active,N/A,4756f5a0e,Size: 8265 bytes | Head SHA: 4756f5a0e
scripts/get_todays_market_trades.py,General Core & Utilities,Utility Script / Module,Active,N/A,4756f5a0e,Size: 8529 bytes | Head SHA: 4756f5a0e
scripts/get_todays_trading_report.py,General Core & Utilities,Utility Script / Module,Active,N/A,4756f5a0e,Size: 12942 bytes | Head SHA: 4756f5a0e
scripts/git_auto_workflow.py,General Core & Utilities,Utility Script / Module,Active,N/A,4756f5a0e,Size: 40923 bytes | Head SHA: 4756f5a0e
scripts/inventory_run_jobs_run_principals.py,General Core & Utilities,Utility Script / Module,Active,N/A,4756f5a0e,Size: 7370 bytes | Head SHA: 4756f5a0e
scripts/investigate_pnl_discrepancy.py,General Core & Utilities,Utility Script / Module,Active,N/A,4756f5a0e,Size: 6978 bytes | Head SHA: 4756f5a0e
scripts/iterative_improvement_engine.py,General Core & Utilities,Utility Script / Module,Active,N/A,4756f5a0e,Size: 10569 bytes | Head SHA: 4756f5a0e
scripts/keep_monitoring.py,General Core & Utilities,Utility Script / Module,Active,N/A,4756f5a0e,Size: 3098 bytes | Head SHA: 4756f5a0e
scripts/market_hours_engineering_loop.py,General Core & Utilities,Utility Script / Module,Active,N/A,4756f5a0e,Size: 16312 bytes | Head SHA: 4756f5a0e
scripts/market_scenario_test.py,General Core & Utilities,Utility Script / Module,Active,N/A,4756f5a0e,Size: 5531 bytes | Head SHA: 4756f5a0e
scripts/master_auto_system.py,General Core & Utilities,Utility Script / Module,Active,N/A,4756f5a0e,Size: 8491 bytes | Head SHA: 4756f5a0e
scripts/micro_level_audit.ps1,General Core & Utilities,Utility Script / Module,Active,N/A,4756f5a0e,Size: 18529 bytes | Head SHA: 4756f5a0e
scripts/micro_level_monitor.py,General Core & Utilities,Utility Script / Module,Active,N/A,4756f5a0e,Size: 14217 bytes | Head SHA: 4756f5a0e
scripts/monitor_10min.py,General Core & Utilities,Utility Script / Module,Active,N/A,4756f5a0e,Size: 10658 bytes | Head SHA: 4756f5a0e
scripts/monitor_health.py,General Core & Utilities,Utility Script / Module,Active,N/A,4756f5a0e,Size: 2493 bytes | Head SHA: 4756f5a0e
scripts/multi_ai_audit_consensus.py,General Core & Utilities,Utility Script / Module,Active,N/A,4756f5a0e,Size: 10007 bytes | Head SHA: 4756f5a0e
scripts/multi_session_handler.py,General Core & Utilities,Utility Script / Module,Active,N/A,4756f5a0e,Size: 6346 bytes | Head SHA: 4756f5a0e
scripts/multi_user_dashboard_test.py,General Core & Utilities,Utility Script / Module,Active,N/A,4756f5a0e,Size: 8185 bytes | Head SHA: 4756f5a0e
scripts/multi_user_dashboard_verification.py,General Core & Utilities,Utility Script / Module,Active,N/A,4756f5a0e,Size: 9551 bytes | Head SHA: 4756f5a0e
scripts/multi_validate.py,General Core & Utilities,Utility Script / Module,Active,N/A,4756f5a0e,Size: 32 bytes | Head SHA: 4756f5a0e
scripts/multi_verify_all_conditions.py,General Core & Utilities,Utility Script / Module,Active,N/A,4756f5a0e,Size: 23944 bytes | Head SHA: 4756f5a0e
scripts/optimize_10k_strategies.py,General Core & Utilities,Utility Script / Module,Active,N/A,4756f5a0e,Size: 14463 bytes | Head SHA: 4756f5a0e
scripts/optimize_best_ai_configuration.py,General Core & Utilities,Utility Script / Module,Active,N/A,4756f5a0e,Size: 6671 bytes | Head SHA: 4756f5a0e
scripts/oracle_bootstrap.sh,General Core & Utilities,Utility Script / Module,Active,N/A,4756f5a0e,Size: 1851 bytes | Head SHA: 4756f5a0e
scripts/oracle_healthcheck.sh,General Core & Utilities,Utility Script / Module,Active,N/A,4756f5a0e,Size: 865 bytes | Head SHA: 4756f5a0e
scripts/oracle_restart.sh,General Core & Utilities,Utility Script / Module,Active,N/A,4756f5a0e,Size: 344 bytes | Head SHA: 4756f5a0e
scripts/patch_backend_root_urls.py,General Core & Utilities,Utility Script / Module,Active,N/A,4756f5a0e,Size: 1718 bytes | Head SHA: 4756f5a0e
scripts/performance_metrics.py,General Core & Utilities,Utility Script / Module,Active,N/A,4756f5a0e,Size: 6198 bytes | Head SHA: 4756f5a0e
scripts/post_trading_cleanup.py,General Core & Utilities,Utility Script / Module,Active,N/A,4756f5a0e,Size: 5394 bytes | Head SHA: 4756f5a0e
scripts/pre_market_check.py,General Core & Utilities,Utility Script / Module,Active,N/A,4756f5a0e,Size: 3866 bytes | Head SHA: 4756f5a0e
scripts/pre_trading_validation.py,General Core & Utilities,Utility Script / Module,Active,N/A,4756f5a0e,Size: 8572 bytes | Head SHA: 4756f5a0e
scripts/print_proof.ps1,General Core & Utilities,Utility Script / Module,Active,N/A,4756f5a0e,Size: 3943 bytes | Head SHA: 4756f5a0e
scripts/production_readiness_check.py,General Core & Utilities,Utility Script / Module,Active,N/A,4756f5a0e,Size: 6024 bytes | Head SHA: 4756f5a0e
scripts/profit_focused_monitor.py,General Core & Utilities,Utility Script / Module,Active,N/A,4756f5a0e,Size: 13903 bytes | Head SHA: 4756f5a0e
scripts/proof_and_confirm.py,General Core & Utilities,Utility Script / Module,Active,N/A,4756f5a0e,Size: 35 bytes | Head SHA: 4756f5a0e
scripts/proof_run.ps1,General Core & Utilities,Utility Script / Module,Active,N/A,4756f5a0e,Size: 14295 bytes | Head SHA: 4756f5a0e
scripts/proof_run_production.ps1,General Core & Utilities,Utility Script / Module,Active,N/A,4756f5a0e,Size: 15036 bytes | Head SHA: 4756f5a0e
scripts/quant_alpha_evaluator.py,General Core & Utilities,Utility Script / Module,Active,N/A,4756f5a0e,Size: 5623 bytes | Head SHA: 4756f5a0e
scripts/quick_optimization_test.py,General Core & Utilities,Utility Script / Module,Active,N/A,4756f5a0e,Size: 2732 bytes | Head SHA: 4756f5a0e
scripts/refine_and_verify.py,General Core & Utilities,Utility Script / Module,Active,N/A,4756f5a0e,Size: 31 bytes | Head SHA: 4756f5a0e
scripts/register_pending_tracker_task.ps1,General Core & Utilities,Utility Script / Module,Active,N/A,4756f5a0e,Size: 1130 bytes | Head SHA: 4756f5a0e
scripts/replay_test.py,General Core & Utilities,Utility Script / Module,Active,N/A,4756f5a0e,Size: 10283 bytes | Head SHA: 4756f5a0e
scripts/repo_authority_audit.py,General Core & Utilities,Utility Script / Module,Active,N/A,4756f5a0e,Size: 6664 bytes | Head SHA: 4756f5a0e
scripts/restart_backend_with_fixes.py,General Core & Utilities,Utility Script / Module,Active,N/A,4756f5a0e,Size: 2870 bytes | Head SHA: 4756f5a0e
scripts/root_clutter_reference_proof.py,General Core & Utilities,Utility Script / Module,Active,N/A,4756f5a0e,Size: 5742 bytes | Head SHA: 4756f5a0e
scripts/run_access_capability_probe.ps1,General Core & Utilities,Utility Script / Module,Active,N/A,4756f5a0e,Size: 729 bytes | Head SHA: 4756f5a0e
scripts/run_all_report_fail.py,General Core & Utilities,Utility Script / Module,Active,N/A,4756f5a0e,Size: 1983 bytes | Head SHA: 4756f5a0e
scripts/run_and_monitor_micro.py,General Core & Utilities,Utility Script / Module,Active,N/A,4756f5a0e,Size: 14555 bytes | Head SHA: 4756f5a0e
scripts/run_and_monitor_system.py,General Core & Utilities,Utility Script / Module,Active,N/A,4756f5a0e,Size: 6405 bytes | Head SHA: 4756f5a0e
scripts/run_command_center_refresh.ps1,General Core & Utilities,Utility Script / Module,Active,N/A,4756f5a0e,Size: 2298 bytes | Head SHA: 4756f5a0e
scripts/run_complete_verification.py,General Core & Utilities,Utility Script / Module,Active,N/A,4756f5a0e,Size: 2893 bytes | Head SHA: 4756f5a0e
scripts/run_dashboard.ps1,General Core & Utilities,Utility Script / Module,Active,N/A,4756f5a0e,Size: 2171 bytes | Head SHA: 4756f5a0e
scripts/run_dashboard_browser_proof.py,General Core & Utilities,Utility Script / Module,Active,N/A,4756f5a0e,Size: 4232 bytes | Head SHA: 4756f5a0e
scripts/run_dashboard_full_test.py,General Core & Utilities,Utility Script / Module,Active,N/A,4756f5a0e,Size: 12375 bytes | Head SHA: 4756f5a0e
scripts/run_full_test.py,General Core & Utilities,Utility Script / Module,Active,N/A,4756f5a0e,Size: 3026 bytes | Head SHA: 4756f5a0e
scripts/run_governance_cycle.py,General Core & Utilities,Utility Script / Module,Active,N/A,4756f5a0e,Size: 5217 bytes | Head SHA: 4756f5a0e
scripts/run_local.sh,General Core & Utilities,Utility Script / Module,Active,N/A,4756f5a0e,Size: 2788 bytes | Head SHA: 4756f5a0e
scripts/run_pending_tracker_refresh.ps1,General Core & Utilities,Utility Script / Module,Active,N/A,4756f5a0e,Size: 965 bytes | Head SHA: 4756f5a0e
scripts/run_phase_orchestrator.py,General Core & Utilities,Utility Script / Module,Active,N/A,4756f5a0e,Size: 12611 bytes | Head SHA: 4756f5a0e
scripts/run_signal_engine_from_bhavcopy.py,General Core & Utilities,Utility Script / Module,Active,N/A,4756f5a0e,Size: 6391 bytes | Head SHA: 4756f5a0e
scripts/run_smoke_test_diagnostics.ps1,General Core & Utilities,Utility Script / Module,Active,N/A,4756f5a0e,Size: 7404 bytes | Head SHA: 4756f5a0e
scripts/run_synthetic_live_mode.py,General Core & Utilities,Utility Script / Module,Active,N/A,4756f5a0e,Size: 1509 bytes | Head SHA: 4756f5a0e
scripts/run_three_validation_cycles.py,General Core & Utilities,Utility Script / Module,Active,N/A,4756f5a0e,Size: 2215 bytes | Head SHA: 4756f5a0e
scripts/run_visible_monitor.ps1,General Core & Utilities,Utility Script / Module,Active,N/A,4756f5a0e,Size: 772 bytes | Head SHA: 4756f5a0e
scripts/run_weekly_qc_audit.py,General Core & Utilities,Utility Script / Module,Active,N/A,4756f5a0e,Size: 2611 bytes | Head SHA: 4756f5a0e
scripts/runtime_gate_proofs.py,General Core & Utilities,Utility Script / Module,Active,N/A,4756f5a0e,Size: 4809 bytes | Head SHA: 4756f5a0e
scripts/search_repo.py,General Core & Utilities,Utility Script / Module,Active,N/A,4756f5a0e,Size: 29 bytes | Head SHA: 4756f5a0e
scripts/security_audit_summary.py,General Core & Utilities,Utility Script / Module,Active,N/A,4756f5a0e,Size: 9104 bytes | Head SHA: 4756f5a0e
scripts/self_activate_analyze_improve.py,General Core & Utilities,Utility Script / Module,Active,N/A,4756f5a0e,Size: 18440 bytes | Head SHA: 4756f5a0e
scripts/setup_all.ps1,General Core & Utilities,Utility Script / Module,Active,N/A,4756f5a0e,Size: 3086 bytes | Head SHA: 4756f5a0e
scripts/setup_scheduled_tasks.ps1,General Core & Utilities,Utility Script / Module,Active,N/A,4756f5a0e,Size: 1100 bytes | Head SHA: 4756f5a0e
scripts/show_full_orchestra.py,General Core & Utilities,Utility Script / Module,Active,N/A,4756f5a0e,Size: 6480 bytes | Head SHA: 4756f5a0e
scripts/show_practical_results.py,General Core & Utilities,Utility Script / Module,Active,N/A,4756f5a0e,Size: 5193 bytes | Head SHA: 4756f5a0e
scripts/simple_micro_monitor.py,General Core & Utilities,Utility Script / Module,Active,N/A,4756f5a0e,Size: 7952 bytes | Head SHA: 4756f5a0e
scripts/simple_verification.py,General Core & Utilities,Utility Script / Module,Active,N/A,4756f5a0e,Size: 4230 bytes | Head SHA: 4756f5a0e
scripts/simulate_1month_trading.py,General Core & Utilities,Utility Script / Module,Active,N/A,4756f5a0e,Size: 10380 bytes | Head SHA: 4756f5a0e
scripts/smart_market_auto_switch.py,General Core & Utilities,Utility Script / Module,Active,N/A,4756f5a0e,Size: 6492 bytes | Head SHA: 4756f5a0e
scripts/smoke_test.py,General Core & Utilities,Utility Script / Module,Active,N/A,4756f5a0e,Size: 4771 bytes | Head SHA: 4756f5a0e
scripts/soak_test.py,General Core & Utilities,Utility Script / Module,Active,N/A,4756f5a0e,Size: 3460 bytes | Head SHA: 4756f5a0e
scripts/start_autonomous_trading.ps1,General Core & Utilities,Utility Script / Module,Active,N/A,4756f5a0e,Size: 2375 bytes | Head SHA: 4756f5a0e
scripts/start_cloud_run.py,General Core & Utilities,Utility Script / Module,Active,N/A,4756f5a0e,Size: 2211 bytes | Head SHA: 4756f5a0e
scripts/start_dashboard_complete.ps1,General Core & Utilities,Utility Script / Module,Active,N/A,4756f5a0e,Size: 4631 bytes | Head SHA: 4756f5a0e
scripts/start_dashboard_live.ps1,General Core & Utilities,Utility Script / Module,Active,N/A,4756f5a0e,Size: 2621 bytes | Head SHA: 4756f5a0e
scripts/start_full_system_with_dashboard.ps1,General Core & Utilities,Utility Script / Module,Active,N/A,4756f5a0e,Size: 6437 bytes | Head SHA: 4756f5a0e
scripts/system3_access_capability_probe.py,General Core & Utilities,Utility Script / Module,Active,N/A,4756f5a0e,Size: 15637 bytes | Head SHA: 4756f5a0e
scripts/system3_authority_rank_analysis.py,General Core & Utilities,Utility Script / Module,Active,N/A,4756f5a0e,Size: 15287 bytes | Head SHA: 4756f5a0e
scripts/system3_blocker_finder.py,General Core & Utilities,Utility Script / Module,Active,N/A,4756f5a0e,Size: 11147 bytes | Head SHA: 4756f5a0e
scripts/system3_command_center_refresh.py,General Core & Utilities,Utility Script / Module,Active,N/A,4756f5a0e,Size: 10943 bytes | Head SHA: 4756f5a0e
scripts/system3_continuous_closure_orchestrator.py,General Core & Utilities,Utility Script / Module,Active,N/A,4756f5a0e,Size: 3425 bytes | Head SHA: 4756f5a0e
scripts/system3_core_pipeline_v8.py,General Core & Utilities,Utility Script / Module,Active,N/A,4756f5a0e,Size: 1565 bytes | Head SHA: 4756f5a0e
scripts/system3_drive_archive_control.py,General Core & Utilities,Utility Script / Module,Active,N/A,4756f5a0e,Size: 14283 bytes | Head SHA: 4756f5a0e
scripts/system3_drive_cloud_mri.py,General Core & Utilities,Utility Script / Module,Active,N/A,4756f5a0e,Size: 11661 bytes | Head SHA: 4756f5a0e
scripts/system3_friction_expectancy_proof.py,General Core & Utilities,Utility Script / Module,Active,N/A,4756f5a0e,Size: 6929 bytes | Head SHA: 4756f5a0e
scripts/system3_full_repo_verification.py,General Core & Utilities,Utility Script / Module,Active,N/A,4756f5a0e,Size: 16456 bytes | Head SHA: 4756f5a0e
scripts/system3_gate_evaluator.py,General Core & Utilities,Utility Script / Module,Active,N/A,4756f5a0e,Size: 16523 bytes | Head SHA: 4756f5a0e
scripts/system3_gcp_full_mri_excel.py,General Core & Utilities,Utility Script / Module,Active,N/A,4756f5a0e,Size: 26208 bytes | Head SHA: 4756f5a0e
scripts/system3_gcp_micro_mri_full.py,General Core & Utilities,Utility Script / Module,Active,N/A,4756f5a0e,Size: 38995 bytes | Head SHA: 4756f5a0e
scripts/system3_gcp_mri_iam_f12_extend.py,General Core & Utilities,Utility Script / Module,Active,N/A,4756f5a0e,Size: 19246 bytes | Head SHA: 4756f5a0e
scripts/system3_issue_24_26_27_28_proof_batch.py,General Core & Utilities,Utility Script / Module,Active,N/A,4756f5a0e,Size: 15545 bytes | Head SHA: 4756f5a0e
scripts/system3_live_issue_ledger.py,General Core & Utilities,Utility Script / Module,Active,N/A,4756f5a0e,Size: 9244 bytes | Head SHA: 4756f5a0e
scripts/system3_live_proof_center.py,General Core & Utilities,Utility Script / Module,Active,N/A,4756f5a0e,Size: 37495 bytes | Head SHA: 4756f5a0e
scripts/system3_markdown_inventory.py,General Core & Utilities,Utility Script / Module,Active,N/A,4756f5a0e,Size: 15156 bytes | Head SHA: 4756f5a0e
scripts/system3_master_mri_workbook_builder.py,General Core & Utilities,Utility Script / Module,Active,N/A,4756f5a0e,Size: 32070 bytes | Head SHA: 4756f5a0e
scripts/system3_master_proof_orchestrator.py,General Core & Utilities,Utility Script / Module,Active,N/A,4756f5a0e,Size: 46792 bytes | Head SHA: 4756f5a0e
scripts/system3_maximum_safe_production_probe.py,General Core & Utilities,Utility Script / Module,Active,N/A,4756f5a0e,Size: 11137 bytes | Head SHA: 4756f5a0e
scripts/system3_one_click_max_proof.py,General Core & Utilities,Utility Script / Module,Active,N/A,4756f5a0e,Size: 13530 bytes | Head SHA: 4756f5a0e
scripts/system3_pending_tracker_refresh.py,General Core & Utilities,Utility Script / Module,Active,N/A,4756f5a0e,Size: 20916 bytes | Head SHA: 4756f5a0e
scripts/system3_post_market_auto_pipeline.py,General Core & Utilities,Utility Script / Module,Active,N/A,4756f5a0e,Size: 1734 bytes | Head SHA: 4756f5a0e
scripts/system3_preflight_control_plane.py,General Core & Utilities,Utility Script / Module,Active,N/A,4756f5a0e,Size: 20341 bytes | Head SHA: 4756f5a0e
scripts/system3_production_viability_bridge.py,General Core & Utilities,Utility Script / Module,Active,N/A,4756f5a0e,Size: 12388 bytes | Head SHA: 4756f5a0e
scripts/system3_proof_ledger.py,General Core & Utilities,Utility Script / Module,Active,N/A,4756f5a0e,Size: 2164 bytes | Head SHA: 4756f5a0e
scripts/system3_proof_pack_closure_gate.py,General Core & Utilities,Utility Script / Module,Active,N/A,4756f5a0e,Size: 12679 bytes | Head SHA: 4756f5a0e
scripts/system3_repo_clean_forensic_toolkit.py,General Core & Utilities,Utility Script / Module,Active,N/A,4756f5a0e,Size: 36526 bytes | Head SHA: 4756f5a0e
scripts/system3_self_healing_watchdog.py,General Core & Utilities,Utility Script / Module,Active,N/A,4756f5a0e,Size: 5491 bytes | Head SHA: 4756f5a0e
scripts/system3_temporal_truth_guard.py,General Core & Utilities,Utility Script / Module,Active,N/A,4756f5a0e,Size: 4896 bytes | Head SHA: 4756f5a0e
scripts/system3_truth_bridge.py,General Core & Utilities,Utility Script / Module,Active,N/A,4756f5a0e,Size: 15820 bytes | Head SHA: 4756f5a0e
scripts/system3_ultra_mri.py,General Core & Utilities,Utility Script / Module,Active,N/A,4756f5a0e,Size: 13981 bytes | Head SHA: 4756f5a0e
scripts/system3_ultra_mri_reconcile.py,General Core & Utilities,Utility Script / Module,Active,N/A,4756f5a0e,Size: 9584 bytes | Head SHA: 4756f5a0e
scripts/test_all_dashboard_tabs.py,General Core & Utilities,Utility Script / Module,Active,N/A,4756f5a0e,Size: 2725 bytes | Head SHA: 4756f5a0e
scripts/test_all_system.py,General Core & Utilities,Utility Script / Module,Active,N/A,4756f5a0e,Size: 6830 bytes | Head SHA: 4756f5a0e
scripts/test_csv_edge_cases.py,General Core & Utilities,Utility Script / Module,Active,N/A,4756f5a0e,Size: 7503 bytes | Head SHA: 4756f5a0e
scripts/test_csv_write_scenarios.py,General Core & Utilities,Utility Script / Module,Active,N/A,4756f5a0e,Size: 11004 bytes | Head SHA: 4756f5a0e
scripts/test_excel_with_virtual_live_data.py,General Core & Utilities,Utility Script / Module,Active,N/A,4756f5a0e,Size: 7276 bytes | Head SHA: 4756f5a0e
scripts/test_expiry_selector.py,General Core & Utilities,Utility Script / Module,Active,N/A,4756f5a0e,Size: 2318 bytes | Head SHA: 4756f5a0e
scripts/test_performance_prediction.py,General Core & Utilities,Utility Script / Module,Active,N/A,4756f5a0e,Size: 6856 bytes | Head SHA: 4756f5a0e
scripts/test_production_system.py,General Core & Utilities,Utility Script / Module,Active,N/A,4756f5a0e,Size: 6947 bytes | Head SHA: 4756f5a0e
scripts/test_smart_auto_switch.py,General Core & Utilities,Utility Script / Module,Active,N/A,4756f5a0e,Size: 1387 bytes | Head SHA: 4756f5a0e
scripts/test_special_trading_day.py,General Core & Utilities,Utility Script / Module,Active,N/A,4756f5a0e,Size: 670 bytes | Head SHA: 4756f5a0e
scripts/test_ssot_implementation.py,General Core & Utilities,Utility Script / Module,Active,N/A,4756f5a0e,Size: 12121 bytes | Head SHA: 4756f5a0e
scripts/test_startup.py,General Core & Utilities,Utility Script / Module,Active,N/A,4756f5a0e,Size: 1487 bytes | Head SHA: 4756f5a0e
scripts/test_system_run.py,General Core & Utilities,Utility Script / Module,Active,N/A,4756f5a0e,Size: 2164 bytes | Head SHA: 4756f5a0e
scripts/test_trade_logging_and_pnl.py,General Core & Utilities,Utility Script / Module,Active,N/A,4756f5a0e,Size: 6645 bytes | Head SHA: 4756f5a0e
scripts/test_tri_state_system.py,General Core & Utilities,Utility Script / Module,Active,N/A,4756f5a0e,Size: 1521 bytes | Head SHA: 4756f5a0e
scripts/ui_market_cross_verify.py,General Core & Utilities,Utility Script / Module,Active,N/A,4756f5a0e,Size: 5311 bytes | Head SHA: 4756f5a0e
scripts/ultra_micro_verification.py,General Core & Utilities,Utility Script / Module,Active,N/A,4756f5a0e,Size: 15735 bytes | Head SHA: 4756f5a0e
scripts/validate_all.py,General Core & Utilities,Utility Script / Module,Active,N/A,4756f5a0e,Size: 3110 bytes | Head SHA: 4756f5a0e
scripts/verify_all_3_steps.py,General Core & Utilities,Utility Script / Module,Active,N/A,4756f5a0e,Size: 2952 bytes | Head SHA: 4756f5a0e
scripts/verify_all_data_completeness.py,General Core & Utilities,Utility Script / Module,Active,N/A,4756f5a0e,Size: 8005 bytes | Head SHA: 4756f5a0e
scripts/verify_all_outputs.py,General Core & Utilities,Utility Script / Module,Active,N/A,4756f5a0e,Size: 3289 bytes | Head SHA: 4756f5a0e
scripts/verify_background_process.py,General Core & Utilities,Utility Script / Module,Active,N/A,4756f5a0e,Size: 5275 bytes | Head SHA: 4756f5a0e
scripts/verify_csv_files.py,General Core & Utilities,Utility Script / Module,Active,N/A,4756f5a0e,Size: 10926 bytes | Head SHA: 4756f5a0e
scripts/verify_dashboard.ps1,General Core & Utilities,Utility Script / Module,Active,N/A,4756f5a0e,Size: 13321 bytes | Head SHA: 4756f5a0e
scripts/verify_dashboard_complete.py,General Core & Utilities,Utility Script / Module,Active,N/A,4756f5a0e,Size: 10524 bytes | Head SHA: 4756f5a0e
scripts/verify_enhanced_excel.py,General Core & Utilities,Utility Script / Module,Active,N/A,4756f5a0e,Size: 1188 bytes | Head SHA: 4756f5a0e
scripts/verify_excel_output.py,General Core & Utilities,Utility Script / Module,Active,N/A,4756f5a0e,Size: 4686 bytes | Head SHA: 4756f5a0e
scripts/verify_full_pipeline.py,General Core & Utilities,Utility Script / Module,Active,N/A,4756f5a0e,Size: 5026 bytes | Head SHA: 4756f5a0e
scripts/verify_multiple_sessions.py,General Core & Utilities,Utility Script / Module,Active,N/A,4756f5a0e,Size: 2408 bytes | Head SHA: 4756f5a0e
scripts/verify_perf.ps1,General Core & Utilities,Utility Script / Module,Active,N/A,4756f5a0e,Size: 3038 bytes | Head SHA: 4756f5a0e
scripts/verify_proof_pack.ps1,General Core & Utilities,Utility Script / Module,Active,N/A,4756f5a0e,Size: 4449 bytes | Head SHA: 4756f5a0e
scripts/verify_proof_pack_production.ps1,General Core & Utilities,Utility Script / Module,Active,N/A,4756f5a0e,Size: 11027 bytes | Head SHA: 4756f5a0e
scripts/verify_real_data_mode.py,General Core & Utilities,Utility Script / Module,Active,N/A,4756f5a0e,Size: 3719 bytes | Head SHA: 4756f5a0e
scripts/verify_running.py,General Core & Utilities,Utility Script / Module,Active,N/A,4756f5a0e,Size: 1428 bytes | Head SHA: 4756f5a0e
scripts/verify_secrets.ps1,General Core & Utilities,Utility Script / Module,Active,N/A,4756f5a0e,Size: 3201 bytes | Head SHA: 4756f5a0e
scripts/verify_streaming_data.py,General Core & Utilities,Utility Script / Module,Active,N/A,4756f5a0e,Size: 3698 bytes | Head SHA: 4756f5a0e
scripts/verify_tri_state_working.py,General Core & Utilities,Utility Script / Module,Active,N/A,4756f5a0e,Size: 5213 bytes | Head SHA: 4756f5a0e
scripts/visible_auto_monitor.py,General Core & Utilities,Utility Script / Module,Active,N/A,4756f5a0e,Size: 11514 bytes | Head SHA: 4756f5a0e
scripts/websocket_tick_health_proof.py,General Core & Utilities,Utility Script / Module,Active,N/A,4756f5a0e,Size: 2400 bytes | Head SHA: 4756f5a0e
scripts/world_class_comparison.py,General Core & Utilities,Utility Script / Module,Active,N/A,4756f5a0e,Size: 6735 bytes | Head SHA: 4756f5a0e
scripts/world_class_optimizer.py,General Core & Utilities,Utility Script / Module,Active,N/A,4756f5a0e,Size: 13300 bytes | Head SHA: 4756f5a0e
scripts/yahoo_fallback_proof.py,General Core & Utilities,Utility Script / Module,Active,N/A,4756f5a0e,Size: 4466 bytes | Head SHA: 4756f5a0e
security_id_list.csv,General Core & Utilities,Utility Script / Module,Active,N/A,4756f5a0e,Size: 29420491 bytes | Head SHA: 4756f5a0e
sitecustomize.py,General Core & Utilities,Utility Script / Module,Active,N/A,4756f5a0e,Size: 1799 bytes | Head SHA: 4756f5a0e
src/analytics/performance_metrics.py,General Core & Utilities,Utility Script / Module,Active,N/A,4756f5a0e,Size: 10399 bytes | Head SHA: 4756f5a0e
src/core/schemas.py,General Core & Utilities,Utility Script / Module,Active,N/A,4756f5a0e,Size: 7208 bytes | Head SHA: 4756f5a0e
src/lstm_forecast.py,General Core & Utilities,Utility Script / Module,Active,N/A,4756f5a0e,Size: 2310 bytes | Head SHA: 4756f5a0e
src/metrics/greeks.py,General Core & Utilities,Utility Script / Module,Active,N/A,4756f5a0e,Size: 3406 bytes | Head SHA: 4756f5a0e
src/metrics/iv_solver.py,General Core & Utilities,Utility Script / Module,Active,N/A,4756f5a0e,Size: 7329 bytes | Head SHA: 4756f5a0e
src/metrics/oi_buildup.py,General Core & Utilities,Utility Script / Module,Active,N/A,4756f5a0e,Size: 4935 bytes | Head SHA: 4756f5a0e
src/output/export_csv.py,General Core & Utilities,Utility Script / Module,Active,N/A,4756f5a0e,Size: 6082 bytes | Head SHA: 4756f5a0e
src/output/metrics_logger.py,General Core & Utilities,Utility Script / Module,Active,N/A,4756f5a0e,Size: 1662 bytes | Head SHA: 4756f5a0e
src/quant/__init__.py,General Core & Utilities,Utility Script / Module,Active,N/A,4756f5a0e,Size: 191 bytes | Head SHA: 4756f5a0e
src/quant/alpha_truth.py,General Core & Utilities,Utility Script / Module,Active,N/A,4756f5a0e,Size: 19677 bytes | Head SHA: 4756f5a0e
src/ranking/__init__.py,General Core & Utilities,Utility Script / Module,Active,N/A,4756f5a0e,Size: 0 bytes | Head SHA: 4756f5a0e
src/ranking/daily_gain_scanner.py,General Core & Utilities,Utility Script / Module,Active,N/A,4756f5a0e,Size: 5794 bytes | Head SHA: 4756f5a0e
src/ranking/gain_rank_engine.py,General Core & Utilities,Utility Script / Module,Active,N/A,4756f5a0e,Size: 21240 bytes | Head SHA: 4756f5a0e
src/ranking/market_result_validator.py,General Core & Utilities,Utility Script / Module,Active,N/A,4756f5a0e,Size: 554 bytes | Head SHA: 4756f5a0e
src/selector/strategy_engine.py,General Core & Utilities,Utility Script / Module,Active,N/A,4756f5a0e,Size: 13706 bytes | Head SHA: 4756f5a0e
src/selector/top_symbol_selector.py,General Core & Utilities,Utility Script / Module,Active,N/A,4756f5a0e,Size: 12618 bytes | Head SHA: 4756f5a0e
src/sim/replay_engine.py,General Core & Utilities,Utility Script / Module,Active,N/A,4756f5a0e,Size: 11834 bytes | Head SHA: 4756f5a0e
src/trading/dynamic_risk_management.py,General Core & Utilities,Utility Script / Module,Active,N/A,4756f5a0e,Size: 13151 bytes | Head SHA: 4756f5a0e
src/trading/pnl_tracker.py,General Core & Utilities,Utility Script / Module,Active,N/A,4756f5a0e,Size: 5536 bytes | Head SHA: 4756f5a0e
src/utils/market_hours.py,General Core & Utilities,Utility Script / Module,Active,N/A,4756f5a0e,Size: 4320 bytes | Head SHA: 4756f5a0e
src/validation/__init__.py,General Core & Utilities,Utility Script / Module,Active,N/A,4756f5a0e,Size: 0 bytes | Head SHA: 4756f5a0e
src/validation/market_result_validator.py,General Core & Utilities,Utility Script / Module,Active,N/A,4756f5a0e,Size: 18148 bytes | Head SHA: 4756f5a0e
src/validation/qc_validator.py,General Core & Utilities,Utility Script / Module,Active,N/A,4756f5a0e,Size: 9499 bytes | Head SHA: 4756f5a0e
state/gain_rank_history.json,General Core & Utilities,Utility Script / Module,Active,N/A,4756f5a0e,Size: 9094 bytes | Head SHA: 4756f5a0e
state/iv_history.json,General Core & Utilities,Utility Script / Module,Active,N/A,4756f5a0e,Size: 128 bytes | Head SHA: 4756f5a0e
state/market_cache.json,General Core & Utilities,Utility Script / Module,Active,N/A,4756f5a0e,Size: 138 bytes | Head SHA: 4756f5a0e
state/market_validations/market_validation_2026-06-12.json,General Core & Utilities,Utility Script / Module,Active,N/A,4756f5a0e,Size: 911 bytes | Head SHA: 4756f5a0e
state/proposals/codex_datasource_audit_2026-06-13.md,General Core & Utilities,Utility Script / Module,Active,N/A,4756f5a0e,Size: 27341 bytes | Head SHA: 4756f5a0e
state/proposals/codex_proposal_2026-06-12.md,General Core & Utilities,Utility Script / Module,Active,N/A,4756f5a0e,Size: 5687 bytes | Head SHA: 4756f5a0e
state/proposals/codex_proposal_2026-06-13.md,General Core & Utilities,Utility Script / Module,Active,N/A,4756f5a0e,Size: 5580 bytes | Head SHA: 4756f5a0e
state/proposals/codex_proposal_deepdive_2026-06-13.md,General Core & Utilities,Utility Script / Module,Active,N/A,4756f5a0e,Size: 12476 bytes | Head SHA: 4756f5a0e
state/proposals/codex_signal_calibration_proposal_2026-06-13.md,General Core & Utilities,Utility Script / Module,Active,N/A,4756f5a0e,Size: 28036 bytes | Head SHA: 4756f5a0e
state/proposals/gemini_dashboard_proposal_2026-06-13.md,General Core & Utilities,Utility Script / Module,Active,N/A,4756f5a0e,Size: 31620 bytes | Head SHA: 4756f5a0e
state/proposals/gemini_datasource_proposal_2026-06-13.md,General Core & Utilities,Utility Script / Module,Active,N/A,4756f5a0e,Size: 19704 bytes | Head SHA: 4756f5a0e
state/proposals/gemini_proposal_2026-06-12.md,General Core & Utilities,Utility Script / Module,Active,N/A,4756f5a0e,Size: 3893 bytes | Head SHA: 4756f5a0e
state/proposals/gemini_proposal_2026-06-13.md,General Core & Utilities,Utility Script / Module,Active,N/A,4756f5a0e,Size: 4959 bytes | Head SHA: 4756f5a0e
state/proposals/master_plan_2026-06-13.md,General Core & Utilities,Utility Script / Module,Active,N/A,4756f5a0e,Size: 7667 bytes | Head SHA: 4756f5a0e
state/runtime_interpreter_telemetry.json,General Core & Utilities,Utility Script / Module,Active,N/A,4756f5a0e,Size: 323 bytes | Head SHA: 4756f5a0e
state/semver.json,General Core & Utilities,Utility Script / Module,Active,N/A,4756f5a0e,Size: 298 bytes | Head SHA: 4756f5a0e
state/venv_sanity_check.json,General Core & Utilities,Utility Script / Module,Active,N/A,4756f5a0e,Size: 1642 bytes | Head SHA: 4756f5a0e
state/watchdog_runtime_status.json,General Core & Utilities,Utility Script / Module,Active,N/A,4756f5a0e,Size: 271 bytes | Head SHA: 4756f5a0e
system3_autorun_master.py,General Core & Utilities,Utility Script / Module,Active,N/A,4756f5a0e,Size: 43311 bytes | Head SHA: 4756f5a0e
system3_complete_orchestrator.py,General Core & Utilities,Utility Script / Module,Active,N/A,4756f5a0e,Size: 11292 bytes | Head SHA: 4756f5a0e
system3_control_plane.py,General Core & Utilities,Utility Script / Module,Active,N/A,4756f5a0e,Size: 8468 bytes | Head SHA: 4756f5a0e
system3_daily_heartbeat.json,General Core & Utilities,Utility Script / Module,Active,N/A,4756f5a0e,Size: 8043 bytes | Head SHA: 4756f5a0e
system3_phase_201_230_diagnostics.py,General Core & Utilities,Utility Script / Module,Active,N/A,4756f5a0e,Size: 5896 bytes | Head SHA: 4756f5a0e
system3_phase_231_260_diagnostics.py,General Core & Utilities,Utility Script / Module,Active,N/A,4756f5a0e,Size: 12688 bytes | Head SHA: 4756f5a0e
system3_phase_261_300_diagnostics.py,General Core & Utilities,Utility Script / Module,Active,N/A,4756f5a0e,Size: 3562 bytes | Head SHA: 4756f5a0e
system3_phases_301_310_diagnostics.py,General Core & Utilities,Utility Script / Module,Active,N/A,4756f5a0e,Size: 4442 bytes | Head SHA: 4756f5a0e
system3_pre_autorun_validation.py,General Core & Utilities,Utility Script / Module,Active,N/A,4756f5a0e,Size: 21207 bytes | Head SHA: 4756f5a0e
system3_shutdown_flag.json,General Core & Utilities,Utility Script / Module,Active,N/A,4756f5a0e,Size: 126 bytes | Head SHA: 4756f5a0e
system3_ultimate_heartbeat_manager.py,General Core & Utilities,Utility Script / Module,Active,N/A,4756f5a0e,Size: 4816 bytes | Head SHA: 4756f5a0e
system3_ultra.py,General Core & Utilities,Utility Script / Module,Active,N/A,4756f5a0e,Size: 30542 bytes | Head SHA: 4756f5a0e
system3_ultra_runtime_loops.py,General Core & Utilities,Utility Script / Module,Active,N/A,4756f5a0e,Size: 6210 bytes | Head SHA: 4756f5a0e
system3_ultra_validation.py,General Core & Utilities,Utility Script / Module,Active,N/A,4756f5a0e,Size: 12911 bytes | Head SHA: 4756f5a0e
test_report.json,General Core & Utilities,Utility Script / Module,Active,N/A,4756f5a0e,Size: 335 bytes | Head SHA: 4756f5a0e
tests/dashboard_browser_proof.spec.ts,General Core & Utilities,Utility Script / Module,Active,N/A,4756f5a0e,Size: 7661 bytes | Head SHA: 4756f5a0e
tests/evals/fixtures/system3_plan_recommendations_sample.csv,General Core & Utilities,Utility Script / Module,Active,N/A,4756f5a0e,Size: 217 bytes | Head SHA: 4756f5a0e
tests/evals/fixtures/system3_scanner_gainers_sample.csv,General Core & Utilities,Utility Script / Module,Active,N/A,4756f5a0e,Size: 345 bytes | Head SHA: 4756f5a0e
tests/evals/fixtures/system3_signal_candidates_sample.csv,General Core & Utilities,Utility Script / Module,Active,N/A,4756f5a0e,Size: 181 bytes | Head SHA: 4756f5a0e
tests/evals/test_accuracy_trend_auto_gates_align.py,General Core & Utilities,Utility Script / Module,Active,N/A,4756f5a0e,Size: 2588 bytes | Head SHA: 4756f5a0e
tests/evals/test_autonomous_e2e_runbook_contract.py,General Core & Utilities,Utility Script / Module,Active,N/A,4756f5a0e,Size: 13221 bytes | Head SHA: 4756f5a0e
tests/evals/test_continuous_closure.py,General Core & Utilities,Utility Script / Module,Active,N/A,4756f5a0e,Size: 7627 bytes | Head SHA: 4756f5a0e
tests/evals/test_drive_archive_control.py,General Core & Utilities,Utility Script / Module,Active,N/A,4756f5a0e,Size: 7752 bytes | Head SHA: 4756f5a0e
tests/evals/test_drive_cloud_mri_contract.py,General Core & Utilities,Utility Script / Module,Active,N/A,4756f5a0e,Size: 2696 bytes | Head SHA: 4756f5a0e
tests/evals/test_eval_full_dashboard_acceptance.py,General Core & Utilities,Utility Script / Module,Active,N/A,4756f5a0e,Size: 1702 bytes | Head SHA: 4756f5a0e
tests/evals/test_eval_full_equity_coverage_contract.py,General Core & Utilities,Utility Script / Module,Active,N/A,4756f5a0e,Size: 5199 bytes | Head SHA: 4756f5a0e
tests/evals/test_eval_live_gate_alert_leak.py,General Core & Utilities,Utility Script / Module,Active,N/A,4756f5a0e,Size: 1133 bytes | Head SHA: 4756f5a0e
tests/evals/test_eval_live_ui_semantic_after_hours.py,General Core & Utilities,Utility Script / Module,Active,N/A,4756f5a0e,Size: 1300 bytes | Head SHA: 4756f5a0e
tests/evals/test_eval_rotation_job_906_exclusion.py,General Core & Utilities,Utility Script / Module,Active,N/A,4756f5a0e,Size: 3452 bytes | Head SHA: 4756f5a0e
tests/evals/test_eval_runtime_identity_schedule.py,General Core & Utilities,Utility Script / Module,Active,N/A,4756f5a0e,Size: 1595 bytes | Head SHA: 4756f5a0e
tests/evals/test_full_cloud_audit_external_ai_advisory.py,General Core & Utilities,Utility Script / Module,Active,N/A,4756f5a0e,Size: 1450 bytes | Head SHA: 4756f5a0e
tests/evals/test_gain_rank_authenticated_spot.py,General Core & Utilities,Utility Script / Module,Active,N/A,4756f5a0e,Size: 2212 bytes | Head SHA: 4756f5a0e
tests/evals/test_live_issue_csv_contract.py,General Core & Utilities,Utility Script / Module,Active,N/A,4756f5a0e,Size: 2802 bytes | Head SHA: 4756f5a0e
tests/evals/test_proof_ledger_intent.py,General Core & Utilities,Utility Script / Module,Active,N/A,4756f5a0e,Size: 6391 bytes | Head SHA: 4756f5a0e
tests/evals/test_render_hosting_retired.py,General Core & Utilities,Utility Script / Module,Active,N/A,4756f5a0e,Size: 9877 bytes | Head SHA: 4756f5a0e
tests/evals/test_signal_plan_audit.py,General Core & Utilities,Utility Script / Module,Active,N/A,4756f5a0e,Size: 3005 bytes | Head SHA: 4756f5a0e
tests/evals/test_signals_scanner_observation.py,General Core & Utilities,Utility Script / Module,Active,N/A,4756f5a0e,Size: 676 bytes | Head SHA: 4756f5a0e
tests/evals/test_system3_preflight_control_plane.py,General Core & Utilities,Utility Script / Module,Active,N/A,4756f5a0e,Size: 4156 bytes | Head SHA: 4756f5a0e
tests/test_bhavcopy_parser.py,General Core & Utilities,Utility Script / Module,Active,N/A,4756f5a0e,Size: 6607 bytes | Head SHA: 4756f5a0e
tests/test_br2_runtime_qc_observer_contract.py,General Core & Utilities,Utility Script / Module,Active,N/A,4756f5a0e,Size: 7516 bytes | Head SHA: 4756f5a0e
tests/test_cloud_e2e_public_readonly_contract.py,General Core & Utilities,Utility Script / Module,Active,N/A,4756f5a0e,Size: 1563 bytes | Head SHA: 4756f5a0e
tests/test_cloud_first_mri_remediation.py,General Core & Utilities,Utility Script / Module,Active,N/A,4756f5a0e,Size: 4290 bytes | Head SHA: 4756f5a0e
tests/test_cloud_run_secure_app_import.py,General Core & Utilities,Utility Script / Module,Active,N/A,4756f5a0e,Size: 2164 bytes | Head SHA: 4756f5a0e
tests/test_cloud_runtime_public_urls.py,General Core & Utilities,Utility Script / Module,Active,N/A,4756f5a0e,Size: 2924 bytes | Head SHA: 4756f5a0e
tests/test_contract_gain_scanner.py,General Core & Utilities,Utility Script / Module,Active,N/A,4756f5a0e,Size: 4610 bytes | Head SHA: 4756f5a0e
tests/test_core_pipeline_v8.py,General Core & Utilities,Utility Script / Module,Active,N/A,4756f5a0e,Size: 488 bytes | Head SHA: 4756f5a0e
tests/test_dashboard_live_ui_proof_public_readonly.py,General Core & Utilities,Utility Script / Module,Active,N/A,4756f5a0e,Size: 1297 bytes | Head SHA: 4756f5a0e
tests/test_dashboard_shell_diagnostic_public_readonly.py,General Core & Utilities,Utility Script / Module,Active,N/A,4756f5a0e,Size: 1497 bytes | Head SHA: 4756f5a0e
tests/test_dashboard_ui_crash_guards.py,General Core & Utilities,Utility Script / Module,Active,N/A,4756f5a0e,Size: 3238 bytes | Head SHA: 4756f5a0e
tests/test_dashboard_visible_issue_tracker_public_readonly.py,General Core & Utilities,Utility Script / Module,Active,N/A,4756f5a0e,Size: 1446 bytes | Head SHA: 4756f5a0e
tests/test_data_integrity_fail_closed_truth.py,General Core & Utilities,Utility Script / Module,Active,N/A,4756f5a0e,Size: 1033 bytes | Head SHA: 4756f5a0e
tests/test_data_lake_backoff.py,General Core & Utilities,Utility Script / Module,Active,N/A,4756f5a0e,Size: 1314 bytes | Head SHA: 4756f5a0e
tests/test_data_lake_circuit_breaker.py,General Core & Utilities,Utility Script / Module,Active,N/A,4756f5a0e,Size: 1374 bytes | Head SHA: 4756f5a0e
tests/test_data_lake_gcs_parquet_writer.py,General Core & Utilities,Utility Script / Module,Active,N/A,4756f5a0e,Size: 2893 bytes | Head SHA: 4756f5a0e
tests/test_data_lake_partitioning.py,General Core & Utilities,Utility Script / Module,Active,N/A,4756f5a0e,Size: 2745 bytes | Head SHA: 4756f5a0e
tests/test_data_lake_ws_ingest_client.py,General Core & Utilities,Utility Script / Module,Active,N/A,4756f5a0e,Size: 6014 bytes | Head SHA: 4756f5a0e
tests/test_datasource_fallback.py,General Core & Utilities,Utility Script / Module,Active,N/A,4756f5a0e,Size: 5439 bytes | Head SHA: 4756f5a0e
tests/test_forward_signal_integrity.py,General Core & Utilities,Utility Script / Module,Active,N/A,4756f5a0e,Size: 7226 bytes | Head SHA: 4756f5a0e
tests/test_full_cloud_audit_contract.py,General Core & Utilities,Utility Script / Module,Active,N/A,4756f5a0e,Size: 6934 bytes | Head SHA: 4756f5a0e
tests/test_gcp_authority_repair_contract.py,General Core & Utilities,Utility Script / Module,Active,N/A,4756f5a0e,Size: 7391 bytes | Head SHA: 4756f5a0e
tests/test_gcp_cloud_run_digest_guard_contract.py,General Core & Utilities,Utility Script / Module,Active,N/A,4756f5a0e,Size: 1828 bytes | Head SHA: 4756f5a0e
tests/test_gcp_evidence_reader_access_repair.py,General Core & Utilities,Utility Script / Module,Active,N/A,4756f5a0e,Size: 1503 bytes | Head SHA: 4756f5a0e
tests/test_gcp_image_provenance.py,General Core & Utilities,Utility Script / Module,Active,N/A,4756f5a0e,Size: 2243 bytes | Head SHA: 4756f5a0e
tests/test_gcp_public_readonly_runtime_sentinel.py,General Core & Utilities,Utility Script / Module,Active,N/A,4756f5a0e,Size: 1137 bytes | Head SHA: 4756f5a0e
tests/test_gcp_retired_dashboard_secret_scrub.py,General Core & Utilities,Utility Script / Module,Active,N/A,4756f5a0e,Size: 9268 bytes | Head SHA: 4756f5a0e
tests/test_gcp_rotator_identity_contract.py,General Core & Utilities,Utility Script / Module,Active,N/A,4756f5a0e,Size: 6583 bytes | Head SHA: 4756f5a0e
tests/test_gcp_runtime_evidence_auth_semantics.py,General Core & Utilities,Utility Script / Module,Active,N/A,4756f5a0e,Size: 3898 bytes | Head SHA: 4756f5a0e
tests/test_gcp_runtime_identity_safety.py,General Core & Utilities,Utility Script / Module,Active,N/A,4756f5a0e,Size: 6904 bytes | Head SHA: 4756f5a0e
tests/test_gcp_ui_tab_visual_retry_contract.py,General Core & Utilities,Utility Script / Module,Active,N/A,4756f5a0e,Size: 6729 bytes | Head SHA: 4756f5a0e
tests/test_gcp_wait_for_expected_runtime_sha.py,General Core & Utilities,Utility Script / Module,Active,N/A,4756f5a0e,Size: 2379 bytes | Head SHA: 4756f5a0e
tests/test_gcp_worker_job.py,General Core & Utilities,Utility Script / Module,Active,N/A,4756f5a0e,Size: 13761 bytes | Head SHA: 4756f5a0e
tests/test_genesis_rank_evidence_contract.py,General Core & Utilities,Utility Script / Module,Active,N/A,4756f5a0e,Size: 523 bytes | Head SHA: 4756f5a0e
tests/test_geni_master.py,General Core & Utilities,Utility Script / Module,Active,N/A,4756f5a0e,Size: 5138 bytes | Head SHA: 4756f5a0e
tests/test_health_qc_fail_closed.py,General Core & Utilities,Utility Script / Module,Active,N/A,4756f5a0e,Size: 7423 bytes | Head SHA: 4756f5a0e
tests/test_health_truth_contract.py,General Core & Utilities,Utility Script / Module,Active,N/A,4756f5a0e,Size: 1079 bytes | Head SHA: 4756f5a0e
tests/test_lifetime_research_engine.py,General Core & Utilities,Utility Script / Module,Active,N/A,4756f5a0e,Size: 2796 bytes | Head SHA: 4756f5a0e
tests/test_live_ui_truth_remediation_contract.py,General Core & Utilities,Utility Script / Module,Active,N/A,4756f5a0e,Size: 10559 bytes | Head SHA: 4756f5a0e
tests/test_mutation_capability_manifest.py,General Core & Utilities,Utility Script / Module,Active,N/A,4756f5a0e,Size: 5366 bytes | Head SHA: 4756f5a0e
tests/test_no_obsolete_dashboard_auth_warmup.py,General Core & Utilities,Utility Script / Module,Active,N/A,4756f5a0e,Size: 839 bytes | Head SHA: 4756f5a0e
tests/test_no_tracked_credential_artifacts.py,General Core & Utilities,Utility Script / Module,Active,N/A,4756f5a0e,Size: 659 bytes | Head SHA: 4756f5a0e
tests/test_oi_cache.py,General Core & Utilities,Utility Script / Module,Active,N/A,4756f5a0e,Size: 5213 bytes | Head SHA: 4756f5a0e
tests/test_overview_snapshot_truth.py,General Core & Utilities,Utility Script / Module,Active,N/A,4756f5a0e,Size: 1010 bytes | Head SHA: 4756f5a0e
tests/test_permanent_public_readonly_watch_contract.py,General Core & Utilities,Utility Script / Module,Active,N/A,4756f5a0e,Size: 1279 bytes | Head SHA: 4756f5a0e
tests/test_profit_governor.py,General Core & Utilities,Utility Script / Module,Active,N/A,4756f5a0e,Size: 3325 bytes | Head SHA: 4756f5a0e
tests/test_public_dashboard_readiness_retry.py,General Core & Utilities,Utility Script / Module,Active,N/A,4756f5a0e,Size: 3440 bytes | Head SHA: 4756f5a0e
tests/test_public_dashboard_visual_authority_contract.py,General Core & Utilities,Utility Script / Module,Active,N/A,4756f5a0e,Size: 3426 bytes | Head SHA: 4756f5a0e
tests/test_qc_runtime_anomaly.py,General Core & Utilities,Utility Script / Module,Active,N/A,4756f5a0e,Size: 1561 bytes | Head SHA: 4756f5a0e
tests/test_quant_alpha_truth.py,General Core & Utilities,Utility Script / Module,Active,N/A,4756f5a0e,Size: 5507 bytes | Head SHA: 4756f5a0e
tests/test_repo_clean_forensic_toolkit.py,General Core & Utilities,Utility Script / Module,Active,N/A,4756f5a0e,Size: 4587 bytes | Head SHA: 4756f5a0e
tests/test_rotator_reliability_attribution.py,General Core & Utilities,Utility Script / Module,Active,N/A,4756f5a0e,Size: 2972 bytes | Head SHA: 4756f5a0e
tests/test_runtime_state_cloud_safety.py,General Core & Utilities,Utility Script / Module,Active,N/A,4756f5a0e,Size: 602 bytes | Head SHA: 4756f5a0e
tests/test_runtime_state_qc_fail_closed.py,General Core & Utilities,Utility Script / Module,Active,N/A,4756f5a0e,Size: 2906 bytes | Head SHA: 4756f5a0e
tests/test_scanner_closed_market_no_network.py,General Core & Utilities,Utility Script / Module,Active,N/A,4756f5a0e,Size: 2454 bytes | Head SHA: 4756f5a0e
tests/test_secure_app_contract.py,General Core & Utilities,Utility Script / Module,Active,N/A,4756f5a0e,Size: 2307 bytes | Head SHA: 4756f5a0e
tests/test_security_audit_static_shell_review.py,General Core & Utilities,Utility Script / Module,Active,N/A,4756f5a0e,Size: 3417 bytes | Head SHA: 4756f5a0e
tests/test_state_sync_staleness.py,General Core & Utilities,Utility Script / Module,Active,N/A,4756f5a0e,Size: 4319 bytes | Head SHA: 4756f5a0e
tests/test_system3_auto_gates.py,General Core & Utilities,Utility Script / Module,Active,N/A,4756f5a0e,Size: 1613 bytes | Head SHA: 4756f5a0e
tests/test_system3_patch_0021_fail_closed.py,General Core & Utilities,Utility Script / Module,Active,N/A,4756f5a0e,Size: 20238 bytes | Head SHA: 4756f5a0e
tests/test_system3_ultra_mri_contract.py,General Core & Utilities,Utility Script / Module,Active,N/A,4756f5a0e,Size: 1952 bytes | Head SHA: 4756f5a0e
tests/test_system3_ultra_mri_reconcile.py,General Core & Utilities,Utility Script / Module,Active,N/A,4756f5a0e,Size: 1961 bytes | Head SHA: 4756f5a0e
tests/test_temporal_truth_contract.py,General Core & Utilities,Utility Script / Module,Active,N/A,4756f5a0e,Size: 9402 bytes | Head SHA: 4756f5a0e
tests/test_tradeable_fo.py,General Core & Utilities,Utility Script / Module,Active,N/A,4756f5a0e,Size: 271 bytes | Head SHA: 4756f5a0e
tests/test_ui_tab_visual_proof_contract.py,General Core & Utilities,Utility Script / Module,Active,N/A,4756f5a0e,Size: 2832 bytes | Head SHA: 4756f5a0e
tools/README_INSPECTOR.md,General Core & Utilities,Utility Script / Module,Active,N/A,4756f5a0e,Size: 2156 bytes | Head SHA: 4756f5a0e
tools/actions_truth_autopsy.py,General Core & Utilities,Utility Script / Module,Active,N/A,4756f5a0e,Size: 8318 bytes | Head SHA: 4756f5a0e
tools/auto_dashboard_repo_snap.py,General Core & Utilities,Utility Script / Module,Active,N/A,4756f5a0e,Size: 14235 bytes | Head SHA: 4756f5a0e
tools/auto_verify_until_pass.py,General Core & Utilities,Utility Script / Module,Active,N/A,4756f5a0e,Size: 2350 bytes | Head SHA: 4756f5a0e
tools/build_ultra_intelligence_dashboard.py,General Core & Utilities,Utility Script / Module,Active,N/A,4756f5a0e,Size: 16097 bytes | Head SHA: 4756f5a0e
tools/check_cleaned_csv.py,General Core & Utilities,Utility Script / Module,Active,N/A,4756f5a0e,Size: 387 bytes | Head SHA: 4756f5a0e
tools/check_outputs.ps1,General Core & Utilities,Utility Script / Module,Active,N/A,4756f5a0e,Size: 832 bytes | Head SHA: 4756f5a0e
tools/ci_git_push_with_rebase.sh,General Core & Utilities,Utility Script / Module,Active,N/A,4756f5a0e,Size: 593 bytes | Head SHA: 4756f5a0e
tools/clean_training_csv.py,General Core & Utilities,Utility Script / Module,Active,N/A,4756f5a0e,Size: 1324 bytes | Head SHA: 4756f5a0e
tools/cloud_runtime_check.py,General Core & Utilities,Utility Script / Module,Active,N/A,4756f5a0e,Size: 16197 bytes | Head SHA: 4756f5a0e
tools/compute_mark_to_market_pnl.py,General Core & Utilities,Utility Script / Module,Active,N/A,4756f5a0e,Size: 6665 bytes | Head SHA: 4756f5a0e
tools/create_inspector_task.ps1,General Core & Utilities,Utility Script / Module,Active,N/A,4756f5a0e,Size: 2582 bytes | Head SHA: 4756f5a0e
tools/dashboard_full_audit.py,General Core & Utilities,Utility Script / Module,Active,N/A,4756f5a0e,Size: 9688 bytes | Head SHA: 4756f5a0e
tools/dashboard_live_ui_proof.mjs,General Core & Utilities,Utility Script / Module,Active,N/A,4756f5a0e,Size: 17752 bytes | Head SHA: 4756f5a0e
tools/dashboard_shell_diagnostic.mjs,General Core & Utilities,Utility Script / Module,Active,N/A,4756f5a0e,Size: 12497 bytes | Head SHA: 4756f5a0e
tools/dashboard_visible_issue_tracker.mjs,General Core & Utilities,Utility Script / Module,Active,N/A,4756f5a0e,Size: 12342 bytes | Head SHA: 4756f5a0e
tools/dashboard_visual_contract_check.py,General Core & Utilities,Utility Script / Module,Active,N/A,4756f5a0e,Size: 5209 bytes | Head SHA: 4756f5a0e
tools/dashboard_visual_loading_postflight.py,General Core & Utilities,Utility Script / Module,Active,N/A,4756f5a0e,Size: 8065 bytes | Head SHA: 4756f5a0e
tools/dashboard_visual_settle_normalizer.py,General Core & Utilities,Utility Script / Module,Active,N/A,4756f5a0e,Size: 3881 bytes | Head SHA: 4756f5a0e
tools/dry_run_smoke_test.py,General Core & Utilities,Utility Script / Module,Active,N/A,4756f5a0e,Size: 5929 bytes | Head SHA: 4756f5a0e
tools/enable_transcript_snippet.ps1,General Core & Utilities,Utility Script / Module,Active,N/A,4756f5a0e,Size: 1601 bytes | Head SHA: 4756f5a0e
tools/fix_csv_by_joining_lines.py,General Core & Utilities,Utility Script / Module,Active,N/A,4756f5a0e,Size: 1411 bytes | Head SHA: 4756f5a0e
tools/fix_csv_skip_bad.py,General Core & Utilities,Utility Script / Module,Active,N/A,4756f5a0e,Size: 776 bytes | Head SHA: 4756f5a0e
tools/fix_csv_with_csvmodule.py,General Core & Utilities,Utility Script / Module,Active,N/A,4756f5a0e,Size: 1865 bytes | Head SHA: 4756f5a0e
tools/frontend_no_fake_guard.mjs,General Core & Utilities,Utility Script / Module,Active,N/A,4756f5a0e,Size: 3441 bytes | Head SHA: 4756f5a0e
tools/generate_audit_reports.py,General Core & Utilities,Utility Script / Module,Active,N/A,4756f5a0e,Size: 8853 bytes | Head SHA: 4756f5a0e
tools/generate_master_mri_flowchart.py,General Core & Utilities,Utility Script / Module,Active,N/A,4756f5a0e,Size: 25857 bytes | Head SHA: 4756f5a0e
tools/generate_micro_mri_inventory.py,General Core & Utilities,Utility Script / Module,Active,N/A,4756f5a0e,Size: 6597 bytes | Head SHA: 4756f5a0e
tools/inspect_training_csv.py,General Core & Utilities,Utility Script / Module,Active,N/A,4756f5a0e,Size: 876 bytes | Head SHA: 4756f5a0e
tools/local_code_review.py,General Core & Utilities,Utility Script / Module,Active,N/A,4756f5a0e,Size: 14474 bytes | Head SHA: 4756f5a0e
tools/package.json,General Core & Utilities,Utility Script / Module,Active,N/A,4756f5a0e,Size: 184 bytes | Head SHA: 4756f5a0e
tools/pending_tasks_closure.py,General Core & Utilities,Utility Script / Module,Active,N/A,4756f5a0e,Size: 6091 bytes | Head SHA: 4756f5a0e
tools/permanent_live_log_watch.mjs,General Core & Utilities,Utility Script / Module,Active,N/A,4756f5a0e,Size: 12852 bytes | Head SHA: 4756f5a0e
tools/permanent_repo_render_safety.py,General Core & Utilities,Utility Script / Module,Active,N/A,4756f5a0e,Size: 12082 bytes | Head SHA: 4756f5a0e
tools/playwright-setup/package-lock.json,General Core & Utilities,Utility Script / Module,Active,N/A,4756f5a0e,Size: 2208 bytes | Head SHA: 4756f5a0e
tools/playwright-setup/package.json,General Core & Utilities,Utility Script / Module,Active,N/A,4756f5a0e,Size: 121 bytes | Head SHA: 4756f5a0e
tools/playwright-setup/playwright.ui-verify.config.ts,General Core & Utilities,Utility Script / Module,Active,N/A,4756f5a0e,Size: 427 bytes | Head SHA: 4756f5a0e
tools/playwright-setup/verify_all_ui_tabs.spec.ts,General Core & Utilities,Utility Script / Module,Active,N/A,4756f5a0e,Size: 8140 bytes | Head SHA: 4756f5a0e
tools/playwright_dashboard_verification.py,General Core & Utilities,Utility Script / Module,Active,N/A,4756f5a0e,Size: 6043 bytes | Head SHA: 4756f5a0e
tools/production_daily_cycle.py,General Core & Utilities,Utility Script / Module,Active,N/A,4756f5a0e,Size: 6228 bytes | Head SHA: 4756f5a0e
tools/promote_to_cloud.py,General Core & Utilities,Utility Script / Module,Active,N/A,4756f5a0e,Size: 3631 bytes | Head SHA: 4756f5a0e
tools/qc_runtime_anomaly_audit.py,General Core & Utilities,Utility Script / Module,Active,N/A,4756f5a0e,Size: 13403 bytes | Head SHA: 4756f5a0e
tools/quick_inspector.py,General Core & Utilities,Utility Script / Module,Active,N/A,4756f5a0e,Size: 4516 bytes | Head SHA: 4756f5a0e
tools/quick_phase392_test.py,General Core & Utilities,Utility Script / Module,Active,N/A,4756f5a0e,Size: 876 bytes | Head SHA: 4756f5a0e
tools/record_human_approval.py,General Core & Utilities,Utility Script / Module,Active,N/A,4756f5a0e,Size: 1615 bytes | Head SHA: 4756f5a0e
tools/replay_market_dryrun_simulator.py,General Core & Utilities,Utility Script / Module,Active,N/A,4756f5a0e,Size: 14148 bytes | Head SHA: 4756f5a0e
tools/run_all_tests.py,General Core & Utilities,Utility Script / Module,Active,N/A,4756f5a0e,Size: 3341 bytes | Head SHA: 4756f5a0e
tools/run_consolidated_evidence_workflow.ps1,General Core & Utilities,Utility Script / Module,Active,N/A,4756f5a0e,Size: 555 bytes | Head SHA: 4756f5a0e
tools/run_consolidated_evidence_workflow.py,General Core & Utilities,Utility Script / Module,Active,N/A,4756f5a0e,Size: 10010 bytes | Head SHA: 4756f5a0e
tools/run_inspector_wrapper.ps1,General Core & Utilities,Utility Script / Module,Active,N/A,4756f5a0e,Size: 1095 bytes | Head SHA: 4756f5a0e
tools/run_phase_390_smote_test.py,General Core & Utilities,Utility Script / Module,Active,N/A,4756f5a0e,Size: 5192 bytes | Head SHA: 4756f5a0e
tools/run_phase_391_xgb_test.py,General Core & Utilities,Utility Script / Module,Active,N/A,4756f5a0e,Size: 5793 bytes | Head SHA: 4756f5a0e
tools/run_phase_391_xgboost_test.py,General Core & Utilities,Utility Script / Module,Active,N/A,4756f5a0e,Size: 4983 bytes | Head SHA: 4756f5a0e
tools/run_phase_392_ensemble_test.py,General Core & Utilities,Utility Script / Module,Active,N/A,4756f5a0e,Size: 12652 bytes | Head SHA: 4756f5a0e
tools/run_phases_331_360_block_test.py,General Core & Utilities,Utility Script / Module,Active,N/A,4756f5a0e,Size: 6540 bytes | Head SHA: 4756f5a0e
tools/run_phases_381_388_block_test.py,General Core & Utilities,Utility Script / Module,Active,N/A,4756f5a0e,Size: 7839 bytes | Head SHA: 4756f5a0e
tools/run_phases_389_400_block_test.py,General Core & Utilities,Utility Script / Module,Active,N/A,4756f5a0e,Size: 5914 bytes | Head SHA: 4756f5a0e
tools/run_truth_bridge_powershell.ps1,General Core & Utilities,Utility Script / Module,Active,N/A,4756f5a0e,Size: 10254 bytes | Head SHA: 4756f5a0e
tools/subprocess_helpers.py,General Core & Utilities,Utility Script / Module,Active,N/A,4756f5a0e,Size: 571 bytes | Head SHA: 4756f5a0e
tools/system3_auto_coordinator.py,General Core & Utilities,Utility Script / Module,Active,N/A,4756f5a0e,Size: 8474 bytes | Head SHA: 4756f5a0e
tools/system3_autopilot_proof_board.py,General Core & Utilities,Utility Script / Module,Active,N/A,4756f5a0e,Size: 10149 bytes | Head SHA: 4756f5a0e
tools/system3_experimental_solution_planner.py,General Core & Utilities,Utility Script / Module,Active,N/A,4756f5a0e,Size: 9464 bytes | Head SHA: 4756f5a0e
tools/system3_live_dry_run_launcher.py,General Core & Utilities,Utility Script / Module,Active,N/A,4756f5a0e,Size: 18521 bytes | Head SHA: 4756f5a0e
tools/system3_live_runtime_verification.py,General Core & Utilities,Utility Script / Module,Active,N/A,4756f5a0e,Size: 18905 bytes | Head SHA: 4756f5a0e
tools/system3_parallel_root_cause_audit.py,General Core & Utilities,Utility Script / Module,Active,N/A,4756f5a0e,Size: 13183 bytes | Head SHA: 4756f5a0e
tools/system3_readiness_evidence_normalizer.py,General Core & Utilities,Utility Script / Module,Active,N/A,4756f5a0e,Size: 4894 bytes | Head SHA: 4756f5a0e
tools/system3_secure_install_credential_audit.py,General Core & Utilities,Utility Script / Module,Active,N/A,4756f5a0e,Size: 7346 bytes | Head SHA: 4756f5a0e
tools/system3_todo_status_updater.py,General Core & Utilities,Utility Script / Module,Active,N/A,4756f5a0e,Size: 15011 bytes | Head SHA: 4756f5a0e
tools/system3_venv_sanity_check.py,General Core & Utilities,Utility Script / Module,Active,N/A,4756f5a0e,Size: 9867 bytes | Head SHA: 4756f5a0e
tools/system3_watchdog_status_reporter.py,General Core & Utilities,Utility Script / Module,Active,N/A,4756f5a0e,Size: 9111 bytes | Head SHA: 4756f5a0e
tools/system3_windows_self_hosted_full_system_proof.py,General Core & Utilities,Utility Script / Module,Active,N/A,4756f5a0e,Size: 12261 bytes | Head SHA: 4756f5a0e
tools/system3_windows_self_hosted_workflow_migrator.py,General Core & Utilities,Utility Script / Module,Active,N/A,4756f5a0e,Size: 6822 bytes | Head SHA: 4756f5a0e
tools/system3_workflow_failure_tracker.py,General Core & Utilities,Utility Script / Module,Active,N/A,4756f5a0e,Size: 5207 bytes | Head SHA: 4756f5a0e
tools/verify_local_env.py,General Core & Utilities,Utility Script / Module,Active,N/A,4756f5a0e,Size: 2295 bytes | Head SHA: 4756f5a0e
tools/verify_runtime_python_consistency.py,General Core & Utilities,Utility Script / Module,Active,N/A,4756f5a0e,Size: 2996 bytes | Head SHA: 4756f5a0e
tools/visualize_live_fills.py,General Core & Utilities,Utility Script / Module,Active,N/A,4756f5a0e,Size: 4032 bytes | Head SHA: 4756f5a0e
AGENTS.md,Governance & Contract Policy,Agent Operating Laws,Active,docs/control_plane/*,4756f5a0e,Size: 14296 bytes | Head SHA: 4756f5a0e
AGENT_CONTEXT_SNAPSHOT.md,Governance & Contract Policy,Agent Operating Laws,Active,docs/control_plane/*,4756f5a0e,Size: 5070768 bytes | Head SHA: 4756f5a0e
AGENT_COORDINATION_LOG.md,Governance & Contract Policy,Agent Operating Laws,Active,docs/control_plane/*,4756f5a0e,Size: 6629 bytes | Head SHA: 4756f5a0e
agent_memory/architecture_current.md,Governance & Contract Policy,Agent Operating Laws,Active,docs/control_plane/*,4756f5a0e,Size: 5748 bytes | Head SHA: 4756f5a0e
agent_memory/inventory.md,Governance & Contract Policy,Agent Operating Laws,Active,docs/control_plane/*,4756f5a0e,Size: 1881 bytes | Head SHA: 4756f5a0e
agent_memory/plan.md,Governance & Contract Policy,Agent Operating Laws,Active,docs/control_plane/*,4756f5a0e,Size: 3056 bytes | Head SHA: 4756f5a0e
agent_memory/tasks.json,Governance & Contract Policy,Agent Operating Laws,Active,docs/control_plane/*,4756f5a0e,Size: 1724 bytes | Head SHA: 4756f5a0e
audit/live_agent_issue_ledger/SYSTEM3_LIVE_UNRESOLVED_ISSUES.csv,Governance & Contract Policy,Agent Operating Laws,Active,docs/control_plane/*,4756f5a0e,Size: 7254 bytes | Head SHA: 4756f5a0e
audit_6c08cadc-a6cf-46e2-96ad-932ec6f0cdfd_20260829T122940Z/project_iam_policy.json,Governance & Contract Policy,Agent Operating Laws,Active,docs/control_plane/*,4756f5a0e,Size: 32074 bytes | Head SHA: 4756f5a0e
audit_6c08cadc-a6cf-46e2-96ad-932ec6f0cdfd_20260829T122940Z/pubsub_policy.json,Governance & Contract Policy,Agent Operating Laws,Active,docs/control_plane/*,4756f5a0e,Size: 498 bytes | Head SHA: 4756f5a0e
audit_6c08cadc-a6cf-46e2-96ad-932ec6f0cdfd_20260829T122940Z/sa_iam_policy.json,Governance & Contract Policy,Agent Operating Laws,Active,docs/control_plane/*,4756f5a0e,Size: 898 bytes | Head SHA: 4756f5a0e
config/lifetime_research_policy.json,Governance & Contract Policy,Agent Operating Laws,Active,docs/control_plane/*,4756f5a0e,Size: 497 bytes | Head SHA: 4756f5a0e
config/system3_agent_evidence_catalog.v1.json,Governance & Contract Policy,Agent Operating Laws,Active,docs/control_plane/*,4756f5a0e,Size: 3321 bytes | Head SHA: 4756f5a0e
core/engine/entry_exit_engine/entry_exit_rules.py,Governance & Contract Policy,Agent Operating Laws,Active,docs/control_plane/*,4756f5a0e,Size: 4540 bytes | Head SHA: 4756f5a0e
core/engine/system3_phase110_exit_rule_builder.py,Governance & Contract Policy,Agent Operating Laws,Active,docs/control_plane/*,4756f5a0e,Size: 5596 bytes | Head SHA: 4756f5a0e
core/engine/system3_phase174_retention_policy.py,Governance & Contract Policy,Agent Operating Laws,Active,docs/control_plane/*,4756f5a0e,Size: 2237 bytes | Head SHA: 4756f5a0e
core/engine/system3_phase37_policy_risk_monitor.py,Governance & Contract Policy,Agent Operating Laws,Active,docs/control_plane/*,4756f5a0e,Size: 6479 bytes | Head SHA: 4756f5a0e
core/ultra/phase53_monitoring_agent.py,Governance & Contract Policy,Agent Operating Laws,Active,docs/control_plane/*,4756f5a0e,Size: 8507 bytes | Head SHA: 4756f5a0e
dashboard/backend/mutation_policy.py,Governance & Contract Policy,Agent Operating Laws,Active,docs/control_plane/*,4756f5a0e,Size: 10598 bytes | Head SHA: 4756f5a0e
dashboard/backend/security_policy.py,Governance & Contract Policy,Agent Operating Laws,Active,docs/control_plane/*,4756f5a0e,Size: 3684 bytes | Head SHA: 4756f5a0e
dashboard/backend/upgrade_agent.py,Governance & Contract Policy,Agent Operating Laws,Active,docs/control_plane/*,4756f5a0e,Size: 9738 bytes | Head SHA: 4756f5a0e
docs/AGENT_CONSOLE_INVESTIGATION.md,Governance & Contract Policy,Agent Operating Laws,Active,docs/control_plane/*,4756f5a0e,Size: 6570 bytes | Head SHA: 4756f5a0e
docs/AGENT_DASHBOARD_VERIFICATION_PLAYWRIGHT.md,Governance & Contract Policy,Agent Operating Laws,Active,docs/control_plane/*,4756f5a0e,Size: 4290 bytes | Head SHA: 4756f5a0e
docs/AGENT_MANUAL_STEPS.md,Governance & Contract Policy,Agent Operating Laws,Active,docs/control_plane/*,4756f5a0e,Size: 1568 bytes | Head SHA: 4756f5a0e
docs/ALL_ISSUES_LIST_FROM_VERIFICATION.md,Governance & Contract Policy,Agent Operating Laws,Active,docs/control_plane/*,4756f5a0e,Size: 11272 bytes | Head SHA: 4756f5a0e
docs/API_ARCHITECTURE_AND_IMPROVEMENTS.md,Governance & Contract Policy,Agent Operating Laws,Active,docs/control_plane/*,4756f5a0e,Size: 4917 bytes | Head SHA: 4756f5a0e
docs/AUTO_FETCH_HOURLY_COMPLETE.md,Governance & Contract Policy,Agent Operating Laws,Active,docs/control_plane/*,4756f5a0e,Size: 5756 bytes | Head SHA: 4756f5a0e
docs/AUTO_FETCH_HOURLY_SETUP.md,Governance & Contract Policy,Agent Operating Laws,Active,docs/control_plane/*,4756f5a0e,Size: 7495 bytes | Head SHA: 4756f5a0e
docs/AUTO_FETCH_HOURLY_VERIFICATION.md,Governance & Contract Policy,Agent Operating Laws,Active,docs/control_plane/*,4756f5a0e,Size: 5599 bytes | Head SHA: 4756f5a0e
docs/BATCH_FILE_TEST_SUMMARY.md,Governance & Contract Policy,Agent Operating Laws,Active,docs/control_plane/*,4756f5a0e,Size: 1439 bytes | Head SHA: 4756f5a0e
docs/BATCH_FILE_VERIFICATION.md,Governance & Contract Policy,Agent Operating Laws,Active,docs/control_plane/*,4756f5a0e,Size: 5739 bytes | Head SHA: 4756f5a0e
docs/BEST_RECOMMENDATION_AGENT_RUN.md,Governance & Contract Policy,Agent Operating Laws,Active,docs/control_plane/*,4756f5a0e,Size: 2812 bytes | Head SHA: 4756f5a0e
docs/BLOCKER_FIXES_PROOF.md,Governance & Contract Policy,Agent Operating Laws,Active,docs/control_plane/*,4756f5a0e,Size: 12342 bytes | Head SHA: 4756f5a0e
docs/BUILD_PRODUCTION_ANALYSIS.md,Governance & Contract Policy,Agent Operating Laws,Active,docs/control_plane/*,4756f5a0e,Size: 5118 bytes | Head SHA: 4756f5a0e
docs/BUY_DECISION_DIAGNOSTIC.md,Governance & Contract Policy,Agent Operating Laws,Active,docs/control_plane/*,4756f5a0e,Size: 6325 bytes | Head SHA: 4756f5a0e
docs/CALCULATED_COLUMNS_IMPLEMENTATION.md,Governance & Contract Policy,Agent Operating Laws,Active,docs/control_plane/*,4756f5a0e,Size: 8594 bytes | Head SHA: 4756f5a0e
docs/CLOUD_AUDIT_SECURITY_BASELINE.md,Governance & Contract Policy,Agent Operating Laws,Active,docs/control_plane/*,4756f5a0e,Size: 1203 bytes | Head SHA: 4756f5a0e
docs/COMPLETE_VALIDATION_REPORT.md,Governance & Contract Policy,Agent Operating Laws,Active,docs/control_plane/*,4756f5a0e,Size: 4640 bytes | Head SHA: 4756f5a0e
docs/COMPLETE_WARNINGS_VERIFICATION_REPORT.md,Governance & Contract Policy,Agent Operating Laws,Active,docs/control_plane/*,4756f5a0e,Size: 8611 bytes | Head SHA: 4756f5a0e
docs/CONTINUOUS_CLOSURE_SYSTEM.md,Governance & Contract Policy,Agent Operating Laws,Active,docs/control_plane/*,4756f5a0e,Size: 1432 bytes | Head SHA: 4756f5a0e
docs/CSV_ADDITIONAL_COLUMNS_RECOMMENDATION.md,Governance & Contract Policy,Agent Operating Laws,Active,docs/control_plane/*,4756f5a0e,Size: 8378 bytes | Head SHA: 4756f5a0e
docs/CSV_DUPLICATE_COLUMNS_FIX.md,Governance & Contract Policy,Agent Operating Laws,Active,docs/control_plane/*,4756f5a0e,Size: 4199 bytes | Head SHA: 4756f5a0e
docs/CSV_FIXES_VERIFICATION_SUMMARY.md,Governance & Contract Policy,Agent Operating Laws,Active,docs/control_plane/*,4756f5a0e,Size: 4770 bytes | Head SHA: 4756f5a0e
docs/CSV_PARSING_FIXES_APPLIED.md,Governance & Contract Policy,Agent Operating Laws,Active,docs/control_plane/*,4756f5a0e,Size: 5625 bytes | Head SHA: 4756f5a0e
docs/CSV_PARSING_FIXES_VERIFICATION_COMPLETE.md,Governance & Contract Policy,Agent Operating Laws,Active,docs/control_plane/*,4756f5a0e,Size: 4697 bytes | Head SHA: 4756f5a0e
docs/CSV_PARSING_ISSUE_DETAILED_ANALYSIS.md,Governance & Contract Policy,Agent Operating Laws,Active,docs/control_plane/*,4756f5a0e,Size: 13898 bytes | Head SHA: 4756f5a0e
docs/CSV_REFRESH_AND_FIX_SUMMARY.md,Governance & Contract Policy,Agent Operating Laws,Active,docs/control_plane/*,4756f5a0e,Size: 4435 bytes | Head SHA: 4756f5a0e
docs/CSV_VALIDATION_AND_IMPROVEMENTS.md,Governance & Contract Policy,Agent Operating Laws,Active,docs/control_plane/*,4756f5a0e,Size: 6710 bytes | Head SHA: 4756f5a0e
docs/CURSOR_AGENT_REQUIREMENTS_GAPS_AND_SOLUTIONS.md,Governance & Contract Policy,Agent Operating Laws,Active,docs/control_plane/*,4756f5a0e,Size: 10379 bytes | Head SHA: 4756f5a0e
docs/CURSOR_SETUP.md,Governance & Contract Policy,Agent Operating Laws,Active,docs/control_plane/*,4756f5a0e,Size: 4271 bytes | Head SHA: 4756f5a0e
docs/DASHBOARD_IMPLEMENTATION_CHECKLIST_TRADINGVIEW_QUALITY.md,Governance & Contract Policy,Agent Operating Laws,Active,docs/control_plane/*,4756f5a0e,Size: 10080 bytes | Head SHA: 4756f5a0e
docs/DASHBOARD_TEST_AUTOMATION_OVERVIEW.md,Governance & Contract Policy,Agent Operating Laws,Active,docs/control_plane/*,4756f5a0e,Size: 8253 bytes | Head SHA: 4756f5a0e
docs/DEEP_ANALYSIS_VERIFICATION_RESULTS.md,Governance & Contract Policy,Agent Operating Laws,Active,docs/control_plane/*,4756f5a0e,Size: 14657 bytes | Head SHA: 4756f5a0e
docs/END_TO_END_ISSUES_SOLUTIONS_AGENT_POLICY.md,Governance & Contract Policy,Agent Operating Laws,Active,docs/control_plane/*,4756f5a0e,Size: 4503 bytes | Head SHA: 4756f5a0e
docs/FINAL_DEEP_ANALYSIS_SUMMARY.md,Governance & Contract Policy,Agent Operating Laws,Active,docs/control_plane/*,4756f5a0e,Size: 13756 bytes | Head SHA: 4756f5a0e
docs/FULL_ACTION_PLAN_AND_CHECKLIST.md,Governance & Contract Policy,Agent Operating Laws,Active,docs/control_plane/*,4756f5a0e,Size: 9181 bytes | Head SHA: 4756f5a0e
docs/GENESIS_VSCODE_AGENT_MASTER_INSTRUCTION.md,Governance & Contract Policy,Agent Operating Laws,Active,docs/control_plane/*,4756f5a0e,Size: 11448 bytes | Head SHA: 4756f5a0e
docs/GITHUB_BILLING_FREE_TRUTH_BRIDGE_PLAN.md,Governance & Contract Policy,Agent Operating Laws,Active,docs/control_plane/*,4756f5a0e,Size: 2544 bytes | Head SHA: 4756f5a0e
docs/GOVERNANCE_DUAL_REQUIREMENTS.md,Governance & Contract Policy,Agent Operating Laws,Active,docs/control_plane/*,4756f5a0e,Size: 2526 bytes | Head SHA: 4756f5a0e
docs/IMPLEMENTATION_SUMMARY.md,Governance & Contract Policy,Agent Operating Laws,Active,docs/control_plane/*,4756f5a0e,Size: 8628 bytes | Head SHA: 4756f5a0e
docs/LAPTOP_CLOSING_IMPACT_ANALYSIS.md,Governance & Contract Policy,Agent Operating Laws,Active,docs/control_plane/*,4756f5a0e,Size: 7104 bytes | Head SHA: 4756f5a0e
docs/MULTI_VERIFICATION_FINAL_REPORT.md,Governance & Contract Policy,Agent Operating Laws,Active,docs/control_plane/*,4756f5a0e,Size: 9518 bytes | Head SHA: 4756f5a0e
docs/NO_BILLING_AUTONOMOUS_PROOF_PLAN.md,Governance & Contract Policy,Agent Operating Laws,Active,docs/control_plane/*,4756f5a0e,Size: 1917 bytes | Head SHA: 4756f5a0e
docs/PHASE250_255_PIPELINE_STATUS.md,Governance & Contract Policy,Agent Operating Laws,Active,docs/control_plane/*,4756f5a0e,Size: 15432 bytes | Head SHA: 4756f5a0e
docs/PHASE_PIPELINE_STATUS_REPORT.md,Governance & Contract Policy,Agent Operating Laws,Active,docs/control_plane/*,4756f5a0e,Size: 5808 bytes | Head SHA: 4756f5a0e
docs/PREFLIGHT_CONTROL_PLANE.md,Governance & Contract Policy,Agent Operating Laws,Active,docs/control_plane/*,4756f5a0e,Size: 3803 bytes | Head SHA: 4756f5a0e
docs/PRODUCTION_GRADE_PROCEED_ON_MISSING.md,Governance & Contract Policy,Agent Operating Laws,Active,docs/control_plane/*,4756f5a0e,Size: 3277 bytes | Head SHA: 4756f5a0e
docs/PRODUCTION_GRADE_STRICT_FAIL_AND_SEQUENCE.md,Governance & Contract Policy,Agent Operating Laws,Active,docs/control_plane/*,4756f5a0e,Size: 4757 bytes | Head SHA: 4756f5a0e
docs/PRODUCTION_GRADE_WHOLE_PROJECT_RECOMMENDATIONS.md,Governance & Contract Policy,Agent Operating Laws,Active,docs/control_plane/*,4756f5a0e,Size: 11655 bytes | Head SHA: 4756f5a0e
docs/Phases 311–330 = Integrity + Anti-corruption + Observability layer for System3.md,Governance & Contract Policy,Agent Operating Laws,Active,docs/control_plane/*,4756f5a0e,Size: 2480 bytes | Head SHA: 4756f5a0e
docs/QUICK_ACTION_PLAN.md,Governance & Contract Policy,Agent Operating Laws,Active,docs/control_plane/*,4756f5a0e,Size: 10641 bytes | Head SHA: 4756f5a0e
docs/QUICK_COMMAND_REFERENCE.md,Governance & Contract Policy,Agent Operating Laws,Active,docs/control_plane/*,4756f5a0e,Size: 2728 bytes | Head SHA: 4756f5a0e
docs/RECENT_FETCH_OBSERVATIONS.md,Governance & Contract Policy,Agent Operating Laws,Active,docs/control_plane/*,4756f5a0e,Size: 7788 bytes | Head SHA: 4756f5a0e
docs/RECOMMENDATIONS_AFTER_FULL_FOLDER_ANALYSIS.md,Governance & Contract Policy,Agent Operating Laws,Active,docs/control_plane/*,4756f5a0e,Size: 7398 bytes | Head SHA: 4756f5a0e
docs/RUHI_CAPABILITY_MRI_V3.md,Governance & Contract Policy,Agent Operating Laws,Active,docs/control_plane/*,4756f5a0e,Size: 6695 bytes | Head SHA: 4756f5a0e
docs/RUHI_RULE_V2.md,Governance & Contract Policy,Agent Operating Laws,Active,docs/control_plane/*,4756f5a0e,Size: 11153 bytes | Head SHA: 4756f5a0e
docs/RUN_THRESHOLDS_UPGRADE_GUIDE.md,Governance & Contract Policy,Agent Operating Laws,Active,docs/control_plane/*,4756f5a0e,Size: 2024 bytes | Head SHA: 4756f5a0e
docs/SIGNAL_QUALITY_AUDIT.md,Governance & Contract Policy,Agent Operating Laws,Active,docs/control_plane/*,4756f5a0e,Size: 4748 bytes | Head SHA: 4756f5a0e
docs/SYSTEM3_360_ROOT_CAUSE_BLOCKERS.md,Governance & Contract Policy,Agent Operating Laws,Active,docs/control_plane/*,4756f5a0e,Size: 10317 bytes | Head SHA: 4756f5a0e
docs/SYSTEM3_AUTOMATION_INTEGRATION_SUMMARY.md,Governance & Contract Policy,Agent Operating Laws,Active,docs/control_plane/*,4756f5a0e,Size: 5102 bytes | Head SHA: 4756f5a0e
docs/SYSTEM3_AUTOPILOT_LATEST_STATUS.md,Governance & Contract Policy,Agent Operating Laws,Active,docs/control_plane/*,4756f5a0e,Size: 14493 bytes | Head SHA: 4756f5a0e
docs/SYSTEM3_AUTORUN_INTEGRATION_TEST_REPORT.md,Governance & Contract Policy,Agent Operating Laws,Active,docs/control_plane/*,4756f5a0e,Size: 1464 bytes | Head SHA: 4756f5a0e
docs/SYSTEM3_AUTORUN_MULTI_VALIDATION.md,Governance & Contract Policy,Agent Operating Laws,Active,docs/control_plane/*,4756f5a0e,Size: 11144 bytes | Head SHA: 4756f5a0e
docs/SYSTEM3_AUTORUN_TESTING_COMPLETE.md,Governance & Contract Policy,Agent Operating Laws,Active,docs/control_plane/*,4756f5a0e,Size: 4526 bytes | Head SHA: 4756f5a0e
docs/SYSTEM3_AUTORUN_VALIDATION_CHECKLIST.md,Governance & Contract Policy,Agent Operating Laws,Active,docs/control_plane/*,4756f5a0e,Size: 2577 bytes | Head SHA: 4756f5a0e
docs/SYSTEM3_CLEANING_PIPELINE_IMPLEMENTATION.md,Governance & Contract Policy,Agent Operating Laws,Active,docs/control_plane/*,4756f5a0e,Size: 5099 bytes | Head SHA: 4756f5a0e
docs/SYSTEM3_CLEAN_DATA_ANALYSIS_COMPLETE.md,Governance & Contract Policy,Agent Operating Laws,Active,docs/control_plane/*,4756f5a0e,Size: 3957 bytes | Head SHA: 4756f5a0e
docs/SYSTEM3_COMPLETE_PIPELINE_SUMMARY.md,Governance & Contract Policy,Agent Operating Laws,Active,docs/control_plane/*,4756f5a0e,Size: 4757 bytes | Head SHA: 4756f5a0e
docs/SYSTEM3_COMPREHENSIVE_REVIEW_20251205.md,Governance & Contract Policy,Agent Operating Laws,Active,docs/control_plane/*,4756f5a0e,Size: 6859 bytes | Head SHA: 4756f5a0e
docs/SYSTEM3_COMPREHENSIVE_VALIDATION_REPORT.md,Governance & Contract Policy,Agent Operating Laws,Active,docs/control_plane/*,4756f5a0e,Size: 12493 bytes | Head SHA: 4756f5a0e
docs/SYSTEM3_COMPREHENSIVE_VALIDATION_RESULTS.json,Governance & Contract Policy,Agent Operating Laws,Active,docs/control_plane/*,4756f5a0e,Size: 4106 bytes | Head SHA: 4756f5a0e
docs/SYSTEM3_COMPREHENSIVE_VERIFICATION_REPORT.md,Governance & Contract Policy,Agent Operating Laws,Active,docs/control_plane/*,4756f5a0e,Size: 2490 bytes | Head SHA: 4756f5a0e
docs/SYSTEM3_CORE_STABLE_CONFIRMED.md,Governance & Contract Policy,Agent Operating Laws,Active,docs/control_plane/*,4756f5a0e,Size: 48 bytes | Head SHA: 4756f5a0e
docs/SYSTEM3_CORE_TRADING_GOAL_AND_ARCHITECTURE.md,Governance & Contract Policy,Agent Operating Laws,Active,docs/control_plane/*,4756f5a0e,Size: 6320 bytes | Head SHA: 4756f5a0e
docs/SYSTEM3_CSV_AUDIT_COMPLETE_SUMMARY.md,Governance & Contract Policy,Agent Operating Laws,Active,docs/control_plane/*,4756f5a0e,Size: 1245 bytes | Head SHA: 4756f5a0e
docs/SYSTEM3_CSV_AUDIT_EXECUTIVE_SUMMARY.md,Governance & Contract Policy,Agent Operating Laws,Active,docs/control_plane/*,4756f5a0e,Size: 1238 bytes | Head SHA: 4756f5a0e
docs/SYSTEM3_CSV_AUDIT_FINDINGS_AND_FIXES.md,Governance & Contract Policy,Agent Operating Laws,Active,docs/control_plane/*,4756f5a0e,Size: 6470 bytes | Head SHA: 4756f5a0e
docs/SYSTEM3_CSV_CLEAN_VALIDATION_SUMMARY.md,Governance & Contract Policy,Agent Operating Laws,Active,docs/control_plane/*,4756f5a0e,Size: 1822 bytes | Head SHA: 4756f5a0e
docs/SYSTEM3_CSV_DEEP_VALIDATION_ANALYSIS.md,Governance & Contract Policy,Agent Operating Laws,Active,docs/control_plane/*,4756f5a0e,Size: 13073 bytes | Head SHA: 4756f5a0e
docs/SYSTEM3_CSV_DEEP_VALIDATION_REPORT.md,Governance & Contract Policy,Agent Operating Laws,Active,docs/control_plane/*,4756f5a0e,Size: 3576 bytes | Head SHA: 4756f5a0e
docs/SYSTEM3_CSV_DEEP_VALIDATION_SUMMARY.md,Governance & Contract Policy,Agent Operating Laws,Active,docs/control_plane/*,4756f5a0e,Size: 5360 bytes | Head SHA: 4756f5a0e
docs/SYSTEM3_CSV_SCHEMA_AUTOMATED.md,Governance & Contract Policy,Agent Operating Laws,Active,docs/control_plane/*,4756f5a0e,Size: 6542 bytes | Head SHA: 4756f5a0e
docs/SYSTEM3_CSV_ULTRA_AUDIT_COMPLETE.md,Governance & Contract Policy,Agent Operating Laws,Active,docs/control_plane/*,4756f5a0e,Size: 12211 bytes | Head SHA: 4756f5a0e
docs/SYSTEM3_CSV_ULTRA_AUDIT_REPORT.md,Governance & Contract Policy,Agent Operating Laws,Active,docs/control_plane/*,4756f5a0e,Size: 11164 bytes | Head SHA: 4756f5a0e
docs/SYSTEM3_CSV_VALIDATION_EXECUTIVE_SUMMARY.md,Governance & Contract Policy,Agent Operating Laws,Active,docs/control_plane/*,4756f5a0e,Size: 4915 bytes | Head SHA: 4756f5a0e
docs/SYSTEM3_CURRENT_BLOCKER_RUNBOOK.md,Governance & Contract Policy,Agent Operating Laws,Active,docs/control_plane/*,4756f5a0e,Size: 5868 bytes | Head SHA: 4756f5a0e
docs/SYSTEM3_DAILY_SAFETY_CHECKLIST.md,Governance & Contract Policy,Agent Operating Laws,Active,docs/control_plane/*,4756f5a0e,Size: 8402 bytes | Head SHA: 4756f5a0e
docs/SYSTEM3_DECEMBER4_FIXES_APPLIED.md,Governance & Contract Policy,Agent Operating Laws,Active,docs/control_plane/*,4756f5a0e,Size: 4778 bytes | Head SHA: 4756f5a0e
docs/SYSTEM3_DECEMBER4_ISSUES_AND_FIXES.md,Governance & Contract Policy,Agent Operating Laws,Active,docs/control_plane/*,4756f5a0e,Size: 10068 bytes | Head SHA: 4756f5a0e
docs/SYSTEM3_DEEP_AUDIT_FORENSIC_REPORT_20251203.md,Governance & Contract Policy,Agent Operating Laws,Active,docs/control_plane/*,4756f5a0e,Size: 39120 bytes | Head SHA: 4756f5a0e
docs/SYSTEM3_EXPERIMENTAL_SOLUTION_PLAN.md,Governance & Contract Policy,Agent Operating Laws,Active,docs/control_plane/*,4756f5a0e,Size: 33392 bytes | Head SHA: 4756f5a0e
docs/SYSTEM3_FINAL_VALIDATION_STATUS.md,Governance & Contract Policy,Agent Operating Laws,Active,docs/control_plane/*,4756f5a0e,Size: 2399 bytes | Head SHA: 4756f5a0e
docs/SYSTEM3_FIXES_APPLIED_SUMMARY.md,Governance & Contract Policy,Agent Operating Laws,Active,docs/control_plane/*,4756f5a0e,Size: 3865 bytes | Head SHA: 4756f5a0e
docs/SYSTEM3_FORENSIC_FIX_AND_VALIDATION_REPORT.md,Governance & Contract Policy,Agent Operating Laws,Active,docs/control_plane/*,4756f5a0e,Size: 16295 bytes | Head SHA: 4756f5a0e
docs/SYSTEM3_FULL_AUTOMATION_GUIDE.md,Governance & Contract Policy,Agent Operating Laws,Active,docs/control_plane/*,4756f5a0e,Size: 5312 bytes | Head SHA: 4756f5a0e
docs/SYSTEM3_FULL_FORENSIC_SUMMARY.md,Governance & Contract Policy,Agent Operating Laws,Active,docs/control_plane/*,4756f5a0e,Size: 7405 bytes | Head SHA: 4756f5a0e
docs/SYSTEM3_GITHUB_GCP_WIF_SETUP.md,Governance & Contract Policy,Agent Operating Laws,Active,docs/control_plane/*,4756f5a0e,Size: 3196 bytes | Head SHA: 4756f5a0e
docs/SYSTEM3_HEARTBEAT_ANALYSIS_7AM.md,Governance & Contract Policy,Agent Operating Laws,Active,docs/control_plane/*,4756f5a0e,Size: 4741 bytes | Head SHA: 4756f5a0e
docs/SYSTEM3_KID_LEVEL_FULL_SYSTEM_RUNBOOK.md,Governance & Contract Policy,Agent Operating Laws,Active,docs/control_plane/*,4756f5a0e,Size: 19952 bytes | Head SHA: 4756f5a0e
docs/SYSTEM3_MARKET_SESSION_20251204_ANALYSIS.md,Governance & Contract Policy,Agent Operating Laws,Active,docs/control_plane/*,4756f5a0e,Size: 7676 bytes | Head SHA: 4756f5a0e
docs/SYSTEM3_NEXT_ACTIONS_COMPLETE.md,Governance & Contract Policy,Agent Operating Laws,Active,docs/control_plane/*,4756f5a0e,Size: 6169 bytes | Head SHA: 4756f5a0e
docs/SYSTEM3_PHASE222_CLEAN_DATA_ANALYSIS.md,Governance & Contract Policy,Agent Operating Laws,Active,docs/control_plane/*,4756f5a0e,Size: 9212 bytes | Head SHA: 4756f5a0e
docs/SYSTEM3_PHASE223_CLEAN_DATA_RESULTS.md,Governance & Contract Policy,Agent Operating Laws,Active,docs/control_plane/*,4756f5a0e,Size: 5367 bytes | Head SHA: 4756f5a0e
docs/SYSTEM3_PHASE223_COMPLETE_ANALYSIS.md,Governance & Contract Policy,Agent Operating Laws,Active,docs/control_plane/*,4756f5a0e,Size: 5230 bytes | Head SHA: 4756f5a0e
docs/SYSTEM3_PHASE223_COMPLETE_SUMMARY.md,Governance & Contract Policy,Agent Operating Laws,Active,docs/control_plane/*,4756f5a0e,Size: 5338 bytes | Head SHA: 4756f5a0e
docs/SYSTEM3_PHASE223_EXECUTION_ANALYSIS.md,Governance & Contract Policy,Agent Operating Laws,Active,docs/control_plane/*,4756f5a0e,Size: 5692 bytes | Head SHA: 4756f5a0e
docs/SYSTEM3_PHASE223_FINAL_RECOMMENDATIONS.md,Governance & Contract Policy,Agent Operating Laws,Active,docs/control_plane/*,4756f5a0e,Size: 4416 bytes | Head SHA: 4756f5a0e
docs/SYSTEM3_PHASE223_FINAL_SUMMARY.md,Governance & Contract Policy,Agent Operating Laws,Active,docs/control_plane/*,4756f5a0e,Size: 5991 bytes | Head SHA: 4756f5a0e
docs/SYSTEM3_PHASE223_FIX_COMPLETE.md,Governance & Contract Policy,Agent Operating Laws,Active,docs/control_plane/*,4756f5a0e,Size: 2453 bytes | Head SHA: 4756f5a0e
docs/SYSTEM3_PHASES_301_310_STATUS.md,Governance & Contract Policy,Agent Operating Laws,Active,docs/control_plane/*,4756f5a0e,Size: 9602 bytes | Head SHA: 4756f5a0e
docs/SYSTEM3_PHASES_331_360_IMPLEMENTATION.md.md,Governance & Contract Policy,Agent Operating Laws,Active,docs/control_plane/*,4756f5a0e,Size: 28403 bytes | Head SHA: 4756f5a0e
docs/SYSTEM3_PHASES_361_380_IMPLEMENTATION.md,Governance & Contract Policy,Agent Operating Laws,Active,docs/control_plane/*,4756f5a0e,Size: 19599 bytes | Head SHA: 4756f5a0e
docs/SYSTEM3_PREFLIGHT_CHECK_REPORT.md,Governance & Contract Policy,Agent Operating Laws,Active,docs/control_plane/*,4756f5a0e,Size: 8030 bytes | Head SHA: 4756f5a0e
docs/SYSTEM3_PREMARKET_CHECKLIST_EXECUTION_GUIDE.md,Governance & Contract Policy,Agent Operating Laws,Active,docs/control_plane/*,4756f5a0e,Size: 3723 bytes | Head SHA: 4756f5a0e
docs/SYSTEM3_PREMARKET_CHECKLIST_FINAL.md,Governance & Contract Policy,Agent Operating Laws,Active,docs/control_plane/*,4756f5a0e,Size: 7275 bytes | Head SHA: 4756f5a0e
docs/SYSTEM3_PREMARKET_CHECKLIST_REPORT.md,Governance & Contract Policy,Agent Operating Laws,Active,docs/control_plane/*,4756f5a0e,Size: 7891 bytes | Head SHA: 4756f5a0e
docs/SYSTEM3_PREMARKET_HEALTH_CHECK_ANALYSIS.md,Governance & Contract Policy,Agent Operating Laws,Active,docs/control_plane/*,4756f5a0e,Size: 4689 bytes | Head SHA: 4756f5a0e
docs/SYSTEM3_PREMARKET_HEALTH_CHECK_IMPLEMENTATION.md,Governance & Contract Policy,Agent Operating Laws,Active,docs/control_plane/*,4756f5a0e,Size: 9684 bytes | Head SHA: 4756f5a0e
docs/SYSTEM3_PREMARKET_PHASES_ANALYSIS.md,Governance & Contract Policy,Agent Operating Laws,Active,docs/control_plane/*,4756f5a0e,Size: 5973 bytes | Head SHA: 4756f5a0e
docs/SYSTEM3_PYTHON_COMMAND_FIX_COMPLETE.md,Governance & Contract Policy,Agent Operating Laws,Active,docs/control_plane/*,4756f5a0e,Size: 6563 bytes | Head SHA: 4756f5a0e
docs/SYSTEM3_PYTHON_COMMAND_FIX_SUMMARY.md,Governance & Contract Policy,Agent Operating Laws,Active,docs/control_plane/*,4756f5a0e,Size: 3587 bytes | Head SHA: 4756f5a0e
docs/SYSTEM3_PYTHON_FIX_FINAL_REPORT.md,Governance & Contract Policy,Agent Operating Laws,Active,docs/control_plane/*,4756f5a0e,Size: 7762 bytes | Head SHA: 4756f5a0e
docs/SYSTEM3_RECOMMENDATIONS_AND_IMPROVEMENTS.md,Governance & Contract Policy,Agent Operating Laws,Active,docs/control_plane/*,4756f5a0e,Size: 13039 bytes | Head SHA: 4756f5a0e
docs/SYSTEM3_RELIABILITY_IMPLEMENTATION_SUMMARY.md,Governance & Contract Policy,Agent Operating Laws,Active,docs/control_plane/*,4756f5a0e,Size: 6235 bytes | Head SHA: 4756f5a0e
docs/SYSTEM3_SELL_ANOMALIES_ANALYSIS.md,Governance & Contract Policy,Agent Operating Laws,Active,docs/control_plane/*,4756f5a0e,Size: 5513 bytes | Head SHA: 4756f5a0e
docs/SYSTEM3_SIGNAL_DISTRIBUTION_ANALYSIS.md,Governance & Contract Policy,Agent Operating Laws,Active,docs/control_plane/*,4756f5a0e,Size: 9972 bytes | Head SHA: 4756f5a0e
docs/SYSTEM3_SINGLE_ASSISTANT_RESPONSIBILITY_RULE.md,Governance & Contract Policy,Agent Operating Laws,Active,docs/control_plane/*,4756f5a0e,Size: 1644 bytes | Head SHA: 4756f5a0e
docs/SYSTEM3_STARTUP_GUIDE_7AM.md,Governance & Contract Policy,Agent Operating Laws,Active,docs/control_plane/*,4756f5a0e,Size: 8594 bytes | Head SHA: 4756f5a0e
docs/SYSTEM3_STRICT_VERIFICATION_COMPLETE.md,Governance & Contract Policy,Agent Operating Laws,Active,docs/control_plane/*,4756f5a0e,Size: 8677 bytes | Head SHA: 4756f5a0e
docs/SYSTEM3_STRICT_VERIFICATION_MANUAL.md,Governance & Contract Policy,Agent Operating Laws,Active,docs/control_plane/*,4756f5a0e,Size: 4772 bytes | Head SHA: 4756f5a0e
docs/SYSTEM3_THRESHOLDS_SAFETY_CHECK.md,Governance & Contract Policy,Agent Operating Laws,Active,docs/control_plane/*,4756f5a0e,Size: 2818 bytes | Head SHA: 4756f5a0e
docs/SYSTEM3_THRESHOLD_CANDIDATES_DETAILED_ANALYSIS.md,Governance & Contract Policy,Agent Operating Laws,Active,docs/control_plane/*,4756f5a0e,Size: 7607 bytes | Head SHA: 4756f5a0e
docs/SYSTEM3_TOMORROW_READINESS_SUMMARY.md,Governance & Contract Policy,Agent Operating Laws,Active,docs/control_plane/*,4756f5a0e,Size: 2063 bytes | Head SHA: 4756f5a0e
docs/SYSTEM3_TRUTH_BRIDGE_GUIDE.md,Governance & Contract Policy,Agent Operating Laws,Active,docs/control_plane/*,4756f5a0e,Size: 3245 bytes | Head SHA: 4756f5a0e
docs/SYSTEM3_VALIDATION_COMPLETE.md,Governance & Contract Policy,Agent Operating Laws,Active,docs/control_plane/*,4756f5a0e,Size: 3570 bytes | Head SHA: 4756f5a0e
docs/SYSTEM3_VISUAL_PROOF_AND_RENDER_RULES.md,Governance & Contract Policy,Agent Operating Laws,Active,docs/control_plane/*,4756f5a0e,Size: 5803 bytes | Head SHA: 4756f5a0e
docs/SYSTEM3_WARN_PHASES_ANALYSIS_20251205.md,Governance & Contract Policy,Agent Operating Laws,Active,docs/control_plane/*,4756f5a0e,Size: 2480 bytes | Head SHA: 4756f5a0e
docs/SYSTEM3_WINDOWS_SELF_HOSTED_PROOF_GUIDE.md,Governance & Contract Policy,Agent Operating Laws,Active,docs/control_plane/*,4756f5a0e,Size: 2010 bytes | Head SHA: 4756f5a0e
docs/SYSTEM3_WORKFLOW_FAILURE_TODO.md,Governance & Contract Policy,Agent Operating Laws,Active,docs/control_plane/*,4756f5a0e,Size: 8637 bytes | Head SHA: 4756f5a0e
docs/SYSTEM3_WORKFLOW_PRIORITY_POLICY.md,Governance & Contract Policy,Agent Operating Laws,Active,docs/control_plane/*,4756f5a0e,Size: 8593 bytes | Head SHA: 4756f5a0e
docs/SYSTEM3_WORLD_CLASS_PRODUCTION_REQUIREMENTS.md,Governance & Contract Policy,Agent Operating Laws,Active,docs/control_plane/*,4756f5a0e,Size: 6234 bytes | Head SHA: 4756f5a0e
docs/System3 Phases 10–20 – Ultra Mode Validation & Usage Plan (Safe  Read-Only).md,Governance & Contract Policy,Agent Operating Laws,Active,docs/control_plane/*,4756f5a0e,Size: 13503 bytes | Head SHA: 4756f5a0e
docs/System3_Phases_201_400_FullPass.md,Governance & Contract Policy,Agent Operating Laws,Active,docs/control_plane/*,4756f5a0e,Size: 1911 bytes | Head SHA: 4756f5a0e
docs/System3_Phases_201_400_FullPass_PART1_201_230.md,Governance & Contract Policy,Agent Operating Laws,Active,docs/control_plane/*,4756f5a0e,Size: 11788 bytes | Head SHA: 4756f5a0e
docs/System3_Phases_231_260_FullPass.md,Governance & Contract Policy,Agent Operating Laws,Active,docs/control_plane/*,4756f5a0e,Size: 19235 bytes | Head SHA: 4756f5a0e
docs/THRESHOLDS_UPGRADE_COMPLETE_ANALYSIS.md,Governance & Contract Policy,Agent Operating Laws,Active,docs/control_plane/*,4756f5a0e,Size: 13049 bytes | Head SHA: 4756f5a0e
docs/THRESHOLDS_UPGRADE_EXECUTIVE_SUMMARY.md,Governance & Contract Policy,Agent Operating Laws,Active,docs/control_plane/*,4756f5a0e,Size: 2319 bytes | Head SHA: 4756f5a0e
docs/THRESHOLDS_UPGRADE_FINAL_SUMMARY.md,Governance & Contract Policy,Agent Operating Laws,Active,docs/control_plane/*,4756f5a0e,Size: 8427 bytes | Head SHA: 4756f5a0e
docs/THRESHOLDS_UPGRADE_OUTPUT_ANALYSIS.md,Governance & Contract Policy,Agent Operating Laws,Active,docs/control_plane/*,4756f5a0e,Size: 7944 bytes | Head SHA: 4756f5a0e
docs/TIMELINE_YESTERDAY_VS_TODAY.md,Governance & Contract Policy,Agent Operating Laws,Active,docs/control_plane/*,4756f5a0e,Size: 6239 bytes | Head SHA: 4756f5a0e
docs/TRADINGVIEW_AND_EXCHANGE_DASHBOARD_REFERENCE.md,Governance & Contract Policy,Agent Operating Laws,Active,docs/control_plane/*,4756f5a0e,Size: 8673 bytes | Head SHA: 4756f5a0e
docs/TRADING_ENGINE_ROOT_CAUSE.md,Governance & Contract Policy,Agent Operating Laws,Active,docs/control_plane/*,4756f5a0e,Size: 5929 bytes | Head SHA: 4756f5a0e
docs/ULTRA_MICRO_DOCUMENTATION_SUMMARY.md,Governance & Contract Policy,Agent Operating Laws,Active,docs/control_plane/*,4756f5a0e,Size: 4040 bytes | Head SHA: 4756f5a0e
docs/VERIFICATION_ISSUES_COMPLETE_LIST.md,Governance & Contract Policy,Agent Operating Laws,Active,docs/control_plane/*,4756f5a0e,Size: 12987 bytes | Head SHA: 4756f5a0e
docs/VERIFY_EXPECTED_FAILURES_PROOF.md,Governance & Contract Policy,Agent Operating Laws,Active,docs/control_plane/*,4756f5a0e,Size: 14418 bytes | Head SHA: 4756f5a0e
docs/VIEW_CHARTS_DASHBOARDS_IN_EDITOR_AND_CHROME.md,Governance & Contract Policy,Agent Operating Laws,Active,docs/control_plane/*,4756f5a0e,Size: 6806 bytes | Head SHA: 4756f5a0e
docs/agent_status/CURSOR_LIVE_STATUS.md,Governance & Contract Policy,Agent Operating Laws,Active,docs/control_plane/*,4756f5a0e,Size: 1085 bytes | Head SHA: 4756f5a0e
docs/architecture/INFINITE_GITOPS_AGENT_PROMPT.md,Governance & Contract Policy,Agent Operating Laws,Active,docs/control_plane/*,4756f5a0e,Size: 1849 bytes | Head SHA: 4756f5a0e
docs/architecture/MASTER_PR_ROADMAP.md,Governance & Contract Policy,Agent Operating Laws,Active,docs/control_plane/*,4756f5a0e,Size: 3801 bytes | Head SHA: 4756f5a0e
docs/architecture/META_SOVEREIGN_ARCHITECTURE_GROUNDING.md,Governance & Contract Policy,Agent Operating Laws,Active,docs/control_plane/*,4756f5a0e,Size: 4717 bytes | Head SHA: 4756f5a0e
docs/architecture/SYSTEM3_BRUTAL_GAP_ANALYSIS.md,Governance & Contract Policy,Agent Operating Laws,Active,docs/control_plane/*,4756f5a0e,Size: 3165 bytes | Head SHA: 4756f5a0e
docs/audit/V5_CONSOLIDATION_VALIDATION.md,Governance & Contract Policy,Agent Operating Laws,Active,docs/control_plane/*,4756f5a0e,Size: 1389 bytes | Head SHA: 4756f5a0e
docs/audits/system3_quant_lifecycle/sessions/20260816T123000Z/00_EXECUTIVE_VERDICT.md,Governance & Contract Policy,Agent Operating Laws,Active,docs/control_plane/*,4756f5a0e,Size: 2732 bytes | Head SHA: 4756f5a0e
docs/audits/system3_quant_lifecycle/sessions/20260816T123000Z/00_INSTRUCTION_SOURCE.md,Governance & Contract Policy,Agent Operating Laws,Active,docs/control_plane/*,4756f5a0e,Size: 23085 bytes | Head SHA: 4756f5a0e
docs/audits/system3_quant_lifecycle/sessions/20260816T123000Z/00_MANIFEST.json,Governance & Contract Policy,Agent Operating Laws,Active,docs/control_plane/*,4756f5a0e,Size: 831 bytes | Head SHA: 4756f5a0e
docs/audits/system3_quant_lifecycle/sessions/20260816T123000Z/16_HANDOFF_TO_CHATGPT.md,Governance & Contract Policy,Agent Operating Laws,Active,docs/control_plane/*,4756f5a0e,Size: 2294 bytes | Head SHA: 4756f5a0e
docs/audits/system3_quant_lifecycle/sessions/20260816T123000Z/17_PARALLEL_AGENT_EXTRACTS.md,Governance & Contract Policy,Agent Operating Laws,Active,docs/control_plane/*,4756f5a0e,Size: 638 bytes | Head SHA: 4756f5a0e
docs/audits/system3_quant_lifecycle/sessions/20260816T123000Z/18_CURRENT_REMOTE_MAIN_REVALIDATION_ADDENDUM_20260816.md,Governance & Contract Policy,Agent Operating Laws,Active,docs/control_plane/*,4756f5a0e,Size: 5466 bytes | Head SHA: 4756f5a0e
docs/audits/system3_quant_lifecycle/sessions/20260816T123000Z/19_LIVE_DOCS_CROSSVERIFY_MATRIX_20260816.md,Governance & Contract Policy,Agent Operating Laws,Active,docs/control_plane/*,4756f5a0e,Size: 3051 bytes | Head SHA: 4756f5a0e
docs/audits/system3_quant_lifecycle/sessions/20260816T123000Z/Q1_DATA_FETCH_MASTER.md,Governance & Contract Policy,Agent Operating Laws,Active,docs/control_plane/*,4756f5a0e,Size: 3477 bytes | Head SHA: 4756f5a0e
docs/audits/system3_quant_lifecycle/sessions/20260816T123000Z/Q21_Q26_UI_TRUTH.md,Governance & Contract Policy,Agent Operating Laws,Active,docs/control_plane/*,4756f5a0e,Size: 2569 bytes | Head SHA: 4756f5a0e
docs/audits/system3_quant_lifecycle/sessions/20260816T123000Z/STAGE_STATUS_SCORECARD.csv,Governance & Contract Policy,Agent Operating Laws,Active,docs/control_plane/*,4756f5a0e,Size: 1285 bytes | Head SHA: 4756f5a0e
docs/audits/system3_quant_lifecycle/sessions/20260816T123000Z/supporting/accuracy_trend.json,Governance & Contract Policy,Agent Operating Laws,Active,docs/control_plane/*,4756f5a0e,Size: 270 bytes | Head SHA: 4756f5a0e
docs/audits/system3_quant_lifecycle/sessions/20260816T123000Z/supporting/agent_Q1_Q3_data_paths.md,Governance & Contract Policy,Agent Operating Laws,Active,docs/control_plane/*,4756f5a0e,Size: 20990 bytes | Head SHA: 4756f5a0e
docs/audits/system3_quant_lifecycle/sessions/20260816T123000Z/supporting/agent_Q21_Q26_ui_charts.md,Governance & Contract Policy,Agent Operating Laws,Active,docs/control_plane/*,4756f5a0e,Size: 10912 bytes | Head SHA: 4756f5a0e
docs/audits/system3_quant_lifecycle/sessions/20260816T123000Z/supporting/auth_status.json,Governance & Contract Policy,Agent Operating Laws,Active,docs/control_plane/*,4756f5a0e,Size: 130 bytes | Head SHA: 4756f5a0e
docs/audits/system3_quant_lifecycle/sessions/20260816T123000Z/supporting/gain_rank.json,Governance & Contract Policy,Agent Operating Laws,Active,docs/control_plane/*,4756f5a0e,Size: 43279 bytes | Head SHA: 4756f5a0e
docs/audits/system3_quant_lifecycle/sessions/20260816T123000Z/supporting/state.json,Governance & Contract Policy,Agent Operating Laws,Active,docs/control_plane/*,4756f5a0e,Size: 3741 bytes | Head SHA: 4756f5a0e
docs/audits/system3_quant_lifecycle/sessions/20260816T123000Z/supporting/system_health.json,Governance & Contract Policy,Agent Operating Laws,Active,docs/control_plane/*,4756f5a0e,Size: 4327 bytes | Head SHA: 4756f5a0e
docs/authority/AGENT_ACCESS_AND_AUTONOMY_GUIDE.md,Governance & Contract Policy,Agent Operating Laws,Active,docs/control_plane/*,4756f5a0e,Size: 6760 bytes | Head SHA: 4756f5a0e
docs/authority/AUTONOMOUS_OPERATIONS_POLICY.md,Governance & Contract Policy,Agent Operating Laws,Active,docs/control_plane/*,4756f5a0e,Size: 9005 bytes | Head SHA: 4756f5a0e
docs/authority/LIVE_UI_PROOF_QUICK_RULE.md,Governance & Contract Policy,Agent Operating Laws,Active,docs/control_plane/*,4756f5a0e,Size: 960 bytes | Head SHA: 4756f5a0e
docs/authority/PRODUCTION_AUTHORITY_MATRIX.md,Governance & Contract Policy,Agent Operating Laws,Active,docs/control_plane/*,4756f5a0e,Size: 3247 bytes | Head SHA: 4756f5a0e
docs/authority/RENDER_HOSTING_FORBIDDEN.md,Governance & Contract Policy,Agent Operating Laws,Active,docs/control_plane/*,4756f5a0e,Size: 2024 bytes | Head SHA: 4756f5a0e
docs/authority/RUHI_19_POINT_FAILURE_MATRIX.md,Governance & Contract Policy,Agent Operating Laws,Active,docs/control_plane/*,4756f5a0e,Size: 8812 bytes | Head SHA: 4756f5a0e
docs/authority/RUHI_ACCESS_PROVIDER_BLOCKER_CONTRACT.md,Governance & Contract Policy,Agent Operating Laws,Active,docs/control_plane/*,4756f5a0e,Size: 7644 bytes | Head SHA: 4756f5a0e
docs/authority/RUHI_DASHBOARD_OUTCOME_CONTRACT.md,Governance & Contract Policy,Agent Operating Laws,Active,docs/control_plane/*,4756f5a0e,Size: 4593 bytes | Head SHA: 4756f5a0e
docs/authority/SYSTEM3_ULTRA_MRI_CONTROL_PLANE.md,Governance & Contract Policy,Agent Operating Laws,Active,docs/control_plane/*,4756f5a0e,Size: 4033 bytes | Head SHA: 4756f5a0e
docs/authority/TEMPORAL_TRUTH_AND_LIVE_EVIDENCE_POLICY.md,Governance & Contract Policy,Agent Operating Laws,Active,docs/control_plane/*,4756f5a0e,Size: 9326 bytes | Head SHA: 4756f5a0e
docs/authority/USER_ACTION_AUTONOMY_SPEED_POLICY.md,Governance & Contract Policy,Agent Operating Laws,Active,docs/control_plane/*,4756f5a0e,Size: 14063 bytes | Head SHA: 4756f5a0e
docs/chatgpt_instruction_for_cursar_2.md,Governance & Contract Policy,Agent Operating Laws,Active,docs/control_plane/*,4756f5a0e,Size: 23085 bytes | Head SHA: 4756f5a0e
docs/ci_truth/CI_TRUTH_CLEANUP.md,Governance & Contract Policy,Agent Operating Laws,Active,docs/control_plane/*,4756f5a0e,Size: 809 bytes | Head SHA: 4756f5a0e
docs/control_plane/SYSTEM3_AGENT_FAILOVER_AND_NO_IDLE.md,Governance & Contract Policy,Agent Operating Laws,Active,docs/control_plane/*,4756f5a0e,Size: 4779 bytes | Head SHA: 4756f5a0e
docs/control_plane/SYSTEM3_AGENT_RUNBOOK.md,Governance & Contract Policy,Agent Operating Laws,Active,docs/control_plane/*,4756f5a0e,Size: 94444 bytes | Head SHA: 4756f5a0e
docs/control_plane/SYSTEM3_CURRENT_RUNTIME_TRUTH.md,Governance & Contract Policy,Agent Operating Laws,Active,docs/control_plane/*,4756f5a0e,Size: 3891 bytes | Head SHA: 4756f5a0e
docs/control_plane/SYSTEM3_DOCUMENTATION_CONTROL_PLANE.md,Governance & Contract Policy,Agent Operating Laws,Active,docs/control_plane/*,4756f5a0e,Size: 4901 bytes | Head SHA: 4756f5a0e
docs/control_plane/SYSTEM3_EXTERNAL_SSOT_PROPOSAL_DECISION.md,Governance & Contract Policy,Agent Operating Laws,Active,docs/control_plane/*,4756f5a0e,Size: 4765 bytes | Head SHA: 4756f5a0e
docs/control_plane/SYSTEM3_SIGNAL_TO_TRADE_CONTROL.md,Governance & Contract Policy,Agent Operating Laws,Active,docs/control_plane/*,4756f5a0e,Size: 3581 bytes | Head SHA: 4756f5a0e
docs/cursor_agent_batch4_instructions.md,Governance & Contract Policy,Agent Operating Laws,Active,docs/control_plane/*,4756f5a0e,Size: 13902 bytes | Head SHA: 4756f5a0e
docs/deep_analysis_verification_results.json,Governance & Contract Policy,Agent Operating Laws,Active,docs/control_plane/*,4756f5a0e,Size: 1617 bytes | Head SHA: 4756f5a0e
docs/evidence/SYSTEM3_STREAMING_INTELLIGENCE_EVIDENCE_20260829T082000Z.md,Governance & Contract Policy,Agent Operating Laws,Active,docs/control_plane/*,4756f5a0e,Size: 10977 bytes | Head SHA: 4756f5a0e
docs/evidence/SYSTEM3_STREAMING_INTELLIGENCE_EVIDENCE_CORRECTED_20260829T083000Z.md,Governance & Contract Policy,Agent Operating Laws,Active,docs/control_plane/*,4756f5a0e,Size: 8257 bytes | Head SHA: 4756f5a0e
docs/gemini-code-1786899974029.md,Governance & Contract Policy,Agent Operating Laws,Active,docs/control_plane/*,4756f5a0e,Size: 4056 bytes | Head SHA: 4756f5a0e
docs/handoffs/AGENT_COMMAND_CENTER.md,Governance & Contract Policy,Agent Operating Laws,Active,docs/control_plane/*,4756f5a0e,Size: 1024 bytes | Head SHA: 4756f5a0e
docs/handoffs/CANONICAL_LAPTOP_REPO_PATH.md,Governance & Contract Policy,Agent Operating Laws,Active,docs/control_plane/*,4756f5a0e,Size: 678 bytes | Head SHA: 4756f5a0e
docs/handoffs/CURSOR_TO_CHATGPT_PATH_INDEX.md,Governance & Contract Policy,Agent Operating Laws,Active,docs/control_plane/*,4756f5a0e,Size: 4344 bytes | Head SHA: 4756f5a0e
docs/handoffs/CURSOR_TO_CHATGPT_W1.md,Governance & Contract Policy,Agent Operating Laws,Active,docs/control_plane/*,4756f5a0e,Size: 1437 bytes | Head SHA: 4756f5a0e
docs/handoffs/CURSOR_TO_CHATGPT_W4.md,Governance & Contract Policy,Agent Operating Laws,Active,docs/control_plane/*,4756f5a0e,Size: 1378 bytes | Head SHA: 4756f5a0e
docs/handoffs/LIVE_PRIORITY_URLS.md,Governance & Contract Policy,Agent Operating Laws,Active,docs/control_plane/*,4756f5a0e,Size: 3200 bytes | Head SHA: 4756f5a0e
docs/handoffs/LIVE_PROOF_CENTER.md,Governance & Contract Policy,Agent Operating Laws,Active,docs/control_plane/*,4756f5a0e,Size: 1490 bytes | Head SHA: 4756f5a0e
docs/handoffs/LIVE_PROOF_CENTER_RUNBOOK.md,Governance & Contract Policy,Agent Operating Laws,Active,docs/control_plane/*,4756f5a0e,Size: 1237 bytes | Head SHA: 4756f5a0e
docs/handoffs/MULTI_AI_COORDINATION_LIVE.md,Governance & Contract Policy,Agent Operating Laws,Active,docs/control_plane/*,4756f5a0e,Size: 10246 bytes | Head SHA: 4756f5a0e
docs/handoffs/RHUI_V2.2_MATERIAL_CHANGE.md,Governance & Contract Policy,Agent Operating Laws,Active,docs/control_plane/*,4756f5a0e,Size: 3498 bytes | Head SHA: 4756f5a0e
docs/handoffs/RUHI_B002_CURSOR_STATUS.md,Governance & Contract Policy,Agent Operating Laws,Active,docs/control_plane/*,4756f5a0e,Size: 5125 bytes | Head SHA: 4756f5a0e
docs/handoffs/SESSION_ISSUES_MASTER.md,Governance & Contract Policy,Agent Operating Laws,Active,docs/control_plane/*,4756f5a0e,Size: 6794 bytes | Head SHA: 4756f5a0e
docs/handoffs/SYSTEM3_MASTER_AUTOMATION_RUNBOOK.md,Governance & Contract Policy,Agent Operating Laws,Active,docs/control_plane/*,4756f5a0e,Size: 5344 bytes | Head SHA: 4756f5a0e
docs/multi_verification_results.json,Governance & Contract Policy,Agent Operating Laws,Active,docs/control_plane/*,4756f5a0e,Size: 2509 bytes | Head SHA: 4756f5a0e
docs/onboarding/SYSTEM3_DIAGNOSTIC_REPORT.md,Governance & Contract Policy,Agent Operating Laws,Active,docs/control_plane/*,4756f5a0e,Size: 10303 bytes | Head SHA: 4756f5a0e
docs/onboarding/SYSTEM3_NEW_USER_ALL_USE_CASES.csv,Governance & Contract Policy,Agent Operating Laws,Active,docs/control_plane/*,4756f5a0e,Size: 32318 bytes | Head SHA: 4756f5a0e
docs/onboarding/update_guide_pptx.py,Governance & Contract Policy,Agent Operating Laws,Active,docs/control_plane/*,4756f5a0e,Size: 3308 bytes | Head SHA: 4756f5a0e
docs/premarket_health_check_20251204.json,Governance & Contract Policy,Agent Operating Laws,Active,docs/control_plane/*,4756f5a0e,Size: 1442 bytes | Head SHA: 4756f5a0e
docs/project_audit/chatgpt_access_probe_20260607.md,Governance & Contract Policy,Agent Operating Laws,Active,docs/control_plane/*,4756f5a0e,Size: 525 bytes | Head SHA: 4756f5a0e
docs/project_control/ASYNC_PROOF_TRIGGER.md,Governance & Contract Policy,Agent Operating Laws,Active,docs/control_plane/*,4756f5a0e,Size: 359 bytes | Head SHA: 4756f5a0e
docs/project_control/CLEANUP_POLICY.md,Governance & Contract Policy,Agent Operating Laws,Active,docs/control_plane/*,4756f5a0e,Size: 3722 bytes | Head SHA: 4756f5a0e
docs/project_control/GLOBAL_CONTROL_PLANE_STRUCTURE_20260616.md,Governance & Contract Policy,Agent Operating Laws,Active,docs/control_plane/*,4756f5a0e,Size: 4254 bytes | Head SHA: 4756f5a0e
docs/project_control/MASTER_PROOF_CONTROL_PLANE_TRIGGER.md,Governance & Contract Policy,Agent Operating Laws,Active,docs/control_plane/*,4756f5a0e,Size: 288 bytes | Head SHA: 4756f5a0e
docs/project_control/PREDICTION_WORLD_CLASS_BENCHMARK_POLICY.md,Governance & Contract Policy,Agent Operating Laws,Active,docs/control_plane/*,4756f5a0e,Size: 10649 bytes | Head SHA: 4756f5a0e
docs/project_control/PREDICTION_WORLD_CLASS_IMPLEMENTATION_BACKLOG.md,Governance & Contract Policy,Agent Operating Laws,Active,docs/control_plane/*,4756f5a0e,Size: 5310 bytes | Head SHA: 4756f5a0e
docs/project_control/PRODUCTION_GRADE_BLOCKER_MATRIX.md,Governance & Contract Policy,Agent Operating Laws,Active,docs/control_plane/*,4756f5a0e,Size: 3684 bytes | Head SHA: 4756f5a0e
docs/project_control/REPO_CLEANUP_MANIFEST_20260616.md,Governance & Contract Policy,Agent Operating Laws,Active,docs/control_plane/*,4756f5a0e,Size: 5417 bytes | Head SHA: 4756f5a0e
docs/project_control/REPO_CLEAN_FORENSIC_TOOLKIT.md,Governance & Contract Policy,Agent Operating Laws,Active,docs/control_plane/*,4756f5a0e,Size: 7580 bytes | Head SHA: 4756f5a0e
docs/project_control/SYSTEM3_CURRENT_CONTROL_PLANE.md,Governance & Contract Policy,Agent Operating Laws,Active,docs/control_plane/*,4756f5a0e,Size: 3330 bytes | Head SHA: 4756f5a0e
docs/project_control/SYSTEM3_MASTER_GOAL_LOCK.md,Governance & Contract Policy,Agent Operating Laws,Active,docs/control_plane/*,4756f5a0e,Size: 6280 bytes | Head SHA: 4756f5a0e
docs/project_control/SYSTEM3_MASTER_STATUS.md,Governance & Contract Policy,Agent Operating Laws,Active,docs/control_plane/*,4756f5a0e,Size: 1708 bytes | Head SHA: 4756f5a0e
docs/project_control/SYSTEM3_USER_SELECTABLE_SOLUTION_MATRIX.md,Governance & Contract Policy,Agent Operating Laws,Active,docs/control_plane/*,4756f5a0e,Size: 12470 bytes | Head SHA: 4756f5a0e
docs/runtime/AUTHORITATIVE_RUNTIME_AND_DATA_MAP.md,Governance & Contract Policy,Agent Operating Laws,Active,docs/control_plane/*,4756f5a0e,Size: 5649 bytes | Head SHA: 4756f5a0e
docs/security/SEC1_NPM_AUDIT_REMEDIATION_20260816.md,Governance & Contract Policy,Agent Operating Laws,Active,docs/control_plane/*,4756f5a0e,Size: 1141 bytes | Head SHA: 4756f5a0e
docs/system3_20251203_analysis.json,Governance & Contract Policy,Agent Operating Laws,Active,docs/control_plane/*,4756f5a0e,Size: 12306 bytes | Head SHA: 4756f5a0e
docs/system3_20251203_analysis_report.md,Governance & Contract Policy,Agent Operating Laws,Active,docs/control_plane/*,4756f5a0e,Size: 11834 bytes | Head SHA: 4756f5a0e
docs/system3_20251203_autorun_timeline.md,Governance & Contract Policy,Agent Operating Laws,Active,docs/control_plane/*,4756f5a0e,Size: 7366 bytes | Head SHA: 4756f5a0e
docs/system3_20251203_health_and_safety_report.md,Governance & Contract Policy,Agent Operating Laws,Active,docs/control_plane/*,4756f5a0e,Size: 15458 bytes | Head SHA: 4756f5a0e
docs/system3_20251203_signals_summary.md,Governance & Contract Policy,Agent Operating Laws,Active,docs/control_plane/*,4756f5a0e,Size: 5831 bytes | Head SHA: 4756f5a0e
docs/system3_auto_test_generator_fix.md,Governance & Contract Policy,Agent Operating Laws,Active,docs/control_plane/*,4756f5a0e,Size: 3735 bytes | Head SHA: 4756f5a0e
docs/system3_auto_test_generator_fix_verification.md,Governance & Contract Policy,Agent Operating Laws,Active,docs/control_plane/*,4756f5a0e,Size: 2682 bytes | Head SHA: 4756f5a0e
docs/system3_auto_test_generator_function_call_fix.md,Governance & Contract Policy,Agent Operating Laws,Active,docs/control_plane/*,4756f5a0e,Size: 2509 bytes | Head SHA: 4756f5a0e
docs/system3_auto_test_generator_summary.md,Governance & Contract Policy,Agent Operating Laws,Active,docs/control_plane/*,4756f5a0e,Size: 7354 bytes | Head SHA: 4756f5a0e
docs/system3_auto_test_generator_usage.md,Governance & Contract Policy,Agent Operating Laws,Active,docs/control_plane/*,4756f5a0e,Size: 3320 bytes | Head SHA: 4756f5a0e
docs/system3_autophase_engine_execution_summary.md,Governance & Contract Policy,Agent Operating Laws,Active,docs/control_plane/*,4756f5a0e,Size: 5800 bytes | Head SHA: 4756f5a0e
docs/system3_autophase_engine_final_analysis.md,Governance & Contract Policy,Agent Operating Laws,Active,docs/control_plane/*,4756f5a0e,Size: 6659 bytes | Head SHA: 4756f5a0e
docs/system3_autophase_engine_final_status.md,Governance & Contract Policy,Agent Operating Laws,Active,docs/control_plane/*,4756f5a0e,Size: 7083 bytes | Head SHA: 4756f5a0e
docs/system3_autorun_complete_analysis_report.md,Governance & Contract Policy,Agent Operating Laws,Active,docs/control_plane/*,4756f5a0e,Size: 10324 bytes | Head SHA: 4756f5a0e
docs/system3_autorun_fix_confirmation.md,Governance & Contract Policy,Agent Operating Laws,Active,docs/control_plane/*,4756f5a0e,Size: 2949 bytes | Head SHA: 4756f5a0e
docs/system3_autorun_implementation_summary.md,Governance & Contract Policy,Agent Operating Laws,Active,docs/control_plane/*,4756f5a0e,Size: 6923 bytes | Head SHA: 4756f5a0e
docs/system3_autorun_performance_analysis.md,Governance & Contract Policy,Agent Operating Laws,Active,docs/control_plane/*,4756f5a0e,Size: 9639 bytes | Head SHA: 4756f5a0e
docs/system3_autorun_ready_checklist.md,Governance & Contract Policy,Agent Operating Laws,Active,docs/control_plane/*,4756f5a0e,Size: 850 bytes | Head SHA: 4756f5a0e
docs/system3_autorun_restart_instructions.md,Governance & Contract Policy,Agent Operating Laws,Active,docs/control_plane/*,4756f5a0e,Size: 2708 bytes | Head SHA: 4756f5a0e
docs/system3_autorun_setup_guide.md,Governance & Contract Policy,Agent Operating Laws,Active,docs/control_plane/*,4756f5a0e,Size: 6756 bytes | Head SHA: 4756f5a0e
docs/system3_autorun_test_results.md,Governance & Contract Policy,Agent Operating Laws,Active,docs/control_plane/*,4756f5a0e,Size: 5472 bytes | Head SHA: 4756f5a0e
docs/system3_baseline_freeze.md,Governance & Contract Policy,Agent Operating Laws,Active,docs/control_plane/*,4756f5a0e,Size: 1325 bytes | Head SHA: 4756f5a0e
docs/system3_baseline_freeze_v2.md,Governance & Contract Policy,Agent Operating Laws,Active,docs/control_plane/*,4756f5a0e,Size: 2429 bytes | Head SHA: 4756f5a0e
docs/system3_batch3_completion.md,Governance & Contract Policy,Agent Operating Laws,Active,docs/control_plane/*,4756f5a0e,Size: 6859 bytes | Head SHA: 4756f5a0e
docs/system3_batch4_completion.md,Governance & Contract Policy,Agent Operating Laws,Active,docs/control_plane/*,4756f5a0e,Size: 5412 bytes | Head SHA: 4756f5a0e
docs/system3_complete_architecture.md,Governance & Contract Policy,Agent Operating Laws,Active,docs/control_plane/*,4756f5a0e,Size: 14620 bytes | Head SHA: 4756f5a0e
docs/system3_complete_phase_status.md,Governance & Contract Policy,Agent Operating Laws,Active,docs/control_plane/*,4756f5a0e,Size: 4908 bytes | Head SHA: 4756f5a0e
docs/system3_directory_tree.md,Governance & Contract Policy,Agent Operating Laws,Active,docs/control_plane/*,4756f5a0e,Size: 7703 bytes | Head SHA: 4756f5a0e
docs/system3_environment_overview.md,Governance & Contract Policy,Agent Operating Laws,Active,docs/control_plane/*,4756f5a0e,Size: 5369 bytes | Head SHA: 4756f5a0e
docs/system3_full_validation_master.md,Governance & Contract Policy,Agent Operating Laws,Active,docs/control_plane/*,4756f5a0e,Size: 8838 bytes | Head SHA: 4756f5a0e
docs/system3_geni_master_COMPLETE.md,Governance & Contract Policy,Agent Operating Laws,Active,docs/control_plane/*,4756f5a0e,Size: 6318 bytes | Head SHA: 4756f5a0e
docs/system3_geni_master_FINAL_STATUS.md,Governance & Contract Policy,Agent Operating Laws,Active,docs/control_plane/*,4756f5a0e,Size: 7971 bytes | Head SHA: 4756f5a0e
docs/system3_geni_master_FINAL_VERIFICATION.md,Governance & Contract Policy,Agent Operating Laws,Active,docs/control_plane/*,4756f5a0e,Size: 4412 bytes | Head SHA: 4756f5a0e
docs/system3_geni_master_JSON_ANALYSIS.md,Governance & Contract Policy,Agent Operating Laws,Active,docs/control_plane/*,4756f5a0e,Size: 5062 bytes | Head SHA: 4756f5a0e
docs/system3_geni_master_QUICK_START.md,Governance & Contract Policy,Agent Operating Laws,Active,docs/control_plane/*,4756f5a0e,Size: 2480 bytes | Head SHA: 4756f5a0e
docs/system3_geni_master_implementation_complete.md,Governance & Contract Policy,Agent Operating Laws,Active,docs/control_plane/*,4756f5a0e,Size: 6314 bytes | Head SHA: 4756f5a0e
docs/system3_geni_master_overview.md,Governance & Contract Policy,Agent Operating Laws,Active,docs/control_plane/*,4756f5a0e,Size: 6381 bytes | Head SHA: 4756f5a0e
docs/system3_geni_master_verification_results.md,Governance & Contract Policy,Agent Operating Laws,Active,docs/control_plane/*,4756f5a0e,Size: 4083 bytes | Head SHA: 4756f5a0e
docs/system3_geni_ultra_master_agent_plan.md,Governance & Contract Policy,Agent Operating Laws,Active,docs/control_plane/*,4756f5a0e,Size: 11609 bytes | Head SHA: 4756f5a0e
docs/system3_history_cleaner_FINAL_QC.md,Governance & Contract Policy,Agent Operating Laws,Active,docs/control_plane/*,4756f5a0e,Size: 3425 bytes | Head SHA: 4756f5a0e
docs/system3_live_day_autopilot_README.md,Governance & Contract Policy,Agent Operating Laws,Active,docs/control_plane/*,4756f5a0e,Size: 8773 bytes | Head SHA: 4756f5a0e
docs/system3_market_hours_analysis_20251202.md,Governance & Contract Policy,Agent Operating Laws,Active,docs/control_plane/*,4756f5a0e,Size: 8034 bytes | Head SHA: 4756f5a0e
docs/system3_missing_phases_final_report.md,Governance & Contract Policy,Agent Operating Laws,Active,docs/control_plane/*,4756f5a0e,Size: 4730 bytes | Head SHA: 4756f5a0e
docs/system3_missing_phases_micro_investigation.md,Governance & Contract Policy,Agent Operating Laws,Active,docs/control_plane/*,4756f5a0e,Size: 5716 bytes | Head SHA: 4756f5a0e
docs/system3_monday_readiness.md,Governance & Contract Policy,Agent Operating Laws,Active,docs/control_plane/*,4756f5a0e,Size: 5261 bytes | Head SHA: 4756f5a0e
docs/system3_operational_master_playbook.md,Governance & Contract Policy,Agent Operating Laws,Active,docs/control_plane/*,4756f5a0e,Size: 11192 bytes | Head SHA: 4756f5a0e
docs/system3_phase1_real_market_prep.md,Governance & Contract Policy,Agent Operating Laws,Active,docs/control_plane/*,4756f5a0e,Size: 4363 bytes | Head SHA: 4756f5a0e
docs/system3_phase2_real_learning_cycle.md,Governance & Contract Policy,Agent Operating Laws,Active,docs/control_plane/*,4756f5a0e,Size: 5120 bytes | Head SHA: 4756f5a0e
docs/system3_phase3_outcome_logger_misfire.md,Governance & Contract Policy,Agent Operating Laws,Active,docs/control_plane/*,4756f5a0e,Size: 5025 bytes | Head SHA: 4756f5a0e
docs/system3_phase4_suggestion_optimization.md,Governance & Contract Policy,Agent Operating Laws,Active,docs/control_plane/*,4756f5a0e,Size: 5940 bytes | Head SHA: 4756f5a0e
docs/system3_phase5_blended_preparation.md,Governance & Contract Policy,Agent Operating Laws,Active,docs/control_plane/*,4756f5a0e,Size: 4797 bytes | Head SHA: 4756f5a0e
docs/system3_phase6_ultra_observability.md,Governance & Contract Policy,Agent Operating Laws,Active,docs/control_plane/*,4756f5a0e,Size: 6585 bytes | Head SHA: 4756f5a0e
docs/system3_phase7_9_next_steps_for_cursor_agent.md,Governance & Contract Policy,Agent Operating Laws,Active,docs/control_plane/*,4756f5a0e,Size: 10870 bytes | Head SHA: 4756f5a0e
docs/system3_phase_231_fix_implementation_notes.md,Governance & Contract Policy,Agent Operating Laws,Active,docs/control_plane/*,4756f5a0e,Size: 7749 bytes | Head SHA: 4756f5a0e
docs/system3_phase_231_fix_success_report.md,Governance & Contract Policy,Agent Operating Laws,Active,docs/control_plane/*,4756f5a0e,Size: 6456 bytes | Head SHA: 4756f5a0e
docs/system3_phase_231_verification_summary.md,Governance & Contract Policy,Agent Operating Laws,Active,docs/control_plane/*,4756f5a0e,Size: 3223 bytes | Head SHA: 4756f5a0e
docs/system3_phase_301_spec.md,Governance & Contract Policy,Agent Operating Laws,Active,docs/control_plane/*,4756f5a0e,Size: 1479 bytes | Head SHA: 4756f5a0e
docs/system3_phase_302_spec.md,Governance & Contract Policy,Agent Operating Laws,Active,docs/control_plane/*,4756f5a0e,Size: 1474 bytes | Head SHA: 4756f5a0e
docs/system3_phase_303_spec.md,Governance & Contract Policy,Agent Operating Laws,Active,docs/control_plane/*,4756f5a0e,Size: 1469 bytes | Head SHA: 4756f5a0e
docs/system3_phase_304_spec.md,Governance & Contract Policy,Agent Operating Laws,Active,docs/control_plane/*,4756f5a0e,Size: 1464 bytes | Head SHA: 4756f5a0e
docs/system3_phase_305_spec.md,Governance & Contract Policy,Agent Operating Laws,Active,docs/control_plane/*,4756f5a0e,Size: 1459 bytes | Head SHA: 4756f5a0e
docs/system3_phase_306_spec.md,Governance & Contract Policy,Agent Operating Laws,Active,docs/control_plane/*,4756f5a0e,Size: 1456 bytes | Head SHA: 4756f5a0e
docs/system3_phase_307_spec.md,Governance & Contract Policy,Agent Operating Laws,Active,docs/control_plane/*,4756f5a0e,Size: 1456 bytes | Head SHA: 4756f5a0e
docs/system3_phase_308_spec.md,Governance & Contract Policy,Agent Operating Laws,Active,docs/control_plane/*,4756f5a0e,Size: 1456 bytes | Head SHA: 4756f5a0e
docs/system3_phase_309_spec.md,Governance & Contract Policy,Agent Operating Laws,Active,docs/control_plane/*,4756f5a0e,Size: 1456 bytes | Head SHA: 4756f5a0e
docs/system3_phase_310_spec.md,Governance & Contract Policy,Agent Operating Laws,Active,docs/control_plane/*,4756f5a0e,Size: 1456 bytes | Head SHA: 4756f5a0e
docs/system3_phase_311_spec.md,Governance & Contract Policy,Agent Operating Laws,Active,docs/control_plane/*,4756f5a0e,Size: 1456 bytes | Head SHA: 4756f5a0e
docs/system3_phase_312_spec.md,Governance & Contract Policy,Agent Operating Laws,Active,docs/control_plane/*,4756f5a0e,Size: 1456 bytes | Head SHA: 4756f5a0e
docs/system3_phase_313_spec.md,Governance & Contract Policy,Agent Operating Laws,Active,docs/control_plane/*,4756f5a0e,Size: 1456 bytes | Head SHA: 4756f5a0e
docs/system3_phase_314_spec.md,Governance & Contract Policy,Agent Operating Laws,Active,docs/control_plane/*,4756f5a0e,Size: 1456 bytes | Head SHA: 4756f5a0e
docs/system3_phase_315_spec.md,Governance & Contract Policy,Agent Operating Laws,Active,docs/control_plane/*,4756f5a0e,Size: 1456 bytes | Head SHA: 4756f5a0e
docs/system3_phase_316_spec.md,Governance & Contract Policy,Agent Operating Laws,Active,docs/control_plane/*,4756f5a0e,Size: 1456 bytes | Head SHA: 4756f5a0e
docs/system3_phase_317_spec.md,Governance & Contract Policy,Agent Operating Laws,Active,docs/control_plane/*,4756f5a0e,Size: 1456 bytes | Head SHA: 4756f5a0e
docs/system3_phase_318_spec.md,Governance & Contract Policy,Agent Operating Laws,Active,docs/control_plane/*,4756f5a0e,Size: 1456 bytes | Head SHA: 4756f5a0e
docs/system3_phase_319_spec.md,Governance & Contract Policy,Agent Operating Laws,Active,docs/control_plane/*,4756f5a0e,Size: 1456 bytes | Head SHA: 4756f5a0e
docs/system3_phase_320_spec.md,Governance & Contract Policy,Agent Operating Laws,Active,docs/control_plane/*,4756f5a0e,Size: 1456 bytes | Head SHA: 4756f5a0e
docs/system3_phase_321_spec.md,Governance & Contract Policy,Agent Operating Laws,Active,docs/control_plane/*,4756f5a0e,Size: 1456 bytes | Head SHA: 4756f5a0e
docs/system3_phase_322_spec.md,Governance & Contract Policy,Agent Operating Laws,Active,docs/control_plane/*,4756f5a0e,Size: 1456 bytes | Head SHA: 4756f5a0e
docs/system3_phase_323_spec.md,Governance & Contract Policy,Agent Operating Laws,Active,docs/control_plane/*,4756f5a0e,Size: 1456 bytes | Head SHA: 4756f5a0e
docs/system3_phase_324_spec.md,Governance & Contract Policy,Agent Operating Laws,Active,docs/control_plane/*,4756f5a0e,Size: 1456 bytes | Head SHA: 4756f5a0e
docs/system3_phase_325_spec.md,Governance & Contract Policy,Agent Operating Laws,Active,docs/control_plane/*,4756f5a0e,Size: 1456 bytes | Head SHA: 4756f5a0e
docs/system3_phase_326_spec.md,Governance & Contract Policy,Agent Operating Laws,Active,docs/control_plane/*,4756f5a0e,Size: 1456 bytes | Head SHA: 4756f5a0e
docs/system3_phase_327_spec.md,Governance & Contract Policy,Agent Operating Laws,Active,docs/control_plane/*,4756f5a0e,Size: 1456 bytes | Head SHA: 4756f5a0e
docs/system3_phase_328_spec.md,Governance & Contract Policy,Agent Operating Laws,Active,docs/control_plane/*,4756f5a0e,Size: 1456 bytes | Head SHA: 4756f5a0e
docs/system3_phase_329_spec.md,Governance & Contract Policy,Agent Operating Laws,Active,docs/control_plane/*,4756f5a0e,Size: 1456 bytes | Head SHA: 4756f5a0e
docs/system3_phase_330_spec.md,Governance & Contract Policy,Agent Operating Laws,Active,docs/control_plane/*,4756f5a0e,Size: 1456 bytes | Head SHA: 4756f5a0e
docs/system3_phase_331_spec.md,Governance & Contract Policy,Agent Operating Laws,Active,docs/control_plane/*,4756f5a0e,Size: 1456 bytes | Head SHA: 4756f5a0e
docs/system3_phase_332_spec.md,Governance & Contract Policy,Agent Operating Laws,Active,docs/control_plane/*,4756f5a0e,Size: 1456 bytes | Head SHA: 4756f5a0e
docs/system3_phase_333_spec.md,Governance & Contract Policy,Agent Operating Laws,Active,docs/control_plane/*,4756f5a0e,Size: 1456 bytes | Head SHA: 4756f5a0e
docs/system3_phase_334_spec.md,Governance & Contract Policy,Agent Operating Laws,Active,docs/control_plane/*,4756f5a0e,Size: 1456 bytes | Head SHA: 4756f5a0e
docs/system3_phase_335_spec.md,Governance & Contract Policy,Agent Operating Laws,Active,docs/control_plane/*,4756f5a0e,Size: 1456 bytes | Head SHA: 4756f5a0e
docs/system3_phase_336_spec.md,Governance & Contract Policy,Agent Operating Laws,Active,docs/control_plane/*,4756f5a0e,Size: 1456 bytes | Head SHA: 4756f5a0e
docs/system3_phase_337_spec.md,Governance & Contract Policy,Agent Operating Laws,Active,docs/control_plane/*,4756f5a0e,Size: 1456 bytes | Head SHA: 4756f5a0e
docs/system3_phase_338_spec.md,Governance & Contract Policy,Agent Operating Laws,Active,docs/control_plane/*,4756f5a0e,Size: 1456 bytes | Head SHA: 4756f5a0e
docs/system3_phase_339_spec.md,Governance & Contract Policy,Agent Operating Laws,Active,docs/control_plane/*,4756f5a0e,Size: 1456 bytes | Head SHA: 4756f5a0e
docs/system3_phase_340_spec.md,Governance & Contract Policy,Agent Operating Laws,Active,docs/control_plane/*,4756f5a0e,Size: 1456 bytes | Head SHA: 4756f5a0e
docs/system3_phase_341_spec.md,Governance & Contract Policy,Agent Operating Laws,Active,docs/control_plane/*,4756f5a0e,Size: 1456 bytes | Head SHA: 4756f5a0e
docs/system3_phase_342_spec.md,Governance & Contract Policy,Agent Operating Laws,Active,docs/control_plane/*,4756f5a0e,Size: 1456 bytes | Head SHA: 4756f5a0e
docs/system3_phase_343_spec.md,Governance & Contract Policy,Agent Operating Laws,Active,docs/control_plane/*,4756f5a0e,Size: 1456 bytes | Head SHA: 4756f5a0e
docs/system3_phase_344_spec.md,Governance & Contract Policy,Agent Operating Laws,Active,docs/control_plane/*,4756f5a0e,Size: 1456 bytes | Head SHA: 4756f5a0e
docs/system3_phase_345_spec.md,Governance & Contract Policy,Agent Operating Laws,Active,docs/control_plane/*,4756f5a0e,Size: 1456 bytes | Head SHA: 4756f5a0e
docs/system3_phase_346_spec.md,Governance & Contract Policy,Agent Operating Laws,Active,docs/control_plane/*,4756f5a0e,Size: 1456 bytes | Head SHA: 4756f5a0e
docs/system3_phase_347_spec.md,Governance & Contract Policy,Agent Operating Laws,Active,docs/control_plane/*,4756f5a0e,Size: 1456 bytes | Head SHA: 4756f5a0e
docs/system3_phase_348_spec.md,Governance & Contract Policy,Agent Operating Laws,Active,docs/control_plane/*,4756f5a0e,Size: 1456 bytes | Head SHA: 4756f5a0e
docs/system3_phase_349_spec.md,Governance & Contract Policy,Agent Operating Laws,Active,docs/control_plane/*,4756f5a0e,Size: 1456 bytes | Head SHA: 4756f5a0e
docs/system3_phase_350_spec.md,Governance & Contract Policy,Agent Operating Laws,Active,docs/control_plane/*,4756f5a0e,Size: 1456 bytes | Head SHA: 4756f5a0e
docs/system3_phase_351_spec.md,Governance & Contract Policy,Agent Operating Laws,Active,docs/control_plane/*,4756f5a0e,Size: 1456 bytes | Head SHA: 4756f5a0e
docs/system3_phase_352_spec.md,Governance & Contract Policy,Agent Operating Laws,Active,docs/control_plane/*,4756f5a0e,Size: 1456 bytes | Head SHA: 4756f5a0e
docs/system3_phase_353_spec.md,Governance & Contract Policy,Agent Operating Laws,Active,docs/control_plane/*,4756f5a0e,Size: 1456 bytes | Head SHA: 4756f5a0e
docs/system3_phase_354_spec.md,Governance & Contract Policy,Agent Operating Laws,Active,docs/control_plane/*,4756f5a0e,Size: 1456 bytes | Head SHA: 4756f5a0e
docs/system3_phase_355_spec.md,Governance & Contract Policy,Agent Operating Laws,Active,docs/control_plane/*,4756f5a0e,Size: 1456 bytes | Head SHA: 4756f5a0e
docs/system3_phase_356_spec.md,Governance & Contract Policy,Agent Operating Laws,Active,docs/control_plane/*,4756f5a0e,Size: 1456 bytes | Head SHA: 4756f5a0e
docs/system3_phase_357_spec.md,Governance & Contract Policy,Agent Operating Laws,Active,docs/control_plane/*,4756f5a0e,Size: 1456 bytes | Head SHA: 4756f5a0e
docs/system3_phase_358_spec.md,Governance & Contract Policy,Agent Operating Laws,Active,docs/control_plane/*,4756f5a0e,Size: 1456 bytes | Head SHA: 4756f5a0e
docs/system3_phase_359_spec.md,Governance & Contract Policy,Agent Operating Laws,Active,docs/control_plane/*,4756f5a0e,Size: 1456 bytes | Head SHA: 4756f5a0e
docs/system3_phase_360_spec.md,Governance & Contract Policy,Agent Operating Laws,Active,docs/control_plane/*,4756f5a0e,Size: 1456 bytes | Head SHA: 4756f5a0e
docs/system3_phase_361_spec.md,Governance & Contract Policy,Agent Operating Laws,Active,docs/control_plane/*,4756f5a0e,Size: 1456 bytes | Head SHA: 4756f5a0e
docs/system3_phase_362_spec.md,Governance & Contract Policy,Agent Operating Laws,Active,docs/control_plane/*,4756f5a0e,Size: 1456 bytes | Head SHA: 4756f5a0e
docs/system3_phase_363_spec.md,Governance & Contract Policy,Agent Operating Laws,Active,docs/control_plane/*,4756f5a0e,Size: 1456 bytes | Head SHA: 4756f5a0e
docs/system3_phase_364_spec.md,Governance & Contract Policy,Agent Operating Laws,Active,docs/control_plane/*,4756f5a0e,Size: 1456 bytes | Head SHA: 4756f5a0e
docs/system3_phase_365_spec.md,Governance & Contract Policy,Agent Operating Laws,Active,docs/control_plane/*,4756f5a0e,Size: 1456 bytes | Head SHA: 4756f5a0e
docs/system3_phase_366_spec.md,Governance & Contract Policy,Agent Operating Laws,Active,docs/control_plane/*,4756f5a0e,Size: 1456 bytes | Head SHA: 4756f5a0e
docs/system3_phase_367_spec.md,Governance & Contract Policy,Agent Operating Laws,Active,docs/control_plane/*,4756f5a0e,Size: 1456 bytes | Head SHA: 4756f5a0e
docs/system3_phase_368_spec.md,Governance & Contract Policy,Agent Operating Laws,Active,docs/control_plane/*,4756f5a0e,Size: 1456 bytes | Head SHA: 4756f5a0e
docs/system3_phase_369_spec.md,Governance & Contract Policy,Agent Operating Laws,Active,docs/control_plane/*,4756f5a0e,Size: 1456 bytes | Head SHA: 4756f5a0e
docs/system3_phase_370_spec.md,Governance & Contract Policy,Agent Operating Laws,Active,docs/control_plane/*,4756f5a0e,Size: 1456 bytes | Head SHA: 4756f5a0e
docs/system3_phase_371_spec.md,Governance & Contract Policy,Agent Operating Laws,Active,docs/control_plane/*,4756f5a0e,Size: 1456 bytes | Head SHA: 4756f5a0e
docs/system3_phase_372_spec.md,Governance & Contract Policy,Agent Operating Laws,Active,docs/control_plane/*,4756f5a0e,Size: 1456 bytes | Head SHA: 4756f5a0e
docs/system3_phase_373_spec.md,Governance & Contract Policy,Agent Operating Laws,Active,docs/control_plane/*,4756f5a0e,Size: 1456 bytes | Head SHA: 4756f5a0e
docs/system3_phase_374_spec.md,Governance & Contract Policy,Agent Operating Laws,Active,docs/control_plane/*,4756f5a0e,Size: 1456 bytes | Head SHA: 4756f5a0e
docs/system3_phase_375_spec.md,Governance & Contract Policy,Agent Operating Laws,Active,docs/control_plane/*,4756f5a0e,Size: 1456 bytes | Head SHA: 4756f5a0e
docs/system3_phase_376_spec.md,Governance & Contract Policy,Agent Operating Laws,Active,docs/control_plane/*,4756f5a0e,Size: 1456 bytes | Head SHA: 4756f5a0e
docs/system3_phase_377_spec.md,Governance & Contract Policy,Agent Operating Laws,Active,docs/control_plane/*,4756f5a0e,Size: 1456 bytes | Head SHA: 4756f5a0e
docs/system3_phase_378_spec.md,Governance & Contract Policy,Agent Operating Laws,Active,docs/control_plane/*,4756f5a0e,Size: 1456 bytes | Head SHA: 4756f5a0e
docs/system3_phase_379_spec.md,Governance & Contract Policy,Agent Operating Laws,Active,docs/control_plane/*,4756f5a0e,Size: 1456 bytes | Head SHA: 4756f5a0e
docs/system3_phase_380_spec.md,Governance & Contract Policy,Agent Operating Laws,Active,docs/control_plane/*,4756f5a0e,Size: 1456 bytes | Head SHA: 4756f5a0e
docs/system3_phase_381_spec.md,Governance & Contract Policy,Agent Operating Laws,Active,docs/control_plane/*,4756f5a0e,Size: 1456 bytes | Head SHA: 4756f5a0e
docs/system3_phase_382_spec.md,Governance & Contract Policy,Agent Operating Laws,Active,docs/control_plane/*,4756f5a0e,Size: 1456 bytes | Head SHA: 4756f5a0e
docs/system3_phase_383_spec.md,Governance & Contract Policy,Agent Operating Laws,Active,docs/control_plane/*,4756f5a0e,Size: 1456 bytes | Head SHA: 4756f5a0e
docs/system3_phase_384_spec.md,Governance & Contract Policy,Agent Operating Laws,Active,docs/control_plane/*,4756f5a0e,Size: 1456 bytes | Head SHA: 4756f5a0e
docs/system3_phase_385_spec.md,Governance & Contract Policy,Agent Operating Laws,Active,docs/control_plane/*,4756f5a0e,Size: 1456 bytes | Head SHA: 4756f5a0e
docs/system3_phase_386_spec.md,Governance & Contract Policy,Agent Operating Laws,Active,docs/control_plane/*,4756f5a0e,Size: 1456 bytes | Head SHA: 4756f5a0e
docs/system3_phase_387_spec.md,Governance & Contract Policy,Agent Operating Laws,Active,docs/control_plane/*,4756f5a0e,Size: 1456 bytes | Head SHA: 4756f5a0e
docs/system3_phase_388_spec.md,Governance & Contract Policy,Agent Operating Laws,Active,docs/control_plane/*,4756f5a0e,Size: 1456 bytes | Head SHA: 4756f5a0e
docs/system3_phase_389_spec.md,Governance & Contract Policy,Agent Operating Laws,Active,docs/control_plane/*,4756f5a0e,Size: 1456 bytes | Head SHA: 4756f5a0e
docs/system3_phase_390_spec.md,Governance & Contract Policy,Agent Operating Laws,Active,docs/control_plane/*,4756f5a0e,Size: 1456 bytes | Head SHA: 4756f5a0e
docs/system3_phase_391_spec.md,Governance & Contract Policy,Agent Operating Laws,Active,docs/control_plane/*,4756f5a0e,Size: 1456 bytes | Head SHA: 4756f5a0e
docs/system3_phase_392_spec.md,Governance & Contract Policy,Agent Operating Laws,Active,docs/control_plane/*,4756f5a0e,Size: 1456 bytes | Head SHA: 4756f5a0e
docs/system3_phase_393_spec.md,Governance & Contract Policy,Agent Operating Laws,Active,docs/control_plane/*,4756f5a0e,Size: 1456 bytes | Head SHA: 4756f5a0e
docs/system3_phase_394_spec.md,Governance & Contract Policy,Agent Operating Laws,Active,docs/control_plane/*,4756f5a0e,Size: 1456 bytes | Head SHA: 4756f5a0e
docs/system3_phase_395_spec.md,Governance & Contract Policy,Agent Operating Laws,Active,docs/control_plane/*,4756f5a0e,Size: 1456 bytes | Head SHA: 4756f5a0e
docs/system3_phase_396_spec.md,Governance & Contract Policy,Agent Operating Laws,Active,docs/control_plane/*,4756f5a0e,Size: 1456 bytes | Head SHA: 4756f5a0e
docs/system3_phase_397_spec.md,Governance & Contract Policy,Agent Operating Laws,Active,docs/control_plane/*,4756f5a0e,Size: 1456 bytes | Head SHA: 4756f5a0e
docs/system3_phase_398_spec.md,Governance & Contract Policy,Agent Operating Laws,Active,docs/control_plane/*,4756f5a0e,Size: 1456 bytes | Head SHA: 4756f5a0e
docs/system3_phase_399_spec.md,Governance & Contract Policy,Agent Operating Laws,Active,docs/control_plane/*,4756f5a0e,Size: 1456 bytes | Head SHA: 4756f5a0e
docs/system3_phase_400_spec.md,Governance & Contract Policy,Agent Operating Laws,Active,docs/control_plane/*,4756f5a0e,Size: 1456 bytes | Head SHA: 4756f5a0e
docs/system3_phase_file_map.json,Governance & Contract Policy,Agent Operating Laws,Active,docs/control_plane/*,4756f5a0e,Size: 12671 bytes | Head SHA: 4756f5a0e
docs/system3_phase_file_map.md,Governance & Contract Policy,Agent Operating Laws,Active,docs/control_plane/*,4756f5a0e,Size: 9522 bytes | Head SHA: 4756f5a0e
docs/system3_phase_registry_analysis.md,Governance & Contract Policy,Agent Operating Laws,Active,docs/control_plane/*,4756f5a0e,Size: 4929 bytes | Head SHA: 4756f5a0e
docs/system3_phase_registry_complete_status.md,Governance & Contract Policy,Agent Operating Laws,Active,docs/control_plane/*,4756f5a0e,Size: 9057 bytes | Head SHA: 4756f5a0e
docs/system3_phase_registry_report.md,Governance & Contract Policy,Agent Operating Laws,Active,docs/control_plane/*,4756f5a0e,Size: 10931 bytes | Head SHA: 4756f5a0e
docs/system3_phases_101_130_analysis_and_review.md,Governance & Contract Policy,Agent Operating Laws,Active,docs/control_plane/*,4756f5a0e,Size: 19772 bytes | Head SHA: 4756f5a0e
docs/system3_phases_101_130_complete_output_analysis.md,Governance & Contract Policy,Agent Operating Laws,Active,docs/control_plane/*,4756f5a0e,Size: 10641 bytes | Head SHA: 4756f5a0e
docs/system3_phases_101_130_complete_test_results.md,Governance & Contract Policy,Agent Operating Laws,Active,docs/control_plane/*,4756f5a0e,Size: 7200 bytes | Head SHA: 4756f5a0e
docs/system3_phases_101_130_final_status.md,Governance & Contract Policy,Agent Operating Laws,Active,docs/control_plane/*,4756f5a0e,Size: 6742 bytes | Head SHA: 4756f5a0e
docs/system3_phases_101_130_final_test_results - Copy.md,Governance & Contract Policy,Agent Operating Laws,Active,docs/control_plane/*,4756f5a0e,Size: 7940 bytes | Head SHA: 4756f5a0e
docs/system3_phases_101_130_final_test_results.md,Governance & Contract Policy,Agent Operating Laws,Active,docs/control_plane/*,4756f5a0e,Size: 7940 bytes | Head SHA: 4756f5a0e
docs/system3_phases_101_130_implementation_summary.md,Governance & Contract Policy,Agent Operating Laws,Active,docs/control_plane/*,4756f5a0e,Size: 11975 bytes | Head SHA: 4756f5a0e
docs/system3_phases_101_130_test_results.md,Governance & Contract Policy,Agent Operating Laws,Active,docs/control_plane/*,4756f5a0e,Size: 5369 bytes | Head SHA: 4756f5a0e
docs/system3_phases_101_130_verification_checklist.md,Governance & Contract Policy,Agent Operating Laws,Active,docs/control_plane/*,4756f5a0e,Size: 5641 bytes | Head SHA: 4756f5a0e
docs/system3_phases_10_20_complete.md,Governance & Contract Policy,Agent Operating Laws,Active,docs/control_plane/*,4756f5a0e,Size: 5376 bytes | Head SHA: 4756f5a0e
docs/system3_phases_10_20_final_test_results.md,Governance & Contract Policy,Agent Operating Laws,Active,docs/control_plane/*,4756f5a0e,Size: 5837 bytes | Head SHA: 4756f5a0e
docs/system3_phases_10_20_foundation_complete.md,Governance & Contract Policy,Agent Operating Laws,Active,docs/control_plane/*,4756f5a0e,Size: 4786 bytes | Head SHA: 4756f5a0e
docs/system3_phases_10_20_implementation_plan.md,Governance & Contract Policy,Agent Operating Laws,Active,docs/control_plane/*,4756f5a0e,Size: 8942 bytes | Head SHA: 4756f5a0e
docs/system3_phases_10_20_test_results.md,Governance & Contract Policy,Agent Operating Laws,Active,docs/control_plane/*,4756f5a0e,Size: 9796 bytes | Head SHA: 4756f5a0e
docs/system3_phases_10_20_test_summary.md,Governance & Contract Policy,Agent Operating Laws,Active,docs/control_plane/*,4756f5a0e,Size: 3387 bytes | Head SHA: 4756f5a0e
docs/system3_phases_10_20_testing_guide.md,Governance & Contract Policy,Agent Operating Laws,Active,docs/control_plane/*,4756f5a0e,Size: 9872 bytes | Head SHA: 4756f5a0e
docs/system3_phases_10_20_validation_complete.md,Governance & Contract Policy,Agent Operating Laws,Active,docs/control_plane/*,4756f5a0e,Size: 11186 bytes | Head SHA: 4756f5a0e
docs/system3_phases_10_20_validation_confirmation.md,Governance & Contract Policy,Agent Operating Laws,Active,docs/control_plane/*,4756f5a0e,Size: 9999 bytes | Head SHA: 4756f5a0e
docs/system3_phases_10_20_validation_execution.md,Governance & Contract Policy,Agent Operating Laws,Active,docs/control_plane/*,4756f5a0e,Size: 9447 bytes | Head SHA: 4756f5a0e
docs/system3_phases_10_20_validation_report.md,Governance & Contract Policy,Agent Operating Laws,Active,docs/control_plane/*,4756f5a0e,Size: 8359 bytes | Head SHA: 4756f5a0e
docs/system3_phases_10_20_validation_summary.md,Governance & Contract Policy,Agent Operating Laws,Active,docs/control_plane/*,4756f5a0e,Size: 2324 bytes | Head SHA: 4756f5a0e
docs/system3_phases_10–20.md,Governance & Contract Policy,Agent Operating Laws,Active,docs/control_plane/*,4756f5a0e,Size: 18485 bytes | Head SHA: 4756f5a0e
docs/system3_phases_118_142_log_analysis_20251130_115908.md,Governance & Contract Policy,Agent Operating Laws,Active,docs/control_plane/*,4756f5a0e,Size: 13155 bytes | Head SHA: 4756f5a0e
docs/system3_phases_118_142_log_analysis_20251130_120443.md,Governance & Contract Policy,Agent Operating Laws,Active,docs/control_plane/*,4756f5a0e,Size: 15245 bytes | Head SHA: 4756f5a0e
docs/system3_phases_131_200_complete_analysis.md,Governance & Contract Policy,Agent Operating Laws,Active,docs/control_plane/*,4756f5a0e,Size: 11267 bytes | Head SHA: 4756f5a0e
docs/system3_phases_131_200_final_status.md,Governance & Contract Policy,Agent Operating Laws,Active,docs/control_plane/*,4756f5a0e,Size: 4541 bytes | Head SHA: 4756f5a0e
docs/system3_phases_131_200_final_validation_status.md,Governance & Contract Policy,Agent Operating Laws,Active,docs/control_plane/*,4756f5a0e,Size: 2693 bytes | Head SHA: 4756f5a0e
docs/system3_phases_131_200_implementation_status.md,Governance & Contract Policy,Agent Operating Laws,Active,docs/control_plane/*,4756f5a0e,Size: 7728 bytes | Head SHA: 4756f5a0e
docs/system3_phases_131_200_micro_analysis.md,Governance & Contract Policy,Agent Operating Laws,Active,docs/control_plane/*,4756f5a0e,Size: 8537 bytes | Head SHA: 4756f5a0e
docs/system3_phases_131_200_micro_analysis_summary.md,Governance & Contract Policy,Agent Operating Laws,Active,docs/control_plane/*,4756f5a0e,Size: 4389 bytes | Head SHA: 4756f5a0e
docs/system3_phases_131_200_validation_rerun_analysis.md,Governance & Contract Policy,Agent Operating Laws,Active,docs/control_plane/*,4756f5a0e,Size: 9707 bytes | Head SHA: 4756f5a0e
docs/system3_phases_131_200_validation_summary.md,Governance & Contract Policy,Agent Operating Laws,Active,docs/control_plane/*,4756f5a0e,Size: 1641 bytes | Head SHA: 4756f5a0e
docs/system3_phases_131_200_warnings_detailed_analysis.md,Governance & Contract Policy,Agent Operating Laws,Active,docs/control_plane/*,4756f5a0e,Size: 10968 bytes | Head SHA: 4756f5a0e
docs/system3_phases_131_200_warnings_summary.md,Governance & Contract Policy,Agent Operating Laws,Active,docs/control_plane/*,4756f5a0e,Size: 3691 bytes | Head SHA: 4756f5a0e
docs/system3_phases_201_230_complete_summary.md,Governance & Contract Policy,Agent Operating Laws,Active,docs/control_plane/*,4756f5a0e,Size: 4080 bytes | Head SHA: 4756f5a0e
docs/system3_phases_201_230_comprehensive_analysis.md,Governance & Contract Policy,Agent Operating Laws,Active,docs/control_plane/*,4756f5a0e,Size: 8516 bytes | Head SHA: 4756f5a0e
docs/system3_phases_201_230_final_status_report.md,Governance & Contract Policy,Agent Operating Laws,Active,docs/control_plane/*,4756f5a0e,Size: 9640 bytes | Head SHA: 4756f5a0e
docs/system3_phases_201_230_final_validation.md,Governance & Contract Policy,Agent Operating Laws,Active,docs/control_plane/*,4756f5a0e,Size: 2709 bytes | Head SHA: 4756f5a0e
docs/system3_phases_201_230_implementation_status.md,Governance & Contract Policy,Agent Operating Laws,Active,docs/control_plane/*,4756f5a0e,Size: 7064 bytes | Head SHA: 4756f5a0e
docs/system3_phases_201_230_implementation_summary.md,Governance & Contract Policy,Agent Operating Laws,Active,docs/control_plane/*,4756f5a0e,Size: 6646 bytes | Head SHA: 4756f5a0e
docs/system3_phases_201_230_output_files_analysis.md,Governance & Contract Policy,Agent Operating Laws,Active,docs/control_plane/*,4756f5a0e,Size: 12660 bytes | Head SHA: 4756f5a0e
docs/system3_phases_201_230_runtime_warnings_fixed.md,Governance & Contract Policy,Agent Operating Laws,Active,docs/control_plane/*,4756f5a0e,Size: 5312 bytes | Head SHA: 4756f5a0e
docs/system3_phases_201_230_validation_analysis.md,Governance & Contract Policy,Agent Operating Laws,Active,docs/control_plane/*,4756f5a0e,Size: 7626 bytes | Head SHA: 4756f5a0e
docs/system3_phases_201_230_validation_results.md,Governance & Contract Policy,Agent Operating Laws,Active,docs/control_plane/*,4756f5a0e,Size: 5606 bytes | Head SHA: 4756f5a0e
docs/system3_phases_201_230_warn_analysis.md,Governance & Contract Policy,Agent Operating Laws,Active,docs/control_plane/*,4756f5a0e,Size: 11221 bytes | Head SHA: 4756f5a0e
docs/system3_phases_201_300_ULTRA_GRANULAR.md,Governance & Contract Policy,Agent Operating Laws,Active,docs/control_plane/*,4756f5a0e,Size: 25457 bytes | Head SHA: 4756f5a0e
docs/system3_phases_21_30_complete.md,Governance & Contract Policy,Agent Operating Laws,Active,docs/control_plane/*,4756f5a0e,Size: 5498 bytes | Head SHA: 4756f5a0e
docs/system3_phases_21_30_final_confirmation.md,Governance & Contract Policy,Agent Operating Laws,Active,docs/control_plane/*,4756f5a0e,Size: 7833 bytes | Head SHA: 4756f5a0e
docs/system3_phases_21_30_re_verification_report.md,Governance & Contract Policy,Agent Operating Laws,Active,docs/control_plane/*,4756f5a0e,Size: 8659 bytes | Head SHA: 4756f5a0e
docs/system3_phases_21_30_validation_report.md,Governance & Contract Policy,Agent Operating Laws,Active,docs/control_plane/*,4756f5a0e,Size: 11512 bytes | Head SHA: 4756f5a0e
docs/system3_phases_231_260_analysis.md,Governance & Contract Policy,Agent Operating Laws,Active,docs/control_plane/*,4756f5a0e,Size: 7235 bytes | Head SHA: 4756f5a0e
docs/system3_phases_231_260_complete_summary.md,Governance & Contract Policy,Agent Operating Laws,Active,docs/control_plane/*,4756f5a0e,Size: 8184 bytes | Head SHA: 4756f5a0e
docs/system3_phases_231_260_final_status.md,Governance & Contract Policy,Agent Operating Laws,Active,docs/control_plane/*,4756f5a0e,Size: 3206 bytes | Head SHA: 4756f5a0e
docs/system3_phases_231_260_fixes_applied.md,Governance & Contract Policy,Agent Operating Laws,Active,docs/control_plane/*,4756f5a0e,Size: 1676 bytes | Head SHA: 4756f5a0e
docs/system3_phases_231_260_implementation_status.md,Governance & Contract Policy,Agent Operating Laws,Active,docs/control_plane/*,4756f5a0e,Size: 1265 bytes | Head SHA: 4756f5a0e
docs/system3_phases_231_260_implementation_summary.md,Governance & Contract Policy,Agent Operating Laws,Active,docs/control_plane/*,4756f5a0e,Size: 7170 bytes | Head SHA: 4756f5a0e
docs/system3_phases_231_260_success_report.md,Governance & Contract Policy,Agent Operating Laws,Active,docs/control_plane/*,4756f5a0e,Size: 6417 bytes | Head SHA: 4756f5a0e
docs/system3_phases_231_260_validation_complete.md,Governance & Contract Policy,Agent Operating Laws,Active,docs/control_plane/*,4756f5a0e,Size: 3051 bytes | Head SHA: 4756f5a0e
docs/system3_phases_231_260_warn_phases_detailed_analysis.md,Governance & Contract Policy,Agent Operating Laws,Active,docs/control_plane/*,4756f5a0e,Size: 32063 bytes | Head SHA: 4756f5a0e
docs/system3_phases_261_300_diagnostics_analysis.md,Governance & Contract Policy,Agent Operating Laws,Active,docs/control_plane/*,4756f5a0e,Size: 9326 bytes | Head SHA: 4756f5a0e
docs/system3_phases_261_300_final_verification.md,Governance & Contract Policy,Agent Operating Laws,Active,docs/control_plane/*,4756f5a0e,Size: 4269 bytes | Head SHA: 4756f5a0e
docs/system3_phases_261_300_implementation_plan.md,Governance & Contract Policy,Agent Operating Laws,Active,docs/control_plane/*,4756f5a0e,Size: 2447 bytes | Head SHA: 4756f5a0e
docs/system3_phases_261_300_implementation_summary.md,Governance & Contract Policy,Agent Operating Laws,Active,docs/control_plane/*,4756f5a0e,Size: 6414 bytes | Head SHA: 4756f5a0e
docs/system3_phases_261_300_test_report.md,Governance & Contract Policy,Agent Operating Laws,Active,docs/control_plane/*,4756f5a0e,Size: 12831 bytes | Head SHA: 4756f5a0e
docs/system3_phases_301_310_final_status.md,Governance & Contract Policy,Agent Operating Laws,Active,docs/control_plane/*,4756f5a0e,Size: 6180 bytes | Head SHA: 4756f5a0e
docs/system3_phases_301_310_final_verification.md,Governance & Contract Policy,Agent Operating Laws,Active,docs/control_plane/*,4756f5a0e,Size: 4863 bytes | Head SHA: 4756f5a0e
docs/system3_phases_301_310_full_spec.md,Governance & Contract Policy,Agent Operating Laws,Active,docs/control_plane/*,4756f5a0e,Size: 13386 bytes | Head SHA: 4756f5a0e
docs/system3_phases_301_310_implementation_status.md,Governance & Contract Policy,Agent Operating Laws,Active,docs/control_plane/*,4756f5a0e,Size: 3413 bytes | Head SHA: 4756f5a0e
docs/system3_phases_31_38_COMPLETE_DOCUMENTATION.md,Governance & Contract Policy,Agent Operating Laws,Active,docs/control_plane/*,4756f5a0e,Size: 19380 bytes | Head SHA: 4756f5a0e
docs/system3_phases_31_38_EXECUTIVE_SUMMARY.md,Governance & Contract Policy,Agent Operating Laws,Active,docs/control_plane/*,4756f5a0e,Size: 8781 bytes | Head SHA: 4756f5a0e
docs/system3_phases_31_38_README.md,Governance & Contract Policy,Agent Operating Laws,Active,docs/control_plane/*,4756f5a0e,Size: 4536 bytes | Head SHA: 4756f5a0e
docs/system3_phases_31_38_READY_FOR_USE.md,Governance & Contract Policy,Agent Operating Laws,Active,docs/control_plane/*,4756f5a0e,Size: 7626 bytes | Head SHA: 4756f5a0e
docs/system3_phases_31_38_blueprint.md,Governance & Contract Policy,Agent Operating Laws,Active,docs/control_plane/*,4756f5a0e,Size: 20855 bytes | Head SHA: 4756f5a0e
docs/system3_phases_31_38_complete.md,Governance & Contract Policy,Agent Operating Laws,Active,docs/control_plane/*,4756f5a0e,Size: 8612 bytes | Head SHA: 4756f5a0e
docs/system3_phases_31_38_completion_summary.md,Governance & Contract Policy,Agent Operating Laws,Active,docs/control_plane/*,4756f5a0e,Size: 7231 bytes | Head SHA: 4756f5a0e
docs/system3_phases_31_38_daily_checklist.md,Governance & Contract Policy,Agent Operating Laws,Active,docs/control_plane/*,4756f5a0e,Size: 5508 bytes | Head SHA: 4756f5a0e
docs/system3_phases_31_38_final_completion.md,Governance & Contract Policy,Agent Operating Laws,Active,docs/control_plane/*,4756f5a0e,Size: 11370 bytes | Head SHA: 4756f5a0e
docs/system3_phases_31_38_final_status.md,Governance & Contract Policy,Agent Operating Laws,Active,docs/control_plane/*,4756f5a0e,Size: 4857 bytes | Head SHA: 4756f5a0e
docs/system3_phases_31_38_issues_fixed.md,Governance & Contract Policy,Agent Operating Laws,Active,docs/control_plane/*,4756f5a0e,Size: 3020 bytes | Head SHA: 4756f5a0e
docs/system3_phases_31_38_monitoring_instructions.md,Governance & Contract Policy,Agent Operating Laws,Active,docs/control_plane/*,4756f5a0e,Size: 2605 bytes | Head SHA: 4756f5a0e
docs/system3_phases_31_38_operational_guide.md,Governance & Contract Policy,Agent Operating Laws,Active,docs/control_plane/*,4756f5a0e,Size: 8282 bytes | Head SHA: 4756f5a0e
docs/system3_phases_31_38_promotion_review_guide.md,Governance & Contract Policy,Agent Operating Laws,Active,docs/control_plane/*,4756f5a0e,Size: 6215 bytes | Head SHA: 4756f5a0e
docs/system3_phases_31_38_quick_reference.md,Governance & Contract Policy,Agent Operating Laws,Active,docs/control_plane/*,4756f5a0e,Size: 3810 bytes | Head SHA: 4756f5a0e
docs/system3_phases_31_38_success_report.md,Governance & Contract Policy,Agent Operating Laws,Active,docs/control_plane/*,4756f5a0e,Size: 10421 bytes | Head SHA: 4756f5a0e
docs/system3_phases_31_38_test_commands.md,Governance & Contract Policy,Agent Operating Laws,Active,docs/control_plane/*,4756f5a0e,Size: 7141 bytes | Head SHA: 4756f5a0e
docs/system3_phases_31_38_test_results.md,Governance & Contract Policy,Agent Operating Laws,Active,docs/control_plane/*,4756f5a0e,Size: 4965 bytes | Head SHA: 4756f5a0e
docs/system3_phases_31_38_verification_report.md,Governance & Contract Policy,Agent Operating Laws,Active,docs/control_plane/*,4756f5a0e,Size: 8178 bytes | Head SHA: 4756f5a0e
docs/system3_phases_39_45_IMPLEMENTATION_COMPLETE.md,Governance & Contract Policy,Agent Operating Laws,Active,docs/control_plane/*,4756f5a0e,Size: 8358 bytes | Head SHA: 4756f5a0e
docs/system3_phases_39_45_completion_summary.md,Governance & Contract Policy,Agent Operating Laws,Active,docs/control_plane/*,4756f5a0e,Size: 3717 bytes | Head SHA: 4756f5a0e
docs/system3_phases_39_45_daily_playbook.md,Governance & Contract Policy,Agent Operating Laws,Active,docs/control_plane/*,4756f5a0e,Size: 6551 bytes | Head SHA: 4756f5a0e
docs/system3_phases_39_45_ultra_rollout_plan.md,Governance & Contract Policy,Agent Operating Laws,Active,docs/control_plane/*,4756f5a0e,Size: 18777 bytes | Head SHA: 4756f5a0e
docs/system3_phases_39_45_verification_complete.md,Governance & Contract Policy,Agent Operating Laws,Active,docs/control_plane/*,4756f5a0e,Size: 2859 bytes | Head SHA: 4756f5a0e
docs/system3_phases_39_45_verification_report.md,Governance & Contract Policy,Agent Operating Laws,Active,docs/control_plane/*,4756f5a0e,Size: 7904 bytes | Head SHA: 4756f5a0e
docs/system3_phases_46_55_FINAL_DELIVERY.md,Governance & Contract Policy,Agent Operating Laws,Active,docs/control_plane/*,4756f5a0e,Size: 10719 bytes | Head SHA: 4756f5a0e
docs/system3_phases_46_55_FINAL_STATUS.md,Governance & Contract Policy,Agent Operating Laws,Active,docs/control_plane/*,4756f5a0e,Size: 3026 bytes | Head SHA: 4756f5a0e
docs/system3_phases_46_55_README.md,Governance & Contract Policy,Agent Operating Laws,Active,docs/control_plane/*,4756f5a0e,Size: 1560 bytes | Head SHA: 4756f5a0e
docs/system3_phases_46_55_blueprint.md,Governance & Contract Policy,Agent Operating Laws,Active,docs/control_plane/*,4756f5a0e,Size: 7688 bytes | Head SHA: 4756f5a0e
docs/system3_phases_46_55_completion_summary.md,Governance & Contract Policy,Agent Operating Laws,Active,docs/control_plane/*,4756f5a0e,Size: 4687 bytes | Head SHA: 4756f5a0e
docs/system3_phases_46_55_final_confirmation.md,Governance & Contract Policy,Agent Operating Laws,Active,docs/control_plane/*,4756f5a0e,Size: 7366 bytes | Head SHA: 4756f5a0e
docs/system3_phases_46_55_fixes_applied.md,Governance & Contract Policy,Agent Operating Laws,Active,docs/control_plane/*,4756f5a0e,Size: 2247 bytes | Head SHA: 4756f5a0e
docs/system3_phases_46_55_implementation_summary.md,Governance & Contract Policy,Agent Operating Laws,Active,docs/control_plane/*,4756f5a0e,Size: 7051 bytes | Head SHA: 4756f5a0e
docs/system3_phases_46_55_validation_complete.md,Governance & Contract Policy,Agent Operating Laws,Active,docs/control_plane/*,4756f5a0e,Size: 7306 bytes | Head SHA: 4756f5a0e
docs/system3_phases_46_55_verification_guide.md,Governance & Contract Policy,Agent Operating Laws,Active,docs/control_plane/*,4756f5a0e,Size: 4564 bytes | Head SHA: 4756f5a0e
docs/system3_phases_76_100_ultra_geni_plan.md,Governance & Contract Policy,Agent Operating Laws,Active,docs/control_plane/*,4756f5a0e,Size: 26433 bytes | Head SHA: 4756f5a0e
docs/system3_phases_78_100_FINAL_CERTIFICATION_SUCCESS.md,Governance & Contract Policy,Agent Operating Laws,Active,docs/control_plane/*,4756f5a0e,Size: 4229 bytes | Head SHA: 4756f5a0e
docs/system3_phases_78_100_completion_summary.md,Governance & Contract Policy,Agent Operating Laws,Active,docs/control_plane/*,4756f5a0e,Size: 2267 bytes | Head SHA: 4756f5a0e
docs/system3_phases_78_100_final_status.md,Governance & Contract Policy,Agent Operating Laws,Active,docs/control_plane/*,4756f5a0e,Size: 6041 bytes | Head SHA: 4756f5a0e
docs/system3_phases_78_100_implementation_log.md,Governance & Contract Policy,Agent Operating Laws,Active,docs/control_plane/*,4756f5a0e,Size: 13239 bytes | Head SHA: 4756f5a0e
docs/system3_phases_78_100_log_analysis.md,Governance & Contract Policy,Agent Operating Laws,Active,docs/control_plane/*,4756f5a0e,Size: 8164 bytes | Head SHA: 4756f5a0e
docs/system3_phases_78_100_next_steps_completed.md,Governance & Contract Policy,Agent Operating Laws,Active,docs/control_plane/*,4756f5a0e,Size: 3525 bytes | Head SHA: 4756f5a0e
docs/system3_phases_7_9_analysis_summary.md,Governance & Contract Policy,Agent Operating Laws,Active,docs/control_plane/*,4756f5a0e,Size: 12284 bytes | Head SHA: 4756f5a0e
docs/system3_phases_7_9_execution_results.md,Governance & Contract Policy,Agent Operating Laws,Active,docs/control_plane/*,4756f5a0e,Size: 9227 bytes | Head SHA: 4756f5a0e
docs/system3_phases_7_9_final_results.md,Governance & Contract Policy,Agent Operating Laws,Active,docs/control_plane/*,4756f5a0e,Size: 7994 bytes | Head SHA: 4756f5a0e
docs/system3_phases_7_9_verification_commands.md,Governance & Contract Policy,Agent Operating Laws,Active,docs/control_plane/*,4756f5a0e,Size: 4995 bytes | Head SHA: 4756f5a0e
docs/system3_post_monday_enhancements_complete.md,Governance & Contract Policy,Agent Operating Laws,Active,docs/control_plane/*,4756f5a0e,Size: 5345 bytes | Head SHA: 4756f5a0e
docs/system3_post_monday_upgrade_pack.md,Governance & Contract Policy,Agent Operating Laws,Active,docs/control_plane/*,4756f5a0e,Size: 7524 bytes | Head SHA: 4756f5a0e
docs/system3_pre_autorun_validation_summary.md,Governance & Contract Policy,Agent Operating Laws,Active,docs/control_plane/*,4756f5a0e,Size: 1493 bytes | Head SHA: 4756f5a0e
docs/system3_real_data_learning_complete.md,Governance & Contract Policy,Agent Operating Laws,Active,docs/control_plane/*,4756f5a0e,Size: 8531 bytes | Head SHA: 4756f5a0e
docs/system3_reports_analysis_2025_11_29.md,Governance & Contract Policy,Agent Operating Laws,Active,docs/control_plane/*,4756f5a0e,Size: 4457 bytes | Head SHA: 4756f5a0e
docs/system3_reports_comprehensive_analysis.md,Governance & Contract Policy,Agent Operating Laws,Active,docs/control_plane/*,4756f5a0e,Size: 6972 bytes | Head SHA: 4756f5a0e
docs/system3_reports_directory_analysis.md,Governance & Contract Policy,Agent Operating Laws,Active,docs/control_plane/*,4756f5a0e,Size: 2100 bytes | Head SHA: 4756f5a0e
docs/system3_signal_engine_README.md,Governance & Contract Policy,Agent Operating Laws,Active,docs/control_plane/*,4756f5a0e,Size: 7265 bytes | Head SHA: 4756f5a0e
docs/system3_signal_engine_upgrade_summary.md,Governance & Contract Policy,Agent Operating Laws,Active,docs/control_plane/*,4756f5a0e,Size: 6563 bytes | Head SHA: 4756f5a0e
docs/system3_signal_threshold_calibration.md,Governance & Contract Policy,Agent Operating Laws,Active,docs/control_plane/*,4756f5a0e,Size: 3855 bytes | Head SHA: 4756f5a0e
docs/system3_status.md,Governance & Contract Policy,Agent Operating Laws,Active,docs/control_plane/*,4756f5a0e,Size: 2760 bytes | Head SHA: 4756f5a0e
docs/system3_status_check_commands.md,Governance & Contract Policy,Agent Operating Laws,Active,docs/control_plane/*,4756f5a0e,Size: 5547 bytes | Head SHA: 4756f5a0e
docs/system3_thresholds_comparison.md,Governance & Contract Policy,Agent Operating Laws,Active,docs/control_plane/*,4756f5a0e,Size: 313 bytes | Head SHA: 4756f5a0e
docs/system3_thresholds_upgrade_implementation_summary.md,Governance & Contract Policy,Agent Operating Laws,Active,docs/control_plane/*,4756f5a0e,Size: 7081 bytes | Head SHA: 4756f5a0e
docs/system3_training_data_pipeline_qc.md,Governance & Contract Policy,Agent Operating Laws,Active,docs/control_plane/*,4756f5a0e,Size: 5958 bytes | Head SHA: 4756f5a0e
docs/system3_ultra_commands.md,Governance & Contract Policy,Agent Operating Laws,Active,docs/control_plane/*,4756f5a0e,Size: 3549 bytes | Head SHA: 4756f5a0e
docs/system3_ultra_daily_routine.md,Governance & Contract Policy,Agent Operating Laws,Active,docs/control_plane/*,4756f5a0e,Size: 6448 bytes | Head SHA: 4756f5a0e
docs/system3_ultra_delivery_summary.md,Governance & Contract Policy,Agent Operating Laws,Active,docs/control_plane/*,4756f5a0e,Size: 3686 bytes | Head SHA: 4756f5a0e
docs/system3_ultra_expected_outputs.md,Governance & Contract Policy,Agent Operating Laws,Active,docs/control_plane/*,4756f5a0e,Size: 16162 bytes | Head SHA: 4756f5a0e
docs/system3_ultra_expected_outputs_quick_reference.md,Governance & Contract Policy,Agent Operating Laws,Active,docs/control_plane/*,4756f5a0e,Size: 2874 bytes | Head SHA: 4756f5a0e
docs/system3_ultra_implementation_complete.md,Governance & Contract Policy,Agent Operating Laws,Active,docs/control_plane/*,4756f5a0e,Size: 9330 bytes | Head SHA: 4756f5a0e
docs/system3_ultra_launch_flow.md,Governance & Contract Policy,Agent Operating Laws,Active,docs/control_plane/*,4756f5a0e,Size: 4661 bytes | Head SHA: 4756f5a0e
docs/system3_ultra_master_index.md,Governance & Contract Policy,Agent Operating Laws,Active,docs/control_plane/*,4756f5a0e,Size: 7736 bytes | Head SHA: 4756f5a0e
docs/system3_ultra_master_script_fix.md,Governance & Contract Policy,Agent Operating Laws,Active,docs/control_plane/*,4756f5a0e,Size: 2015 bytes | Head SHA: 4756f5a0e
docs/system3_ultra_master_script_guide.md,Governance & Contract Policy,Agent Operating Laws,Active,docs/control_plane/*,4756f5a0e,Size: 6887 bytes | Head SHA: 4756f5a0e
docs/system3_ultra_menu_structure.md,Governance & Contract Policy,Agent Operating Laws,Active,docs/control_plane/*,4756f5a0e,Size: 11909 bytes | Head SHA: 4756f5a0e
docs/system3_ultra_panel_log_analysis_complete.md,Governance & Contract Policy,Agent Operating Laws,Active,docs/control_plane/*,4756f5a0e,Size: 6339 bytes | Head SHA: 4756f5a0e
docs/system3_ultra_panel_test_analysis.md,Governance & Contract Policy,Agent Operating Laws,Active,docs/control_plane/*,4756f5a0e,Size: 12902 bytes | Head SHA: 4756f5a0e
docs/system3_ultra_panel_test_analysis_summary.md,Governance & Contract Policy,Agent Operating Laws,Active,docs/control_plane/*,4756f5a0e,Size: 2485 bytes | Head SHA: 4756f5a0e
docs/system3_ultra_panel_test_log_summary_20251130_014241.md,Governance & Contract Policy,Agent Operating Laws,Active,docs/control_plane/*,4756f5a0e,Size: 9051 bytes | Head SHA: 4756f5a0e
docs/system3_ultra_panel_test_log_summary_quick_20251130_014241.md,Governance & Contract Policy,Agent Operating Laws,Active,docs/control_plane/*,4756f5a0e,Size: 1644 bytes | Head SHA: 4756f5a0e
docs/system3_ultra_phases_21_30_master.md,Governance & Contract Policy,Agent Operating Laws,Active,docs/control_plane/*,4756f5a0e,Size: 6223 bytes | Head SHA: 4756f5a0e
docs/system3_ultra_safety_matrix.md,Governance & Contract Policy,Agent Operating Laws,Active,docs/control_plane/*,4756f5a0e,Size: 5422 bytes | Head SHA: 4756f5a0e
docs/system3_ultra_validation_results.md,Governance & Contract Policy,Agent Operating Laws,Active,docs/control_plane/*,4756f5a0e,Size: 4744 bytes | Head SHA: 4756f5a0e
docs/system3_ultramode_prep_complete.md,Governance & Contract Policy,Agent Operating Laws,Active,docs/control_plane/*,4756f5a0e,Size: 5535 bytes | Head SHA: 4756f5a0e
docs/system3_unicode_fix_VERIFIED.md,Governance & Contract Policy,Agent Operating Laws,Active,docs/control_plane/*,4756f5a0e,Size: 3717 bytes | Head SHA: 4756f5a0e
docs/system3_unicode_fix_report.md,Governance & Contract Policy,Agent Operating Laws,Active,docs/control_plane/*,4756f5a0e,Size: 3995 bytes | Head SHA: 4756f5a0e
docs/system3_universal_autophase_engine_summary.md,Governance & Contract Policy,Agent Operating Laws,Active,docs/control_plane/*,4756f5a0e,Size: 6249 bytes | Head SHA: 4756f5a0e
docs/system3_validation_index.md,Governance & Contract Policy,Agent Operating Laws,Active,docs/control_plane/*,4756f5a0e,Size: 5869 bytes | Head SHA: 4756f5a0e
docs/system3_validation_issues_analysis.md,Governance & Contract Policy,Agent Operating Laws,Active,docs/control_plane/*,4756f5a0e,Size: 5046 bytes | Head SHA: 4756f5a0e
docs/system3_validation_results_2025_11_29.md,Governance & Contract Policy,Agent Operating Laws,Active,docs/control_plane/*,4756f5a0e,Size: 6413 bytes | Head SHA: 4756f5a0e
docs/system3_validation_summary.md,Governance & Contract Policy,Agent Operating Laws,Active,docs/control_plane/*,4756f5a0e,Size: 1649 bytes | Head SHA: 4756f5a0e
docs/system3_verification_checklist_manual.md,Governance & Contract Policy,Agent Operating Laws,Active,docs/control_plane/*,4756f5a0e,Size: 5717 bytes | Head SHA: 4756f5a0e
docs/system3_warn_phases_quick_reference.md,Governance & Contract Policy,Agent Operating Laws,Active,docs/control_plane/*,4756f5a0e,Size: 10482 bytes | Head SHA: 4756f5a0e
docs/ui/SYSTEM3_V5_CONSOLIDATION_SPEC.md,Governance & Contract Policy,Agent Operating Laws,Active,docs/control_plane/*,4756f5a0e,Size: 3988 bytes | Head SHA: 4756f5a0e
docs/ultra_micro/00_MASTER_INDEX.md,Governance & Contract Policy,Agent Operating Laws,Active,docs/control_plane/*,4756f5a0e,Size: 2364 bytes | Head SHA: 4756f5a0e
docs/ultra_micro/00_PROJECT_OVERVIEW.md,Governance & Contract Policy,Agent Operating Laws,Active,docs/control_plane/*,4756f5a0e,Size: 11586 bytes | Head SHA: 4756f5a0e
docs/ultra_micro/01_PHASE_INDEX.md,Governance & Contract Policy,Agent Operating Laws,Active,docs/control_plane/*,4756f5a0e,Size: 9127 bytes | Head SHA: 4756f5a0e
docs/ultra_micro/README.md,Governance & Contract Policy,Agent Operating Laws,Active,docs/control_plane/*,4756f5a0e,Size: 2226 bytes | Head SHA: 4756f5a0e
docs/ultra_micro/SYSTEM3_ULTRA_MICRO_DOCUMENTATION_GUIDE.md,Governance & Contract Policy,Agent Operating Laws,Active,docs/control_plane/*,4756f5a0e,Size: 2828 bytes | Head SHA: 4756f5a0e
reports/coordination/AGENT_ACCESS_FAST_PATH.md,Governance & Contract Policy,Agent Operating Laws,Active,docs/control_plane/*,4756f5a0e,Size: 2841 bytes | Head SHA: 4756f5a0e
reports/coordination/AGENT_ACCESS_REQUESTS.md,Governance & Contract Policy,Agent Operating Laws,Active,docs/control_plane/*,4756f5a0e,Size: 1805 bytes | Head SHA: 4756f5a0e
reports/coordination/AGENT_LANE_LOCK.md,Governance & Contract Policy,Agent Operating Laws,Active,docs/control_plane/*,4756f5a0e,Size: 1997 bytes | Head SHA: 4756f5a0e
reports/coordination/GMAIL_AGENT_DIGEST.md,Governance & Contract Policy,Agent Operating Laws,Active,docs/control_plane/*,4756f5a0e,Size: 1559 bytes | Head SHA: 4756f5a0e
reports/coordination/chatgpt_backlog/system3_agent_queries.csv,Governance & Contract Policy,Agent Operating Laws,Active,docs/control_plane/*,4756f5a0e,Size: 13669 bytes | Head SHA: 4756f5a0e
reports/coordination/chatgpt_backlog/system3_micro_agent_queries.csv,Governance & Contract Policy,Agent Operating Laws,Active,docs/control_plane/*,4756f5a0e,Size: 120362 bytes | Head SHA: 4756f5a0e
reports/latest/full_cross_verify_20260826_193000/ruleset_21581518.json,Governance & Contract Policy,Agent Operating Laws,Active,docs/control_plane/*,4756f5a0e,Size: 402 bytes | Head SHA: 4756f5a0e
reports/latest/gcp_full_mri_20260826/iam_policy.json,Governance & Contract Policy,Agent Operating Laws,Active,docs/control_plane/*,4756f5a0e,Size: 15008 bytes | Head SHA: 4756f5a0e
reports/latest/gcp_micro_mri/20260826T043801Z/iam_policy.json,Governance & Contract Policy,Agent Operating Laws,Active,docs/control_plane/*,4756f5a0e,Size: 15008 bytes | Head SHA: 4756f5a0e
reports/latest/gcp_micro_mri/20260826T050025Z/iam_policy.json,Governance & Contract Policy,Agent Operating Laws,Active,docs/control_plane/*,4756f5a0e,Size: 15008 bytes | Head SHA: 4756f5a0e
reports/latest/gcp_micro_mri/latest/iam_policy.json,Governance & Contract Policy,Agent Operating Laws,Active,docs/control_plane/*,4756f5a0e,Size: 15008 bytes | Head SHA: 4756f5a0e
reports/latest/render_100_agent_swarm/agent_001.json,Governance & Contract Policy,Agent Operating Laws,Active,docs/control_plane/*,4756f5a0e,Size: 2437 bytes | Head SHA: 4756f5a0e
reports/latest/render_100_agent_swarm/agent_001.md,Governance & Contract Policy,Agent Operating Laws,Active,docs/control_plane/*,4756f5a0e,Size: 690 bytes | Head SHA: 4756f5a0e
reports/latest/render_100_agent_swarm/agent_002.json,Governance & Contract Policy,Agent Operating Laws,Active,docs/control_plane/*,4756f5a0e,Size: 775 bytes | Head SHA: 4756f5a0e
reports/latest/render_100_agent_swarm/agent_002.md,Governance & Contract Policy,Agent Operating Laws,Active,docs/control_plane/*,4756f5a0e,Size: 183 bytes | Head SHA: 4756f5a0e
reports/latest/render_100_agent_swarm/agent_003.json,Governance & Contract Policy,Agent Operating Laws,Active,docs/control_plane/*,4756f5a0e,Size: 563 bytes | Head SHA: 4756f5a0e
reports/latest/render_100_agent_swarm/agent_003.md,Governance & Contract Policy,Agent Operating Laws,Active,docs/control_plane/*,4756f5a0e,Size: 126 bytes | Head SHA: 4756f5a0e
reports/latest/render_100_agent_swarm/agent_004.json,Governance & Contract Policy,Agent Operating Laws,Active,docs/control_plane/*,4756f5a0e,Size: 5409 bytes | Head SHA: 4756f5a0e
reports/latest/render_100_agent_swarm/agent_004.md,Governance & Contract Policy,Agent Operating Laws,Active,docs/control_plane/*,4756f5a0e,Size: 330 bytes | Head SHA: 4756f5a0e
reports/latest/render_100_agent_swarm/agent_005.json,Governance & Contract Policy,Agent Operating Laws,Active,docs/control_plane/*,4756f5a0e,Size: 1517 bytes | Head SHA: 4756f5a0e
reports/latest/render_100_agent_swarm/agent_005.md,Governance & Contract Policy,Agent Operating Laws,Active,docs/control_plane/*,4756f5a0e,Size: 538 bytes | Head SHA: 4756f5a0e
reports/latest/render_100_agent_swarm/agent_006.json,Governance & Contract Policy,Agent Operating Laws,Active,docs/control_plane/*,4756f5a0e,Size: 4377 bytes | Head SHA: 4756f5a0e
reports/latest/render_100_agent_swarm/agent_006.md,Governance & Contract Policy,Agent Operating Laws,Active,docs/control_plane/*,4756f5a0e,Size: 1068 bytes | Head SHA: 4756f5a0e
reports/latest/render_100_agent_swarm/agent_007.json,Governance & Contract Policy,Agent Operating Laws,Active,docs/control_plane/*,4756f5a0e,Size: 735 bytes | Head SHA: 4756f5a0e
reports/latest/render_100_agent_swarm/agent_007.md,Governance & Contract Policy,Agent Operating Laws,Active,docs/control_plane/*,4756f5a0e,Size: 102 bytes | Head SHA: 4756f5a0e
reports/latest/render_100_agent_swarm/agent_008.json,Governance & Contract Policy,Agent Operating Laws,Active,docs/control_plane/*,4756f5a0e,Size: 676 bytes | Head SHA: 4756f5a0e
reports/latest/render_100_agent_swarm/agent_008.md,Governance & Contract Policy,Agent Operating Laws,Active,docs/control_plane/*,4756f5a0e,Size: 196 bytes | Head SHA: 4756f5a0e
reports/latest/render_100_agent_swarm/agent_009.json,Governance & Contract Policy,Agent Operating Laws,Active,docs/control_plane/*,4756f5a0e,Size: 925 bytes | Head SHA: 4756f5a0e
reports/latest/render_100_agent_swarm/agent_009.md,Governance & Contract Policy,Agent Operating Laws,Active,docs/control_plane/*,4756f5a0e,Size: 283 bytes | Head SHA: 4756f5a0e
reports/latest/render_100_agent_swarm/agent_010.json,Governance & Contract Policy,Agent Operating Laws,Active,docs/control_plane/*,4756f5a0e,Size: 1521 bytes | Head SHA: 4756f5a0e
reports/latest/render_100_agent_swarm/agent_010.md,Governance & Contract Policy,Agent Operating Laws,Active,docs/control_plane/*,4756f5a0e,Size: 133 bytes | Head SHA: 4756f5a0e
reports/latest/render_100_agent_swarm/agent_011.json,Governance & Contract Policy,Agent Operating Laws,Active,docs/control_plane/*,4756f5a0e,Size: 13602 bytes | Head SHA: 4756f5a0e
reports/latest/render_100_agent_swarm/agent_011.md,Governance & Contract Policy,Agent Operating Laws,Active,docs/control_plane/*,4756f5a0e,Size: 191 bytes | Head SHA: 4756f5a0e
reports/latest/render_100_agent_swarm/agent_012.json,Governance & Contract Policy,Agent Operating Laws,Active,docs/control_plane/*,4756f5a0e,Size: 510 bytes | Head SHA: 4756f5a0e
reports/latest/render_100_agent_swarm/agent_012.md,Governance & Contract Policy,Agent Operating Laws,Active,docs/control_plane/*,4756f5a0e,Size: 151 bytes | Head SHA: 4756f5a0e
reports/latest/render_100_agent_swarm/agent_013.json,Governance & Contract Policy,Agent Operating Laws,Active,docs/control_plane/*,4756f5a0e,Size: 1817 bytes | Head SHA: 4756f5a0e
reports/latest/render_100_agent_swarm/agent_013.md,Governance & Contract Policy,Agent Operating Laws,Active,docs/control_plane/*,4756f5a0e,Size: 194 bytes | Head SHA: 4756f5a0e
reports/latest/render_100_agent_swarm/agent_014.json,Governance & Contract Policy,Agent Operating Laws,Active,docs/control_plane/*,4756f5a0e,Size: 2176 bytes | Head SHA: 4756f5a0e
reports/latest/render_100_agent_swarm/agent_014.md,Governance & Contract Policy,Agent Operating Laws,Active,docs/control_plane/*,4756f5a0e,Size: 142 bytes | Head SHA: 4756f5a0e
reports/latest/render_100_agent_swarm/agent_015.json,Governance & Contract Policy,Agent Operating Laws,Active,docs/control_plane/*,4756f5a0e,Size: 5501 bytes | Head SHA: 4756f5a0e
reports/latest/render_100_agent_swarm/agent_015.md,Governance & Contract Policy,Agent Operating Laws,Active,docs/control_plane/*,4756f5a0e,Size: 150 bytes | Head SHA: 4756f5a0e
reports/latest/render_100_agent_swarm/agent_016.json,Governance & Contract Policy,Agent Operating Laws,Active,docs/control_plane/*,4756f5a0e,Size: 495 bytes | Head SHA: 4756f5a0e
reports/latest/render_100_agent_swarm/agent_016.md,Governance & Contract Policy,Agent Operating Laws,Active,docs/control_plane/*,4756f5a0e,Size: 104 bytes | Head SHA: 4756f5a0e
reports/latest/render_100_agent_swarm/agent_017.json,Governance & Contract Policy,Agent Operating Laws,Active,docs/control_plane/*,4756f5a0e,Size: 1939 bytes | Head SHA: 4756f5a0e
reports/latest/render_100_agent_swarm/agent_017.md,Governance & Contract Policy,Agent Operating Laws,Active,docs/control_plane/*,4756f5a0e,Size: 606 bytes | Head SHA: 4756f5a0e
reports/latest/render_100_agent_swarm/agent_018.json,Governance & Contract Policy,Agent Operating Laws,Active,docs/control_plane/*,4756f5a0e,Size: 568 bytes | Head SHA: 4756f5a0e
reports/latest/render_100_agent_swarm/agent_018.md,Governance & Contract Policy,Agent Operating Laws,Active,docs/control_plane/*,4756f5a0e,Size: 183 bytes | Head SHA: 4756f5a0e
reports/latest/render_100_agent_swarm/agent_019.json,Governance & Contract Policy,Agent Operating Laws,Active,docs/control_plane/*,4756f5a0e,Size: 718 bytes | Head SHA: 4756f5a0e
reports/latest/render_100_agent_swarm/agent_019.md,Governance & Contract Policy,Agent Operating Laws,Active,docs/control_plane/*,4756f5a0e,Size: 243 bytes | Head SHA: 4756f5a0e
reports/latest/render_100_agent_swarm/agent_020.json,Governance & Contract Policy,Agent Operating Laws,Active,docs/control_plane/*,4756f5a0e,Size: 452 bytes | Head SHA: 4756f5a0e
reports/latest/render_100_agent_swarm/agent_020.md,Governance & Contract Policy,Agent Operating Laws,Active,docs/control_plane/*,4756f5a0e,Size: 104 bytes | Head SHA: 4756f5a0e
reports/latest/render_100_agent_swarm/agent_021.json,Governance & Contract Policy,Agent Operating Laws,Active,docs/control_plane/*,4756f5a0e,Size: 2434 bytes | Head SHA: 4756f5a0e
reports/latest/render_100_agent_swarm/agent_021.md,Governance & Contract Policy,Agent Operating Laws,Active,docs/control_plane/*,4756f5a0e,Size: 687 bytes | Head SHA: 4756f5a0e
reports/latest/render_100_agent_swarm/agent_022.json,Governance & Contract Policy,Agent Operating Laws,Active,docs/control_plane/*,4756f5a0e,Size: 775 bytes | Head SHA: 4756f5a0e
reports/latest/render_100_agent_swarm/agent_022.md,Governance & Contract Policy,Agent Operating Laws,Active,docs/control_plane/*,4756f5a0e,Size: 183 bytes | Head SHA: 4756f5a0e
reports/latest/render_100_agent_swarm/agent_023.json,Governance & Contract Policy,Agent Operating Laws,Active,docs/control_plane/*,4756f5a0e,Size: 563 bytes | Head SHA: 4756f5a0e
reports/latest/render_100_agent_swarm/agent_023.md,Governance & Contract Policy,Agent Operating Laws,Active,docs/control_plane/*,4756f5a0e,Size: 126 bytes | Head SHA: 4756f5a0e
reports/latest/render_100_agent_swarm/agent_024.json,Governance & Contract Policy,Agent Operating Laws,Active,docs/control_plane/*,4756f5a0e,Size: 2371 bytes | Head SHA: 4756f5a0e
reports/latest/render_100_agent_swarm/agent_024.md,Governance & Contract Policy,Agent Operating Laws,Active,docs/control_plane/*,4756f5a0e,Size: 203 bytes | Head SHA: 4756f5a0e
reports/latest/render_100_agent_swarm/agent_025.json,Governance & Contract Policy,Agent Operating Laws,Active,docs/control_plane/*,4756f5a0e,Size: 2224 bytes | Head SHA: 4756f5a0e
reports/latest/render_100_agent_swarm/agent_025.md,Governance & Contract Policy,Agent Operating Laws,Active,docs/control_plane/*,4756f5a0e,Size: 484 bytes | Head SHA: 4756f5a0e
reports/latest/render_100_agent_swarm/agent_026.json,Governance & Contract Policy,Agent Operating Laws,Active,docs/control_plane/*,4756f5a0e,Size: 2485 bytes | Head SHA: 4756f5a0e
reports/latest/render_100_agent_swarm/agent_026.md,Governance & Contract Policy,Agent Operating Laws,Active,docs/control_plane/*,4756f5a0e,Size: 734 bytes | Head SHA: 4756f5a0e
reports/latest/render_100_agent_swarm/agent_027.json,Governance & Contract Policy,Agent Operating Laws,Active,docs/control_plane/*,4756f5a0e,Size: 735 bytes | Head SHA: 4756f5a0e
reports/latest/render_100_agent_swarm/agent_027.md,Governance & Contract Policy,Agent Operating Laws,Active,docs/control_plane/*,4756f5a0e,Size: 102 bytes | Head SHA: 4756f5a0e
reports/latest/render_100_agent_swarm/agent_028.json,Governance & Contract Policy,Agent Operating Laws,Active,docs/control_plane/*,4756f5a0e,Size: 676 bytes | Head SHA: 4756f5a0e
reports/latest/render_100_agent_swarm/agent_028.md,Governance & Contract Policy,Agent Operating Laws,Active,docs/control_plane/*,4756f5a0e,Size: 196 bytes | Head SHA: 4756f5a0e
reports/latest/render_100_agent_swarm/agent_029.json,Governance & Contract Policy,Agent Operating Laws,Active,docs/control_plane/*,4756f5a0e,Size: 925 bytes | Head SHA: 4756f5a0e
reports/latest/render_100_agent_swarm/agent_029.md,Governance & Contract Policy,Agent Operating Laws,Active,docs/control_plane/*,4756f5a0e,Size: 283 bytes | Head SHA: 4756f5a0e
reports/latest/render_100_agent_swarm/agent_030.json,Governance & Contract Policy,Agent Operating Laws,Active,docs/control_plane/*,4756f5a0e,Size: 1521 bytes | Head SHA: 4756f5a0e
reports/latest/render_100_agent_swarm/agent_030.md,Governance & Contract Policy,Agent Operating Laws,Active,docs/control_plane/*,4756f5a0e,Size: 133 bytes | Head SHA: 4756f5a0e
reports/latest/render_100_agent_swarm/agent_031.json,Governance & Contract Policy,Agent Operating Laws,Active,docs/control_plane/*,4756f5a0e,Size: 13602 bytes | Head SHA: 4756f5a0e
reports/latest/render_100_agent_swarm/agent_031.md,Governance & Contract Policy,Agent Operating Laws,Active,docs/control_plane/*,4756f5a0e,Size: 191 bytes | Head SHA: 4756f5a0e
reports/latest/render_100_agent_swarm/agent_032.json,Governance & Contract Policy,Agent Operating Laws,Active,docs/control_plane/*,4756f5a0e,Size: 510 bytes | Head SHA: 4756f5a0e
reports/latest/render_100_agent_swarm/agent_032.md,Governance & Contract Policy,Agent Operating Laws,Active,docs/control_plane/*,4756f5a0e,Size: 151 bytes | Head SHA: 4756f5a0e
reports/latest/render_100_agent_swarm/agent_033.json,Governance & Contract Policy,Agent Operating Laws,Active,docs/control_plane/*,4756f5a0e,Size: 1817 bytes | Head SHA: 4756f5a0e
reports/latest/render_100_agent_swarm/agent_033.md,Governance & Contract Policy,Agent Operating Laws,Active,docs/control_plane/*,4756f5a0e,Size: 194 bytes | Head SHA: 4756f5a0e
reports/latest/render_100_agent_swarm/agent_034.json,Governance & Contract Policy,Agent Operating Laws,Active,docs/control_plane/*,4756f5a0e,Size: 2176 bytes | Head SHA: 4756f5a0e
reports/latest/render_100_agent_swarm/agent_034.md,Governance & Contract Policy,Agent Operating Laws,Active,docs/control_plane/*,4756f5a0e,Size: 142 bytes | Head SHA: 4756f5a0e
reports/latest/render_100_agent_swarm/agent_035.json,Governance & Contract Policy,Agent Operating Laws,Active,docs/control_plane/*,4756f5a0e,Size: 5501 bytes | Head SHA: 4756f5a0e
reports/latest/render_100_agent_swarm/agent_035.md,Governance & Contract Policy,Agent Operating Laws,Active,docs/control_plane/*,4756f5a0e,Size: 150 bytes | Head SHA: 4756f5a0e
reports/latest/render_100_agent_swarm/agent_036.json,Governance & Contract Policy,Agent Operating Laws,Active,docs/control_plane/*,4756f5a0e,Size: 495 bytes | Head SHA: 4756f5a0e
reports/latest/render_100_agent_swarm/agent_036.md,Governance & Contract Policy,Agent Operating Laws,Active,docs/control_plane/*,4756f5a0e,Size: 104 bytes | Head SHA: 4756f5a0e
reports/latest/render_100_agent_swarm/agent_037.json,Governance & Contract Policy,Agent Operating Laws,Active,docs/control_plane/*,4756f5a0e,Size: 1939 bytes | Head SHA: 4756f5a0e
reports/latest/render_100_agent_swarm/agent_037.md,Governance & Contract Policy,Agent Operating Laws,Active,docs/control_plane/*,4756f5a0e,Size: 606 bytes | Head SHA: 4756f5a0e
reports/latest/render_100_agent_swarm/agent_038.json,Governance & Contract Policy,Agent Operating Laws,Active,docs/control_plane/*,4756f5a0e,Size: 568 bytes | Head SHA: 4756f5a0e
reports/latest/render_100_agent_swarm/agent_038.md,Governance & Contract Policy,Agent Operating Laws,Active,docs/control_plane/*,4756f5a0e,Size: 183 bytes | Head SHA: 4756f5a0e
reports/latest/render_100_agent_swarm/agent_039.json,Governance & Contract Policy,Agent Operating Laws,Active,docs/control_plane/*,4756f5a0e,Size: 718 bytes | Head SHA: 4756f5a0e
reports/latest/render_100_agent_swarm/agent_039.md,Governance & Contract Policy,Agent Operating Laws,Active,docs/control_plane/*,4756f5a0e,Size: 243 bytes | Head SHA: 4756f5a0e
reports/latest/render_100_agent_swarm/agent_040.json,Governance & Contract Policy,Agent Operating Laws,Active,docs/control_plane/*,4756f5a0e,Size: 452 bytes | Head SHA: 4756f5a0e
reports/latest/render_100_agent_swarm/agent_040.md,Governance & Contract Policy,Agent Operating Laws,Active,docs/control_plane/*,4756f5a0e,Size: 104 bytes | Head SHA: 4756f5a0e
reports/latest/render_100_agent_swarm/agent_041.json,Governance & Contract Policy,Agent Operating Laws,Active,docs/control_plane/*,4756f5a0e,Size: 1026 bytes | Head SHA: 4756f5a0e
reports/latest/render_100_agent_swarm/agent_041.md,Governance & Contract Policy,Agent Operating Laws,Active,docs/control_plane/*,4756f5a0e,Size: 281 bytes | Head SHA: 4756f5a0e
reports/latest/render_100_agent_swarm/agent_042.json,Governance & Contract Policy,Agent Operating Laws,Active,docs/control_plane/*,4756f5a0e,Size: 775 bytes | Head SHA: 4756f5a0e
reports/latest/render_100_agent_swarm/agent_042.md,Governance & Contract Policy,Agent Operating Laws,Active,docs/control_plane/*,4756f5a0e,Size: 183 bytes | Head SHA: 4756f5a0e
reports/latest/render_100_agent_swarm/agent_043.json,Governance & Contract Policy,Agent Operating Laws,Active,docs/control_plane/*,4756f5a0e,Size: 563 bytes | Head SHA: 4756f5a0e
reports/latest/render_100_agent_swarm/agent_043.md,Governance & Contract Policy,Agent Operating Laws,Active,docs/control_plane/*,4756f5a0e,Size: 126 bytes | Head SHA: 4756f5a0e
reports/latest/render_100_agent_swarm/agent_044.json,Governance & Contract Policy,Agent Operating Laws,Active,docs/control_plane/*,4756f5a0e,Size: 2334 bytes | Head SHA: 4756f5a0e
reports/latest/render_100_agent_swarm/agent_044.md,Governance & Contract Policy,Agent Operating Laws,Active,docs/control_plane/*,4756f5a0e,Size: 219 bytes | Head SHA: 4756f5a0e
reports/latest/render_100_agent_swarm/agent_045.json,Governance & Contract Policy,Agent Operating Laws,Active,docs/control_plane/*,4756f5a0e,Size: 2931 bytes | Head SHA: 4756f5a0e
reports/latest/render_100_agent_swarm/agent_045.md,Governance & Contract Policy,Agent Operating Laws,Active,docs/control_plane/*,4756f5a0e,Size: 430 bytes | Head SHA: 4756f5a0e
reports/latest/render_100_agent_swarm/agent_046.json,Governance & Contract Policy,Agent Operating Laws,Active,docs/control_plane/*,4756f5a0e,Size: 5323 bytes | Head SHA: 4756f5a0e
reports/latest/render_100_agent_swarm/agent_046.md,Governance & Contract Policy,Agent Operating Laws,Active,docs/control_plane/*,4756f5a0e,Size: 1235 bytes | Head SHA: 4756f5a0e
reports/latest/render_100_agent_swarm/agent_047.json,Governance & Contract Policy,Agent Operating Laws,Active,docs/control_plane/*,4756f5a0e,Size: 1785 bytes | Head SHA: 4756f5a0e
reports/latest/render_100_agent_swarm/agent_047.md,Governance & Contract Policy,Agent Operating Laws,Active,docs/control_plane/*,4756f5a0e,Size: 173 bytes | Head SHA: 4756f5a0e
reports/latest/render_100_agent_swarm/agent_048.json,Governance & Contract Policy,Agent Operating Laws,Active,docs/control_plane/*,4756f5a0e,Size: 676 bytes | Head SHA: 4756f5a0e
reports/latest/render_100_agent_swarm/agent_048.md,Governance & Contract Policy,Agent Operating Laws,Active,docs/control_plane/*,4756f5a0e,Size: 196 bytes | Head SHA: 4756f5a0e
reports/latest/render_100_agent_swarm/agent_049.json,Governance & Contract Policy,Agent Operating Laws,Active,docs/control_plane/*,4756f5a0e,Size: 1786 bytes | Head SHA: 4756f5a0e
reports/latest/render_100_agent_swarm/agent_049.md,Governance & Contract Policy,Agent Operating Laws,Active,docs/control_plane/*,4756f5a0e,Size: 184 bytes | Head SHA: 4756f5a0e
reports/latest/render_100_agent_swarm/agent_050.json,Governance & Contract Policy,Agent Operating Laws,Active,docs/control_plane/*,4756f5a0e,Size: 1521 bytes | Head SHA: 4756f5a0e
reports/latest/render_100_agent_swarm/agent_050.md,Governance & Contract Policy,Agent Operating Laws,Active,docs/control_plane/*,4756f5a0e,Size: 133 bytes | Head SHA: 4756f5a0e
reports/latest/render_100_agent_swarm/agent_051.json,Governance & Contract Policy,Agent Operating Laws,Active,docs/control_plane/*,4756f5a0e,Size: 13602 bytes | Head SHA: 4756f5a0e
reports/latest/render_100_agent_swarm/agent_051.md,Governance & Contract Policy,Agent Operating Laws,Active,docs/control_plane/*,4756f5a0e,Size: 191 bytes | Head SHA: 4756f5a0e
reports/latest/render_100_agent_swarm/agent_052.json,Governance & Contract Policy,Agent Operating Laws,Active,docs/control_plane/*,4756f5a0e,Size: 510 bytes | Head SHA: 4756f5a0e
reports/latest/render_100_agent_swarm/agent_052.md,Governance & Contract Policy,Agent Operating Laws,Active,docs/control_plane/*,4756f5a0e,Size: 151 bytes | Head SHA: 4756f5a0e
reports/latest/render_100_agent_swarm/agent_053.json,Governance & Contract Policy,Agent Operating Laws,Active,docs/control_plane/*,4756f5a0e,Size: 1817 bytes | Head SHA: 4756f5a0e
reports/latest/render_100_agent_swarm/agent_053.md,Governance & Contract Policy,Agent Operating Laws,Active,docs/control_plane/*,4756f5a0e,Size: 194 bytes | Head SHA: 4756f5a0e
reports/latest/render_100_agent_swarm/agent_054.json,Governance & Contract Policy,Agent Operating Laws,Active,docs/control_plane/*,4756f5a0e,Size: 2176 bytes | Head SHA: 4756f5a0e
reports/latest/render_100_agent_swarm/agent_054.md,Governance & Contract Policy,Agent Operating Laws,Active,docs/control_plane/*,4756f5a0e,Size: 142 bytes | Head SHA: 4756f5a0e
reports/latest/render_100_agent_swarm/agent_055.json,Governance & Contract Policy,Agent Operating Laws,Active,docs/control_plane/*,4756f5a0e,Size: 5501 bytes | Head SHA: 4756f5a0e
reports/latest/render_100_agent_swarm/agent_055.md,Governance & Contract Policy,Agent Operating Laws,Active,docs/control_plane/*,4756f5a0e,Size: 150 bytes | Head SHA: 4756f5a0e
reports/latest/render_100_agent_swarm/agent_056.json,Governance & Contract Policy,Agent Operating Laws,Active,docs/control_plane/*,4756f5a0e,Size: 495 bytes | Head SHA: 4756f5a0e
reports/latest/render_100_agent_swarm/agent_056.md,Governance & Contract Policy,Agent Operating Laws,Active,docs/control_plane/*,4756f5a0e,Size: 104 bytes | Head SHA: 4756f5a0e
reports/latest/render_100_agent_swarm/agent_057.json,Governance & Contract Policy,Agent Operating Laws,Active,docs/control_plane/*,4756f5a0e,Size: 1939 bytes | Head SHA: 4756f5a0e
reports/latest/render_100_agent_swarm/agent_057.md,Governance & Contract Policy,Agent Operating Laws,Active,docs/control_plane/*,4756f5a0e,Size: 606 bytes | Head SHA: 4756f5a0e
reports/latest/render_100_agent_swarm/agent_058.json,Governance & Contract Policy,Agent Operating Laws,Active,docs/control_plane/*,4756f5a0e,Size: 568 bytes | Head SHA: 4756f5a0e
reports/latest/render_100_agent_swarm/agent_058.md,Governance & Contract Policy,Agent Operating Laws,Active,docs/control_plane/*,4756f5a0e,Size: 183 bytes | Head SHA: 4756f5a0e
reports/latest/render_100_agent_swarm/agent_059.json,Governance & Contract Policy,Agent Operating Laws,Active,docs/control_plane/*,4756f5a0e,Size: 718 bytes | Head SHA: 4756f5a0e
reports/latest/render_100_agent_swarm/agent_059.md,Governance & Contract Policy,Agent Operating Laws,Active,docs/control_plane/*,4756f5a0e,Size: 243 bytes | Head SHA: 4756f5a0e
reports/latest/render_100_agent_swarm/agent_060.json,Governance & Contract Policy,Agent Operating Laws,Active,docs/control_plane/*,4756f5a0e,Size: 452 bytes | Head SHA: 4756f5a0e
reports/latest/render_100_agent_swarm/agent_060.md,Governance & Contract Policy,Agent Operating Laws,Active,docs/control_plane/*,4756f5a0e,Size: 104 bytes | Head SHA: 4756f5a0e
reports/latest/render_100_agent_swarm/agent_061.json,Governance & Contract Policy,Agent Operating Laws,Active,docs/control_plane/*,4756f5a0e,Size: 5404 bytes | Head SHA: 4756f5a0e
reports/latest/render_100_agent_swarm/agent_061.md,Governance & Contract Policy,Agent Operating Laws,Active,docs/control_plane/*,4756f5a0e,Size: 1613 bytes | Head SHA: 4756f5a0e
reports/latest/render_100_agent_swarm/agent_062.json,Governance & Contract Policy,Agent Operating Laws,Active,docs/control_plane/*,4756f5a0e,Size: 1738 bytes | Head SHA: 4756f5a0e
reports/latest/render_100_agent_swarm/agent_062.md,Governance & Contract Policy,Agent Operating Laws,Active,docs/control_plane/*,4756f5a0e,Size: 183 bytes | Head SHA: 4756f5a0e
reports/latest/render_100_agent_swarm/agent_063.json,Governance & Contract Policy,Agent Operating Laws,Active,docs/control_plane/*,4756f5a0e,Size: 563 bytes | Head SHA: 4756f5a0e
reports/latest/render_100_agent_swarm/agent_063.md,Governance & Contract Policy,Agent Operating Laws,Active,docs/control_plane/*,4756f5a0e,Size: 126 bytes | Head SHA: 4756f5a0e
reports/latest/render_100_agent_swarm/agent_064.json,Governance & Contract Policy,Agent Operating Laws,Active,docs/control_plane/*,4756f5a0e,Size: 2381 bytes | Head SHA: 4756f5a0e
reports/latest/render_100_agent_swarm/agent_064.md,Governance & Contract Policy,Agent Operating Laws,Active,docs/control_plane/*,4756f5a0e,Size: 213 bytes | Head SHA: 4756f5a0e
reports/latest/render_100_agent_swarm/agent_065.json,Governance & Contract Policy,Agent Operating Laws,Active,docs/control_plane/*,4756f5a0e,Size: 2224 bytes | Head SHA: 4756f5a0e
reports/latest/render_100_agent_swarm/agent_065.md,Governance & Contract Policy,Agent Operating Laws,Active,docs/control_plane/*,4756f5a0e,Size: 484 bytes | Head SHA: 4756f5a0e
reports/latest/render_100_agent_swarm/agent_066.json,Governance & Contract Policy,Agent Operating Laws,Active,docs/control_plane/*,4756f5a0e,Size: 2485 bytes | Head SHA: 4756f5a0e
reports/latest/render_100_agent_swarm/agent_066.md,Governance & Contract Policy,Agent Operating Laws,Active,docs/control_plane/*,4756f5a0e,Size: 734 bytes | Head SHA: 4756f5a0e
reports/latest/render_100_agent_swarm/agent_067.json,Governance & Contract Policy,Agent Operating Laws,Active,docs/control_plane/*,4756f5a0e,Size: 735 bytes | Head SHA: 4756f5a0e
reports/latest/render_100_agent_swarm/agent_067.md,Governance & Contract Policy,Agent Operating Laws,Active,docs/control_plane/*,4756f5a0e,Size: 102 bytes | Head SHA: 4756f5a0e
reports/latest/render_100_agent_swarm/agent_068.json,Governance & Contract Policy,Agent Operating Laws,Active,docs/control_plane/*,4756f5a0e,Size: 676 bytes | Head SHA: 4756f5a0e
reports/latest/render_100_agent_swarm/agent_068.md,Governance & Contract Policy,Agent Operating Laws,Active,docs/control_plane/*,4756f5a0e,Size: 196 bytes | Head SHA: 4756f5a0e
reports/latest/render_100_agent_swarm/agent_069.json,Governance & Contract Policy,Agent Operating Laws,Active,docs/control_plane/*,4756f5a0e,Size: 925 bytes | Head SHA: 4756f5a0e
reports/latest/render_100_agent_swarm/agent_069.md,Governance & Contract Policy,Agent Operating Laws,Active,docs/control_plane/*,4756f5a0e,Size: 283 bytes | Head SHA: 4756f5a0e
reports/latest/render_100_agent_swarm/agent_070.json,Governance & Contract Policy,Agent Operating Laws,Active,docs/control_plane/*,4756f5a0e,Size: 1521 bytes | Head SHA: 4756f5a0e
reports/latest/render_100_agent_swarm/agent_070.md,Governance & Contract Policy,Agent Operating Laws,Active,docs/control_plane/*,4756f5a0e,Size: 133 bytes | Head SHA: 4756f5a0e
reports/latest/render_100_agent_swarm/agent_071.json,Governance & Contract Policy,Agent Operating Laws,Active,docs/control_plane/*,4756f5a0e,Size: 13602 bytes | Head SHA: 4756f5a0e
reports/latest/render_100_agent_swarm/agent_071.md,Governance & Contract Policy,Agent Operating Laws,Active,docs/control_plane/*,4756f5a0e,Size: 191 bytes | Head SHA: 4756f5a0e
reports/latest/render_100_agent_swarm/agent_072.json,Governance & Contract Policy,Agent Operating Laws,Active,docs/control_plane/*,4756f5a0e,Size: 510 bytes | Head SHA: 4756f5a0e
reports/latest/render_100_agent_swarm/agent_072.md,Governance & Contract Policy,Agent Operating Laws,Active,docs/control_plane/*,4756f5a0e,Size: 151 bytes | Head SHA: 4756f5a0e
reports/latest/render_100_agent_swarm/agent_073.json,Governance & Contract Policy,Agent Operating Laws,Active,docs/control_plane/*,4756f5a0e,Size: 1817 bytes | Head SHA: 4756f5a0e
reports/latest/render_100_agent_swarm/agent_073.md,Governance & Contract Policy,Agent Operating Laws,Active,docs/control_plane/*,4756f5a0e,Size: 194 bytes | Head SHA: 4756f5a0e
reports/latest/render_100_agent_swarm/agent_074.json,Governance & Contract Policy,Agent Operating Laws,Active,docs/control_plane/*,4756f5a0e,Size: 2176 bytes | Head SHA: 4756f5a0e
reports/latest/render_100_agent_swarm/agent_074.md,Governance & Contract Policy,Agent Operating Laws,Active,docs/control_plane/*,4756f5a0e,Size: 142 bytes | Head SHA: 4756f5a0e
reports/latest/render_100_agent_swarm/agent_075.json,Governance & Contract Policy,Agent Operating Laws,Active,docs/control_plane/*,4756f5a0e,Size: 5501 bytes | Head SHA: 4756f5a0e
reports/latest/render_100_agent_swarm/agent_075.md,Governance & Contract Policy,Agent Operating Laws,Active,docs/control_plane/*,4756f5a0e,Size: 150 bytes | Head SHA: 4756f5a0e
reports/latest/render_100_agent_swarm/agent_076.json,Governance & Contract Policy,Agent Operating Laws,Active,docs/control_plane/*,4756f5a0e,Size: 495 bytes | Head SHA: 4756f5a0e
reports/latest/render_100_agent_swarm/agent_076.md,Governance & Contract Policy,Agent Operating Laws,Active,docs/control_plane/*,4756f5a0e,Size: 104 bytes | Head SHA: 4756f5a0e
reports/latest/render_100_agent_swarm/agent_077.json,Governance & Contract Policy,Agent Operating Laws,Active,docs/control_plane/*,4756f5a0e,Size: 1939 bytes | Head SHA: 4756f5a0e
reports/latest/render_100_agent_swarm/agent_077.md,Governance & Contract Policy,Agent Operating Laws,Active,docs/control_plane/*,4756f5a0e,Size: 606 bytes | Head SHA: 4756f5a0e
reports/latest/render_100_agent_swarm/agent_078.json,Governance & Contract Policy,Agent Operating Laws,Active,docs/control_plane/*,4756f5a0e,Size: 568 bytes | Head SHA: 4756f5a0e
reports/latest/render_100_agent_swarm/agent_078.md,Governance & Contract Policy,Agent Operating Laws,Active,docs/control_plane/*,4756f5a0e,Size: 183 bytes | Head SHA: 4756f5a0e
reports/latest/render_100_agent_swarm/agent_079.json,Governance & Contract Policy,Agent Operating Laws,Active,docs/control_plane/*,4756f5a0e,Size: 718 bytes | Head SHA: 4756f5a0e
reports/latest/render_100_agent_swarm/agent_079.md,Governance & Contract Policy,Agent Operating Laws,Active,docs/control_plane/*,4756f5a0e,Size: 243 bytes | Head SHA: 4756f5a0e
reports/latest/render_100_agent_swarm/agent_080.json,Governance & Contract Policy,Agent Operating Laws,Active,docs/control_plane/*,4756f5a0e,Size: 452 bytes | Head SHA: 4756f5a0e
reports/latest/render_100_agent_swarm/agent_080.md,Governance & Contract Policy,Agent Operating Laws,Active,docs/control_plane/*,4756f5a0e,Size: 104 bytes | Head SHA: 4756f5a0e
reports/latest/render_100_agent_swarm/agent_081.json,Governance & Contract Policy,Agent Operating Laws,Active,docs/control_plane/*,4756f5a0e,Size: 5404 bytes | Head SHA: 4756f5a0e
reports/latest/render_100_agent_swarm/agent_081.md,Governance & Contract Policy,Agent Operating Laws,Active,docs/control_plane/*,4756f5a0e,Size: 1613 bytes | Head SHA: 4756f5a0e
reports/latest/render_100_agent_swarm/agent_082.json,Governance & Contract Policy,Agent Operating Laws,Active,docs/control_plane/*,4756f5a0e,Size: 774 bytes | Head SHA: 4756f5a0e
reports/latest/render_100_agent_swarm/agent_082.md,Governance & Contract Policy,Agent Operating Laws,Active,docs/control_plane/*,4756f5a0e,Size: 183 bytes | Head SHA: 4756f5a0e
reports/latest/render_100_agent_swarm/agent_083.json,Governance & Contract Policy,Agent Operating Laws,Active,docs/control_plane/*,4756f5a0e,Size: 563 bytes | Head SHA: 4756f5a0e
reports/latest/render_100_agent_swarm/agent_083.md,Governance & Contract Policy,Agent Operating Laws,Active,docs/control_plane/*,4756f5a0e,Size: 126 bytes | Head SHA: 4756f5a0e
reports/latest/render_100_agent_swarm/agent_084.json,Governance & Contract Policy,Agent Operating Laws,Active,docs/control_plane/*,4756f5a0e,Size: 5449 bytes | Head SHA: 4756f5a0e
reports/latest/render_100_agent_swarm/agent_084.md,Governance & Contract Policy,Agent Operating Laws,Active,docs/control_plane/*,4756f5a0e,Size: 388 bytes | Head SHA: 4756f5a0e
reports/latest/render_100_agent_swarm/agent_085.json,Governance & Contract Policy,Agent Operating Laws,Active,docs/control_plane/*,4756f5a0e,Size: 2931 bytes | Head SHA: 4756f5a0e
reports/latest/render_100_agent_swarm/agent_085.md,Governance & Contract Policy,Agent Operating Laws,Active,docs/control_plane/*,4756f5a0e,Size: 430 bytes | Head SHA: 4756f5a0e
reports/latest/render_100_agent_swarm/agent_086.json,Governance & Contract Policy,Agent Operating Laws,Active,docs/control_plane/*,4756f5a0e,Size: 2485 bytes | Head SHA: 4756f5a0e
reports/latest/render_100_agent_swarm/agent_086.md,Governance & Contract Policy,Agent Operating Laws,Active,docs/control_plane/*,4756f5a0e,Size: 734 bytes | Head SHA: 4756f5a0e
reports/latest/render_100_agent_swarm/agent_087.json,Governance & Contract Policy,Agent Operating Laws,Active,docs/control_plane/*,4756f5a0e,Size: 1762 bytes | Head SHA: 4756f5a0e
reports/latest/render_100_agent_swarm/agent_087.md,Governance & Contract Policy,Agent Operating Laws,Active,docs/control_plane/*,4756f5a0e,Size: 150 bytes | Head SHA: 4756f5a0e
reports/latest/render_100_agent_swarm/agent_088.json,Governance & Contract Policy,Agent Operating Laws,Active,docs/control_plane/*,4756f5a0e,Size: 676 bytes | Head SHA: 4756f5a0e
reports/latest/render_100_agent_swarm/agent_088.md,Governance & Contract Policy,Agent Operating Laws,Active,docs/control_plane/*,4756f5a0e,Size: 196 bytes | Head SHA: 4756f5a0e
reports/latest/render_100_agent_swarm/agent_089.json,Governance & Contract Policy,Agent Operating Laws,Active,docs/control_plane/*,4756f5a0e,Size: 925 bytes | Head SHA: 4756f5a0e
reports/latest/render_100_agent_swarm/agent_089.md,Governance & Contract Policy,Agent Operating Laws,Active,docs/control_plane/*,4756f5a0e,Size: 283 bytes | Head SHA: 4756f5a0e
reports/latest/render_100_agent_swarm/agent_090.json,Governance & Contract Policy,Agent Operating Laws,Active,docs/control_plane/*,4756f5a0e,Size: 1521 bytes | Head SHA: 4756f5a0e
reports/latest/render_100_agent_swarm/agent_090.md,Governance & Contract Policy,Agent Operating Laws,Active,docs/control_plane/*,4756f5a0e,Size: 133 bytes | Head SHA: 4756f5a0e
reports/latest/render_100_agent_swarm/agent_091.json,Governance & Contract Policy,Agent Operating Laws,Active,docs/control_plane/*,4756f5a0e,Size: 13602 bytes | Head SHA: 4756f5a0e
reports/latest/render_100_agent_swarm/agent_091.md,Governance & Contract Policy,Agent Operating Laws,Active,docs/control_plane/*,4756f5a0e,Size: 191 bytes | Head SHA: 4756f5a0e
reports/latest/render_100_agent_swarm/agent_092.json,Governance & Contract Policy,Agent Operating Laws,Active,docs/control_plane/*,4756f5a0e,Size: 510 bytes | Head SHA: 4756f5a0e
reports/latest/render_100_agent_swarm/agent_092.md,Governance & Contract Policy,Agent Operating Laws,Active,docs/control_plane/*,4756f5a0e,Size: 151 bytes | Head SHA: 4756f5a0e
reports/latest/render_100_agent_swarm/agent_093.json,Governance & Contract Policy,Agent Operating Laws,Active,docs/control_plane/*,4756f5a0e,Size: 1817 bytes | Head SHA: 4756f5a0e
reports/latest/render_100_agent_swarm/agent_093.md,Governance & Contract Policy,Agent Operating Laws,Active,docs/control_plane/*,4756f5a0e,Size: 194 bytes | Head SHA: 4756f5a0e
reports/latest/render_100_agent_swarm/agent_094.json,Governance & Contract Policy,Agent Operating Laws,Active,docs/control_plane/*,4756f5a0e,Size: 2176 bytes | Head SHA: 4756f5a0e
reports/latest/render_100_agent_swarm/agent_094.md,Governance & Contract Policy,Agent Operating Laws,Active,docs/control_plane/*,4756f5a0e,Size: 142 bytes | Head SHA: 4756f5a0e
reports/latest/render_100_agent_swarm/agent_095.json,Governance & Contract Policy,Agent Operating Laws,Active,docs/control_plane/*,4756f5a0e,Size: 5501 bytes | Head SHA: 4756f5a0e
reports/latest/render_100_agent_swarm/agent_095.md,Governance & Contract Policy,Agent Operating Laws,Active,docs/control_plane/*,4756f5a0e,Size: 150 bytes | Head SHA: 4756f5a0e
reports/latest/render_100_agent_swarm/agent_096.json,Governance & Contract Policy,Agent Operating Laws,Active,docs/control_plane/*,4756f5a0e,Size: 495 bytes | Head SHA: 4756f5a0e
reports/latest/render_100_agent_swarm/agent_096.md,Governance & Contract Policy,Agent Operating Laws,Active,docs/control_plane/*,4756f5a0e,Size: 104 bytes | Head SHA: 4756f5a0e
reports/latest/render_100_agent_swarm/agent_097.json,Governance & Contract Policy,Agent Operating Laws,Active,docs/control_plane/*,4756f5a0e,Size: 1939 bytes | Head SHA: 4756f5a0e
reports/latest/render_100_agent_swarm/agent_097.md,Governance & Contract Policy,Agent Operating Laws,Active,docs/control_plane/*,4756f5a0e,Size: 606 bytes | Head SHA: 4756f5a0e
reports/latest/render_100_agent_swarm/agent_098.json,Governance & Contract Policy,Agent Operating Laws,Active,docs/control_plane/*,4756f5a0e,Size: 568 bytes | Head SHA: 4756f5a0e
reports/latest/render_100_agent_swarm/agent_098.md,Governance & Contract Policy,Agent Operating Laws,Active,docs/control_plane/*,4756f5a0e,Size: 183 bytes | Head SHA: 4756f5a0e
reports/latest/render_100_agent_swarm/agent_099.json,Governance & Contract Policy,Agent Operating Laws,Active,docs/control_plane/*,4756f5a0e,Size: 718 bytes | Head SHA: 4756f5a0e
reports/latest/render_100_agent_swarm/agent_099.md,Governance & Contract Policy,Agent Operating Laws,Active,docs/control_plane/*,4756f5a0e,Size: 243 bytes | Head SHA: 4756f5a0e
reports/latest/render_100_agent_swarm/agent_100.json,Governance & Contract Policy,Agent Operating Laws,Active,docs/control_plane/*,4756f5a0e,Size: 452 bytes | Head SHA: 4756f5a0e
reports/latest/render_100_agent_swarm/agent_100.md,Governance & Contract Policy,Agent Operating Laws,Active,docs/control_plane/*,4756f5a0e,Size: 104 bytes | Head SHA: 4756f5a0e
reports/latest/render_100_agent_swarm/summary.json,Governance & Contract Policy,Agent Operating Laws,Active,docs/control_plane/*,4756f5a0e,Size: 25595 bytes | Head SHA: 4756f5a0e
reports/latest/render_100_agent_swarm/summary.md,Governance & Contract Policy,Agent Operating Laws,Active,docs/control_plane/*,4756f5a0e,Size: 23724 bytes | Head SHA: 4756f5a0e
reports/latest/render_memory_audit/agent_prompt.md,Governance & Contract Policy,Agent Operating Laws,Active,docs/control_plane/*,4756f5a0e,Size: 1337 bytes | Head SHA: 4756f5a0e
reports/latest/repo_path_audit/ruleset-21581518-put.json,Governance & Contract Policy,Agent Operating Laws,Active,docs/control_plane/*,4756f5a0e,Size: 1289 bytes | Head SHA: 4756f5a0e
reports/latest/repo_path_audit/ruleset_21581518_priority_check_fix.json,Governance & Contract Policy,Agent Operating Laws,Active,docs/control_plane/*,4756f5a0e,Size: 2284 bytes | Head SHA: 4756f5a0e
schemas/agent_policy.v4.schema.json,Governance & Contract Policy,Agent Operating Laws,Active,docs/control_plane/*,4756f5a0e,Size: 9258 bytes | Head SHA: 4756f5a0e
schemas/system3_agent_evidence_catalog.v1.schema.json,Governance & Contract Policy,Agent Operating Laws,Active,docs/control_plane/*,4756f5a0e,Size: 1001 bytes | Head SHA: 4756f5a0e
scripts/add_upgrade_agent_endpoints.py,Governance & Contract Policy,Agent Operating Laws,Active,docs/control_plane/*,4756f5a0e,Size: 7780 bytes | Head SHA: 4756f5a0e
scripts/agent_autonomous_setup.ps1,Governance & Contract Policy,Agent Operating Laws,Active,docs/control_plane/*,4756f5a0e,Size: 5801 bytes | Head SHA: 4756f5a0e
scripts/agent_finish_setup.ps1,Governance & Contract Policy,Agent Operating Laws,Active,docs/control_plane/*,4756f5a0e,Size: 2609 bytes | Head SHA: 4756f5a0e
scripts/continuous_auto_agent.py,Governance & Contract Policy,Agent Operating Laws,Active,docs/control_plane/*,4756f5a0e,Size: 7632 bytes | Head SHA: 4756f5a0e
scripts/gcp_mutation_policy_runtime_proof.py,Governance & Contract Policy,Agent Operating Laws,Active,docs/control_plane/*,4756f5a0e,Size: 9484 bytes | Head SHA: 4756f5a0e
scripts/validate_access_policy.py,Governance & Contract Policy,Agent Operating Laws,Active,docs/control_plane/*,4756f5a0e,Size: 2540 bytes | Head SHA: 4756f5a0e
tests/evals/test_ruhi_user_action_autonomy_policy.py,Governance & Contract Policy,Agent Operating Laws,Active,docs/control_plane/*,4756f5a0e,Size: 3310 bytes | Head SHA: 4756f5a0e
tests/test_gcp_mutation_policy_runtime_proof.py,Governance & Contract Policy,Agent Operating Laws,Active,docs/control_plane/*,4756f5a0e,Size: 1122 bytes | Head SHA: 4756f5a0e
tests/test_security_policy.py,Governance & Contract Policy,Agent Operating Laws,Active,docs/control_plane/*,4756f5a0e,Size: 4633 bytes | Head SHA: 4756f5a0e
tools/multi_agent_production_coordinator.py,Governance & Contract Policy,Agent Operating Laws,Active,docs/control_plane/*,4756f5a0e,Size: 10123 bytes | Head SHA: 4756f5a0e
tools/verify_cursor_agent_bugs.py,Governance & Contract Policy,Agent Operating Laws,Active,docs/control_plane/*,4756f5a0e,Size: 4520 bytes | Head SHA: 4756f5a0e
.github/dependabot.yml,ML & Tournament,Prediction Intelligence,Active,"/api/ml/features, /api/ml/tournament",4756f5a0e,Size: 1293 bytes | Head SHA: 4756f5a0e
.github/workflows/ci.yml,ML & Tournament,Prediction Intelligence,Active,"/api/ml/features, /api/ml/tournament",4756f5a0e,Size: 15810 bytes | Head SHA: 4756f5a0e
.github/workflows/cloud-run-auto-deploy.yml,ML & Tournament,Prediction Intelligence,Active,"/api/ml/features, /api/ml/tournament",4756f5a0e,Size: 36550 bytes | Head SHA: 4756f5a0e
.github/workflows/codeql-security.yml,ML & Tournament,Prediction Intelligence,Active,"/api/ml/features, /api/ml/tournament",4756f5a0e,Size: 963 bytes | Head SHA: 4756f5a0e
.github/workflows/command-center-access.yml,ML & Tournament,Prediction Intelligence,Active,"/api/ml/features, /api/ml/tournament",4756f5a0e,Size: 3551 bytes | Head SHA: 4756f5a0e
.github/workflows/frontend-runtime-smoke.yml,ML & Tournament,Prediction Intelligence,Active,"/api/ml/features, /api/ml/tournament",4756f5a0e,Size: 3800 bytes | Head SHA: 4756f5a0e
.github/workflows/full-cloud-audit.yml,ML & Tournament,Prediction Intelligence,Active,"/api/ml/features, /api/ml/tournament",4756f5a0e,Size: 11201 bytes | Head SHA: 4756f5a0e
.github/workflows/gcp-authority-repair.yml,ML & Tournament,Prediction Intelligence,Active,"/api/ml/features, /api/ml/tournament",4756f5a0e,Size: 6939 bytes | Head SHA: 4756f5a0e
.github/workflows/gcp-dhan-token-fix-ci.yml,ML & Tournament,Prediction Intelligence,Active,"/api/ml/features, /api/ml/tournament",4756f5a0e,Size: 11317 bytes | Head SHA: 4756f5a0e
.github/workflows/gcp-dhan-token-rotation.yml,ML & Tournament,Prediction Intelligence,Active,"/api/ml/features, /api/ml/tournament",4756f5a0e,Size: 7074 bytes | Head SHA: 4756f5a0e
.github/workflows/gcp-live-ui-semantic-proof.yml,ML & Tournament,Prediction Intelligence,Active,"/api/ml/features, /api/ml/tournament",4756f5a0e,Size: 2303 bytes | Head SHA: 4756f5a0e
.github/workflows/gcp-stage2-ci.yml,ML & Tournament,Prediction Intelligence,Active,"/api/ml/features, /api/ml/tournament",4756f5a0e,Size: 1794 bytes | Head SHA: 4756f5a0e
.github/workflows/live-proof-center.yml,ML & Tournament,Prediction Intelligence,Active,"/api/ml/features, /api/ml/tournament",4756f5a0e,Size: 4778 bytes | Head SHA: 4756f5a0e
.github/workflows/repo-clean-forensic-toolkit.yml,ML & Tournament,Prediction Intelligence,Active,"/api/ml/features, /api/ml/tournament",4756f5a0e,Size: 3668 bytes | Head SHA: 4756f5a0e
.github/workflows/security-audit.yml,ML & Tournament,Prediction Intelligence,Active,"/api/ml/features, /api/ml/tournament",4756f5a0e,Size: 3362 bytes | Head SHA: 4756f5a0e
.github/workflows/sonarqube-audit.yml,ML & Tournament,Prediction Intelligence,Active,"/api/ml/features, /api/ml/tournament",4756f5a0e,Size: 3132 bytes | Head SHA: 4756f5a0e
.github/workflows/system3-preflight-control-plane.yml,ML & Tournament,Prediction Intelligence,Active,"/api/ml/features, /api/ml/tournament",4756f5a0e,Size: 1389 bytes | Head SHA: 4756f5a0e
.github/workflows/system3-runbook-audit.yml,ML & Tournament,Prediction Intelligence,Active,"/api/ml/features, /api/ml/tournament",4756f5a0e,Size: 1071 bytes | Head SHA: 4756f5a0e
.github/workflows/workflow-priority-guard.yml,ML & Tournament,Prediction Intelligence,Active,"/api/ml/features, /api/ml/tournament",4756f5a0e,Size: 9282 bytes | Head SHA: 4756f5a0e
.pre-commit-config.yaml,ML & Tournament,Prediction Intelligence,Active,"/api/ml/features, /api/ml/tournament",4756f5a0e,Size: 2118 bytes | Head SHA: 4756f5a0e
agent_policy.yaml,ML & Tournament,Prediction Intelligence,Active,"/api/ml/features, /api/ml/tournament",4756f5a0e,Size: 20133 bytes | Head SHA: 4756f5a0e
config/system3_broker_config.yml,ML & Tournament,Prediction Intelligence,Active,"/api/ml/features, /api/ml/tournament",4756f5a0e,Size: 586 bytes | Head SHA: 4756f5a0e
config/system3_global_config.yml,ML & Tournament,Prediction Intelligence,Active,"/api/ml/features, /api/ml/tournament",4756f5a0e,Size: 606 bytes | Head SHA: 4756f5a0e
config/system3_risk_config.yml,ML & Tournament,Prediction Intelligence,Active,"/api/ml/features, /api/ml/tournament",4756f5a0e,Size: 1461 bytes | Head SHA: 4756f5a0e
core/engine/ai_model/__init__.py,ML & Tournament,Prediction Intelligence,Active,"/api/ml/features, /api/ml/tournament",4756f5a0e,Size: 415 bytes | Head SHA: 4756f5a0e
core/engine/ai_model/data_balancing_v2.py,ML & Tournament,Prediction Intelligence,Active,"/api/ml/features, /api/ml/tournament",4756f5a0e,Size: 9085 bytes | Head SHA: 4756f5a0e
core/engine/ai_model/feature_engineering_v2.py,ML & Tournament,Prediction Intelligence,Active,"/api/ml/features, /api/ml/tournament",4756f5a0e,Size: 16277 bytes | Head SHA: 4756f5a0e
core/engine/ai_model/ml_predictor.py,ML & Tournament,Prediction Intelligence,Active,"/api/ml/features, /api/ml/tournament",4756f5a0e,Size: 16599 bytes | Head SHA: 4756f5a0e
core/engine/ai_model/smote_balancer.py,ML & Tournament,Prediction Intelligence,Active,"/api/ml/features, /api/ml/tournament",4756f5a0e,Size: 11005 bytes | Head SHA: 4756f5a0e
core/engine/ai_model/xgboost_trainer.py,ML & Tournament,Prediction Intelligence,Active,"/api/ml/features, /api/ml/tournament",4756f5a0e,Size: 13551 bytes | Head SHA: 4756f5a0e
core/engine/breakout_model/__init__.py,ML & Tournament,Prediction Intelligence,Active,"/api/ml/features, /api/ml/tournament",4756f5a0e,Size: 251 bytes | Head SHA: 4756f5a0e
core/engine/breakout_model/breakout_detector.py,ML & Tournament,Prediction Intelligence,Active,"/api/ml/features, /api/ml/tournament",4756f5a0e,Size: 6757 bytes | Head SHA: 4756f5a0e
core/engine/dhan_blended_model_trainer.py,ML & Tournament,Prediction Intelligence,Active,"/api/ml/features, /api/ml/tournament",4756f5a0e,Size: 4194 bytes | Head SHA: 4756f5a0e
core/engine/dhan_blended_model_trainer_v2.py,ML & Tournament,Prediction Intelligence,Active,"/api/ml/features, /api/ml/tournament",4756f5a0e,Size: 6635 bytes | Head SHA: 4756f5a0e
core/engine/dhan_feature_drift_analyzer.py,ML & Tournament,Prediction Intelligence,Active,"/api/ml/features, /api/ml/tournament",4756f5a0e,Size: 7150 bytes | Head SHA: 4756f5a0e
core/engine/dhan_feature_importance.py,ML & Tournament,Prediction Intelligence,Active,"/api/ml/features, /api/ml/tournament",4756f5a0e,Size: 6015 bytes | Head SHA: 4756f5a0e
core/engine/dhan_feature_ranker.py,ML & Tournament,Prediction Intelligence,Active,"/api/ml/features, /api/ml/tournament",4756f5a0e,Size: 4125 bytes | Head SHA: 4756f5a0e
core/engine/dhan_features.py,ML & Tournament,Prediction Intelligence,Active,"/api/ml/features, /api/ml/tournament",4756f5a0e,Size: 4566 bytes | Head SHA: 4756f5a0e
core/engine/dhan_model_selector.py,ML & Tournament,Prediction Intelligence,Active,"/api/ml/features, /api/ml/tournament",4756f5a0e,Size: 10827 bytes | Head SHA: 4756f5a0e
core/engine/dhan_multi_model_agreement.py,ML & Tournament,Prediction Intelligence,Active,"/api/ml/features, /api/ml/tournament",4756f5a0e,Size: 3409 bytes | Head SHA: 4756f5a0e
core/engine/momentum_model/__init__.py,ML & Tournament,Prediction Intelligence,Active,"/api/ml/features, /api/ml/tournament",4756f5a0e,Size: 160 bytes | Head SHA: 4756f5a0e
core/engine/momentum_model/momentum_analyzer.py,ML & Tournament,Prediction Intelligence,Active,"/api/ml/features, /api/ml/tournament",4756f5a0e,Size: 2096 bytes | Head SHA: 4756f5a0e
core/engine/phase_389_feature_engineering_production.py,ML & Tournament,Prediction Intelligence,Active,"/api/ml/features, /api/ml/tournament",4756f5a0e,Size: 30540 bytes | Head SHA: 4756f5a0e
core/engine/system3_phase183_model_performance_tracking.py,ML & Tournament,Prediction Intelligence,Active,"/api/ml/features, /api/ml/tournament",4756f5a0e,Size: 1974 bytes | Head SHA: 4756f5a0e
core/engine/system3_phase191_feature_importance_summary.py,ML & Tournament,Prediction Intelligence,Active,"/api/ml/features, /api/ml/tournament",4756f5a0e,Size: 1974 bytes | Head SHA: 4756f5a0e
core/engine/system3_phase192_model_comparison_report.py,ML & Tournament,Prediction Intelligence,Active,"/api/ml/features, /api/ml/tournament",4756f5a0e,Size: 1950 bytes | Head SHA: 4756f5a0e
core/engine/system3_phase206_model_compatibility.py,ML & Tournament,Prediction Intelligence,Active,"/api/ml/features, /api/ml/tournament",4756f5a0e,Size: 7958 bytes | Head SHA: 4756f5a0e
core/engine/system3_phase211_feature_drift.py,ML & Tournament,Prediction Intelligence,Active,"/api/ml/features, /api/ml/tournament",4756f5a0e,Size: 5588 bytes | Head SHA: 4756f5a0e
core/engine/system3_phase226_feature_importance.py,ML & Tournament,Prediction Intelligence,Active,"/api/ml/features, /api/ml/tournament",4756f5a0e,Size: 6236 bytes | Head SHA: 4756f5a0e
core/engine/system3_phase249_model_loader.py,ML & Tournament,Prediction Intelligence,Active,"/api/ml/features, /api/ml/tournament",4756f5a0e,Size: 2497 bytes | Head SHA: 4756f5a0e
core/engine/system3_phase251_model_drift_tracker.py,ML & Tournament,Prediction Intelligence,Active,"/api/ml/features, /api/ml/tournament",4756f5a0e,Size: 11257 bytes | Head SHA: 4756f5a0e
core/engine/system3_phase252_model_retraining_scheduler.py,ML & Tournament,Prediction Intelligence,Active,"/api/ml/features, /api/ml/tournament",4756f5a0e,Size: 7889 bytes | Head SHA: 4756f5a0e
core/engine/system3_phase253_shadow_model_validator.py,ML & Tournament,Prediction Intelligence,Active,"/api/ml/features, /api/ml/tournament",4756f5a0e,Size: 7792 bytes | Head SHA: 4756f5a0e
core/engine/system3_phase254_production_model_switcher.py,ML & Tournament,Prediction Intelligence,Active,"/api/ml/features, /api/ml/tournament",4756f5a0e,Size: 5710 bytes | Head SHA: 4756f5a0e
core/engine/system3_phase255_model_performance_logger.py,ML & Tournament,Prediction Intelligence,Active,"/api/ml/features, /api/ml/tournament",4756f5a0e,Size: 4946 bytes | Head SHA: 4756f5a0e
core/engine/system3_phase272_feature_selection_optimizer.py,ML & Tournament,Prediction Intelligence,Active,"/api/ml/features, /api/ml/tournament",4756f5a0e,Size: 3955 bytes | Head SHA: 4756f5a0e
core/engine/system3_phase273_model_ensemble_builder.py,ML & Tournament,Prediction Intelligence,Active,"/api/ml/features, /api/ml/tournament",4756f5a0e,Size: 2743 bytes | Head SHA: 4756f5a0e
core/engine/system3_phase296_model_performance_report.py,ML & Tournament,Prediction Intelligence,Active,"/api/ml/features, /api/ml/tournament",4756f5a0e,Size: 4175 bytes | Head SHA: 4756f5a0e
core/engine/system3_phase334_model_drift_snapshot.py,ML & Tournament,Prediction Intelligence,Active,"/api/ml/features, /api/ml/tournament",4756f5a0e,Size: 6314 bytes | Head SHA: 4756f5a0e
core/engine/system3_phase335_model_drift_analyzer.py,ML & Tournament,Prediction Intelligence,Active,"/api/ml/features, /api/ml/tournament",4756f5a0e,Size: 8474 bytes | Head SHA: 4756f5a0e
core/engine/system3_phase341_model_drift_detector_v2.py,ML & Tournament,Prediction Intelligence,Active,"/api/ml/features, /api/ml/tournament",4756f5a0e,Size: 17002 bytes | Head SHA: 4756f5a0e
core/engine/system3_phase363_model_drift_checker.py,ML & Tournament,Prediction Intelligence,Active,"/api/ml/features, /api/ml/tournament",4756f5a0e,Size: 12683 bytes | Head SHA: 4756f5a0e
core/engine/system3_phase381_ultra_models_scanner.py,ML & Tournament,Prediction Intelligence,Active,"/api/ml/features, /api/ml/tournament",4756f5a0e,Size: 4687 bytes | Head SHA: 4756f5a0e
core/engine/system3_phase382_ultra_models_validator.py,ML & Tournament,Prediction Intelligence,Active,"/api/ml/features, /api/ml/tournament",4756f5a0e,Size: 8590 bytes | Head SHA: 4756f5a0e
core/engine/train_dhan_models.py,ML & Tournament,Prediction Intelligence,Active,"/api/ml/features, /api/ml/tournament",4756f5a0e,Size: 9758 bytes | Head SHA: 4756f5a0e
core/engine/trend_model/__init__.py,ML & Tournament,Prediction Intelligence,Active,"/api/ml/features, /api/ml/tournament",4756f5a0e,Size: 208 bytes | Head SHA: 4756f5a0e
core/engine/trend_model/trend_analyzer.py,ML & Tournament,Prediction Intelligence,Active,"/api/ml/features, /api/ml/tournament",4756f5a0e,Size: 7294 bytes | Head SHA: 4756f5a0e
core/engine/ultra_feature_engineering.py,ML & Tournament,Prediction Intelligence,Active,"/api/ml/features, /api/ml/tournament",4756f5a0e,Size: 11867 bytes | Head SHA: 4756f5a0e
core/engine/ultra_models_loader.py,ML & Tournament,Prediction Intelligence,Active,"/api/ml/features, /api/ml/tournament",4756f5a0e,Size: 9611 bytes | Head SHA: 4756f5a0e
core/engine/ultra_train_models.py,ML & Tournament,Prediction Intelligence,Active,"/api/ml/features, /api/ml/tournament",4756f5a0e,Size: 8737 bytes | Head SHA: 4756f5a0e
core/engine/volatility_model/__init__.py,ML & Tournament,Prediction Intelligence,Active,"/api/ml/features, /api/ml/tournament",4756f5a0e,Size: 242 bytes | Head SHA: 4756f5a0e
core/engine/volatility_model/volatility_analyzer.py,ML & Tournament,Prediction Intelligence,Active,"/api/ml/features, /api/ml/tournament",4756f5a0e,Size: 5735 bytes | Head SHA: 4756f5a0e
core/execution/order_models.py,ML & Tournament,Prediction Intelligence,Active,"/api/ml/features, /api/ml/tournament",4756f5a0e,Size: 700 bytes | Head SHA: 4756f5a0e
core/ml/automated_model_retrainer.py,ML & Tournament,Prediction Intelligence,Active,"/api/ml/features, /api/ml/tournament",4756f5a0e,Size: 3829 bytes | Head SHA: 4756f5a0e
core/models/__init__.py,ML & Tournament,Prediction Intelligence,Active,"/api/ml/features, /api/ml/tournament",4756f5a0e,Size: 0 bytes | Head SHA: 4756f5a0e
core/models/dhan/BANKNIFTY_lstm_meta.json,ML & Tournament,Prediction Intelligence,Active,"/api/ml/features, /api/ml/tournament",4756f5a0e,Size: 564 bytes | Head SHA: 4756f5a0e
core/models/dhan/BANKNIFTY_model_meta.json,ML & Tournament,Prediction Intelligence,Active,"/api/ml/features, /api/ml/tournament",4756f5a0e,Size: 461 bytes | Head SHA: 4756f5a0e
core/models/dhan/BANKNIFTY_rf_meta.json,ML & Tournament,Prediction Intelligence,Active,"/api/ml/features, /api/ml/tournament",4756f5a0e,Size: 394 bytes | Head SHA: 4756f5a0e
core/models/dhan/FINNIFTY_lstm_meta.json,ML & Tournament,Prediction Intelligence,Active,"/api/ml/features, /api/ml/tournament",4756f5a0e,Size: 550 bytes | Head SHA: 4756f5a0e
core/models/dhan/FINNIFTY_model_meta.json,ML & Tournament,Prediction Intelligence,Active,"/api/ml/features, /api/ml/tournament",4756f5a0e,Size: 460 bytes | Head SHA: 4756f5a0e
core/models/dhan/FINNIFTY_rf_meta.json,ML & Tournament,Prediction Intelligence,Active,"/api/ml/features, /api/ml/tournament",4756f5a0e,Size: 393 bytes | Head SHA: 4756f5a0e
core/models/dhan/MIDCPNIFTY_lstm_meta.json,ML & Tournament,Prediction Intelligence,Active,"/api/ml/features, /api/ml/tournament",4756f5a0e,Size: 566 bytes | Head SHA: 4756f5a0e
core/models/dhan/MIDCPNIFTY_model_meta.json,ML & Tournament,Prediction Intelligence,Active,"/api/ml/features, /api/ml/tournament",4756f5a0e,Size: 462 bytes | Head SHA: 4756f5a0e
core/models/dhan/MIDCPNIFTY_rf_meta.json,ML & Tournament,Prediction Intelligence,Active,"/api/ml/features, /api/ml/tournament",4756f5a0e,Size: 395 bytes | Head SHA: 4756f5a0e
core/models/dhan/NIFTY_lstm_meta.json,ML & Tournament,Prediction Intelligence,Active,"/api/ml/features, /api/ml/tournament",4756f5a0e,Size: 545 bytes | Head SHA: 4756f5a0e
core/models/dhan/NIFTY_model_meta.json,ML & Tournament,Prediction Intelligence,Active,"/api/ml/features, /api/ml/tournament",4756f5a0e,Size: 442 bytes | Head SHA: 4756f5a0e
core/models/dhan/NIFTY_rf_meta.json,ML & Tournament,Prediction Intelligence,Active,"/api/ml/features, /api/ml/tournament",4756f5a0e,Size: 375 bytes | Head SHA: 4756f5a0e
core/models/dhan/SENSEX_lstm_meta.json,ML & Tournament,Prediction Intelligence,Active,"/api/ml/features, /api/ml/tournament",4756f5a0e,Size: 561 bytes | Head SHA: 4756f5a0e
core/models/dhan/SENSEX_model_meta.json,ML & Tournament,Prediction Intelligence,Active,"/api/ml/features, /api/ml/tournament",4756f5a0e,Size: 458 bytes | Head SHA: 4756f5a0e
core/models/dhan/SENSEX_rf_meta.json,ML & Tournament,Prediction Intelligence,Active,"/api/ml/features, /api/ml/tournament",4756f5a0e,Size: 391 bytes | Head SHA: 4756f5a0e
core/models/dhan_real_blended/BANKNIFTY_model_blended_v3_meta.json,ML & Tournament,Prediction Intelligence,Active,"/api/ml/features, /api/ml/tournament",4756f5a0e,Size: 706 bytes | Head SHA: 4756f5a0e
core/models/dhan_real_blended/FINNIFTY_model_blended_v3_meta.json,ML & Tournament,Prediction Intelligence,Active,"/api/ml/features, /api/ml/tournament",4756f5a0e,Size: 705 bytes | Head SHA: 4756f5a0e
core/models/dhan_real_blended/MIDCPNIFTY_model_blended_v3_meta.json,ML & Tournament,Prediction Intelligence,Active,"/api/ml/features, /api/ml/tournament",4756f5a0e,Size: 707 bytes | Head SHA: 4756f5a0e
core/models/dhan_real_blended/NIFTY_model_blended_v3_meta.json,ML & Tournament,Prediction Intelligence,Active,"/api/ml/features, /api/ml/tournament",4756f5a0e,Size: 687 bytes | Head SHA: 4756f5a0e
core/models/dhan_real_blended/SENSEX_model_blended_v3_meta.json,ML & Tournament,Prediction Intelligence,Active,"/api/ml/features, /api/ml/tournament",4756f5a0e,Size: 703 bytes | Head SHA: 4756f5a0e
core/models/dhan_ultra/BANKNIFTY_ultra_model_meta.json,ML & Tournament,Prediction Intelligence,Active,"/api/ml/features, /api/ml/tournament",4756f5a0e,Size: 1195 bytes | Head SHA: 4756f5a0e
core/models/dhan_ultra/FINNIFTY_ultra_model_meta.json,ML & Tournament,Prediction Intelligence,Active,"/api/ml/features, /api/ml/tournament",4756f5a0e,Size: 1179 bytes | Head SHA: 4756f5a0e
core/models/dhan_ultra/MIDCPNIFTY_ultra_model_meta.json,ML & Tournament,Prediction Intelligence,Active,"/api/ml/features, /api/ml/tournament",4756f5a0e,Size: 1196 bytes | Head SHA: 4756f5a0e
core/models/dhan_ultra/NIFTY_ultra_model_meta.json,ML & Tournament,Prediction Intelligence,Active,"/api/ml/features, /api/ml/tournament",4756f5a0e,Size: 1191 bytes | Head SHA: 4756f5a0e
core/models/dhan_ultra/SENSEX_ultra_model_meta.json,ML & Tournament,Prediction Intelligence,Active,"/api/ml/features, /api/ml/tournament",4756f5a0e,Size: 1192 bytes | Head SHA: 4756f5a0e
dashboard/backend/ml_evidence_store.py,ML & Tournament,Prediction Intelligence,Active,"/api/ml/features, /api/ml/tournament",4756f5a0e,Size: 3695 bytes | Head SHA: 4756f5a0e
dashboard/backend/ml_intelligence_service.py,ML & Tournament,Prediction Intelligence,Active,"/api/ml/features, /api/ml/tournament",4756f5a0e,Size: 5314 bytes | Head SHA: 4756f5a0e
dashboard/backend/ml_performance_tracking.py,ML & Tournament,Prediction Intelligence,Active,"/api/ml/features, /api/ml/tournament",4756f5a0e,Size: 6776 bytes | Head SHA: 4756f5a0e
dashboard/backend/routers/ml.py,ML & Tournament,Prediction Intelligence,Active,"/api/ml/features, /api/ml/tournament",4756f5a0e,Size: 13664 bytes | Head SHA: 4756f5a0e
dashboard/frontend/src/components/MLPerformance.tsx,ML & Tournament,Prediction Intelligence,Active,"/api/ml/features, /api/ml/tournament",4756f5a0e,Size: 9566 bytes | Head SHA: 4756f5a0e
dashboard/frontend/src/components/ModelBehavior.tsx,ML & Tournament,Prediction Intelligence,Active,"/api/ml/features, /api/ml/tournament",4756f5a0e,Size: 5472 bytes | Head SHA: 4756f5a0e
deploy/gcp/cloudbuild.yaml,ML & Tournament,Prediction Intelligence,Active,"/api/ml/features, /api/ml/tournament",4756f5a0e,Size: 718 bytes | Head SHA: 4756f5a0e
docker-compose.oracle.yml,ML & Tournament,Prediction Intelligence,Active,"/api/ml/features, /api/ml/tournament",4756f5a0e,Size: 882 bytes | Head SHA: 4756f5a0e
docs/architecture/INSTITUTIONAL_AUTONOMOUS_ML_TRADING_BLUEPRINT.md,ML & Tournament,Prediction Intelligence,Active,"/api/ml/features, /api/ml/tournament",4756f5a0e,Size: 4720 bytes | Head SHA: 4756f5a0e
docs/audits/system3_quant_lifecycle/sessions/20260816T123000Z/Q2_Q10_FEATURES_MODELS.md,ML & Tournament,Prediction Intelligence,Active,"/api/ml/features, /api/ml/tournament",4756f5a0e,Size: 3297 bytes | Head SHA: 4756f5a0e
docs/audits/system3_quant_lifecycle/sessions/20260816T123000Z/supporting/agent_Q4_Q10_features_models.md,ML & Tournament,Prediction Intelligence,Active,"/api/ml/features, /api/ml/tournament",4756f5a0e,Size: 17347 bytes | Head SHA: 4756f5a0e
docs/control_plane/SYSTEM3_MODEL_ACCURACY_REGISTER.md,ML & Tournament,Prediction Intelligence,Active,"/api/ml/features, /api/ml/tournament",4756f5a0e,Size: 3609 bytes | Head SHA: 4756f5a0e
docs/model_benchmark/MODEL_BENCHMARK_LEADERBOARD.md,ML & Tournament,Prediction Intelligence,Active,"/api/ml/features, /api/ml/tournament",4756f5a0e,Size: 921 bytes | Head SHA: 4756f5a0e
docs/model_benchmark/ULTRA_INTELLIGENCE_DASHBOARD.md,ML & Tournament,Prediction Intelligence,Active,"/api/ml/features, /api/ml/tournament",4756f5a0e,Size: 799 bytes | Head SHA: 4756f5a0e
evaluate_phase249_models.py,ML & Tournament,Prediction Intelligence,Active,"/api/ml/features, /api/ml/tournament",4756f5a0e,Size: 12568 bytes | Head SHA: 4756f5a0e
infra/rotate-job.yaml,ML & Tournament,Prediction Intelligence,Active,"/api/ml/features, /api/ml/tournament",4756f5a0e,Size: 1481 bytes | Head SHA: 4756f5a0e
model_training_v2.py,ML & Tournament,Prediction Intelligence,Active,"/api/ml/features, /api/ml/tournament",4756f5a0e,Size: 13385 bytes | Head SHA: 4756f5a0e
models/xgboost_v1/BANKNIFTY_xgb_meta.json,ML & Tournament,Prediction Intelligence,Active,"/api/ml/features, /api/ml/tournament",4756f5a0e,Size: 723 bytes | Head SHA: 4756f5a0e
models/xgboost_v1/FINNIFTY_xgb_meta.json,ML & Tournament,Prediction Intelligence,Active,"/api/ml/features, /api/ml/tournament",4756f5a0e,Size: 722 bytes | Head SHA: 4756f5a0e
models/xgboost_v1/MIDCPNIFTY_xgb_meta.json,ML & Tournament,Prediction Intelligence,Active,"/api/ml/features, /api/ml/tournament",4756f5a0e,Size: 722 bytes | Head SHA: 4756f5a0e
models/xgboost_v1/NIFTY_xgb_meta.json,ML & Tournament,Prediction Intelligence,Active,"/api/ml/features, /api/ml/tournament",4756f5a0e,Size: 721 bytes | Head SHA: 4756f5a0e
models/xgboost_v1/SENSEX_xgb_meta.json,ML & Tournament,Prediction Intelligence,Active,"/api/ml/features, /api/ml/tournament",4756f5a0e,Size: 720 bytes | Head SHA: 4756f5a0e
reports/coordination/ACCESS_POLICY.yaml,ML & Tournament,Prediction Intelligence,Active,"/api/ml/features, /api/ml/tournament",4756f5a0e,Size: 3339 bytes | Head SHA: 4756f5a0e
reports/latest/gcp_micro_mri/20260826T043801Z/run_job_exec_genesis-system3-ml-history-bootstrap.json,ML & Tournament,Prediction Intelligence,Active,"/api/ml/features, /api/ml/tournament",4756f5a0e,Size: 54480 bytes | Head SHA: 4756f5a0e
reports/latest/gcp_micro_mri/20260826T043801Z/run_job_genesis-system3-ml-history-bootstrap.json,ML & Tournament,Prediction Intelligence,Active,"/api/ml/features, /api/ml/tournament",4756f5a0e,Size: 4236 bytes | Head SHA: 4756f5a0e
reports/latest/gcp_micro_mri/20260826T050025Z/run_job_exec_genesis-system3-ml-history-bootstrap.json,ML & Tournament,Prediction Intelligence,Active,"/api/ml/features, /api/ml/tournament",4756f5a0e,Size: 54480 bytes | Head SHA: 4756f5a0e
reports/latest/gcp_micro_mri/20260826T050025Z/run_job_genesis-system3-ml-history-bootstrap.json,ML & Tournament,Prediction Intelligence,Active,"/api/ml/features, /api/ml/tournament",4756f5a0e,Size: 4236 bytes | Head SHA: 4756f5a0e
reports/latest/gcp_micro_mri/latest/run_job_exec_genesis-system3-ml-history-bootstrap.json,ML & Tournament,Prediction Intelligence,Active,"/api/ml/features, /api/ml/tournament",4756f5a0e,Size: 54480 bytes | Head SHA: 4756f5a0e
reports/latest/gcp_micro_mri/latest/run_job_genesis-system3-ml-history-bootstrap.json,ML & Tournament,Prediction Intelligence,Active,"/api/ml/features, /api/ml/tournament",4756f5a0e,Size: 4236 bytes | Head SHA: 4756f5a0e
reports/latest/model_accuracy_report.json,ML & Tournament,Prediction Intelligence,Active,"/api/ml/features, /api/ml/tournament",4756f5a0e,Size: 878 bytes | Head SHA: 4756f5a0e
reports/latest/model_accuracy_report.md,ML & Tournament,Prediction Intelligence,Active,"/api/ml/features, /api/ml/tournament",4756f5a0e,Size: 851 bytes | Head SHA: 4756f5a0e
reports/latest/model_to_trade_gap/summary.json,ML & Tournament,Prediction Intelligence,Active,"/api/ml/features, /api/ml/tournament",4756f5a0e,Size: 601 bytes | Head SHA: 4756f5a0e
reports/latest/model_to_trade_gap/summary.md,ML & Tournament,Prediction Intelligence,Active,"/api/ml/features, /api/ml/tournament",4756f5a0e,Size: 443 bytes | Head SHA: 4756f5a0e
reports/latest/model_training_load_proof/README.md,ML & Tournament,Prediction Intelligence,Active,"/api/ml/features, /api/ml/tournament",4756f5a0e,Size: 405 bytes | Head SHA: 4756f5a0e
reports/latest/model_training_load_proof/dryrun_proof.json,ML & Tournament,Prediction Intelligence,Active,"/api/ml/features, /api/ml/tournament",4756f5a0e,Size: 2373 bytes | Head SHA: 4756f5a0e
reports/latest/model_training_load_proof/summary.json,ML & Tournament,Prediction Intelligence,Active,"/api/ml/features, /api/ml/tournament",4756f5a0e,Size: 7877 bytes | Head SHA: 4756f5a0e
reports/latest/parallel_root_cause_audit/ml_training.json,ML & Tournament,Prediction Intelligence,Active,"/api/ml/features, /api/ml/tournament",4756f5a0e,Size: 796 bytes | Head SHA: 4756f5a0e
reports/latest/parallel_root_cause_audit/ml_training.md,ML & Tournament,Prediction Intelligence,Active,"/api/ml/features, /api/ml/tournament",4756f5a0e,Size: 548 bytes | Head SHA: 4756f5a0e
scripts/ci_apply_access_policy.yml,ML & Tournament,Prediction Intelligence,Active,"/api/ml/features, /api/ml/tournament",4756f5a0e,Size: 1044 bytes | Head SHA: 4756f5a0e
scripts/comprehensive_feature_test.py,ML & Tournament,Prediction Intelligence,Active,"/api/ml/features, /api/ml/tournament",4756f5a0e,Size: 10543 bytes | Head SHA: 4756f5a0e
scripts/model_training_dryrun_proof.py,ML & Tournament,Prediction Intelligence,Active,"/api/ml/features, /api/ml/tournament",4756f5a0e,Size: 8690 bytes | Head SHA: 4756f5a0e
scripts/smoke_ml_validate_e2e.py,ML & Tournament,Prediction Intelligence,Active,"/api/ml/features, /api/ml/tournament",4756f5a0e,Size: 7385 bytes | Head SHA: 4756f5a0e
scripts/system3_model_accuracy_tracker.py,ML & Tournament,Prediction Intelligence,Active,"/api/ml/features, /api/ml/tournament",4756f5a0e,Size: 14516 bytes | Head SHA: 4756f5a0e
scripts/system3_model_to_trade_gap_proof.py,ML & Tournament,Prediction Intelligence,Active,"/api/ml/features, /api/ml/tournament",4756f5a0e,Size: 3393 bytes | Head SHA: 4756f5a0e
scripts/test_all_features.py,ML & Tournament,Prediction Intelligence,Active,"/api/ml/features, /api/ml/tournament",4756f5a0e,Size: 3548 bytes | Head SHA: 4756f5a0e
src/ml/ensemble_predictor.py,ML & Tournament,Prediction Intelligence,Active,"/api/ml/features, /api/ml/tournament",4756f5a0e,Size: 26306 bytes | Head SHA: 4756f5a0e
src/ranking/ml_signal_aggregator.py,ML & Tournament,Prediction Intelligence,Active,"/api/ml/features, /api/ml/tournament",4756f5a0e,Size: 3905 bytes | Head SHA: 4756f5a0e
tests/test_ml_validate_lane_durable.py,ML & Tournament,Prediction Intelligence,Active,"/api/ml/features, /api/ml/tournament",4756f5a0e,Size: 3872 bytes | Head SHA: 4756f5a0e
tools/model_benchmark_leaderboard.py,ML & Tournament,Prediction Intelligence,Active,"/api/ml/features, /api/ml/tournament",4756f5a0e,Size: 13574 bytes | Head SHA: 4756f5a0e
dashboard/backend/catalyst_service.py,Macro & News Intelligence,Event Timeline Service,Active,"/api/catalysts, /api/news",4756f5a0e,Size: 4450 bytes | Head SHA: 4756f5a0e
reports/coordination/catalyst_phase0_ruhi022_health_proof_20260822T115910Z.json,Macro & News Intelligence,Event Timeline Service,Active,"/api/catalysts, /api/news",4756f5a0e,Size: 1010 bytes | Head SHA: 4756f5a0e
reports/coordination/catalyst_source_capability_matrix.csv,Macro & News Intelligence,Event Timeline Service,Active,"/api/catalysts, /api/news",4756f5a0e,Size: 17696 bytes | Head SHA: 4756f5a0e
tests/evals/test_catalyst_phase0_inventory.py,Macro & News Intelligence,Event Timeline Service,Active,"/api/catalysts, /api/news",4756f5a0e,Size: 4275 bytes | Head SHA: 4756f5a0e
audit_6c08cadc-a6cf-46e2-96ad-932ec6f0cdfd_20260829T122940Z/api_api_multibagger.json,Multibagger Intelligence,Core Fundamental Engine,Active,/api/multibagger,4756f5a0e,Size: 5063 bytes | Head SHA: 4756f5a0e
dashboard/backend/multibagger_service.py,Multibagger Intelligence,Core Fundamental Engine,Active,/api/multibagger,4756f5a0e,Size: 7627 bytes | Head SHA: 4756f5a0e
dashboard/frontend/src/components/workspaces/MultibaggerResearch.tsx,Multibagger Intelligence,Frontend Research Workspace,Active,/api/multibagger,4756f5a0e,Size: 13974 bytes | Head SHA: 4756f5a0e
audit_6c08cadc-a6cf-46e2-96ad-932ec6f0cdfd_20260829T122940Z/api_api_option-chain.json,Option Chain,Core Backend Service,Active,"/api/option-chain, /api/options-intel",4756f5a0e,Size: 151334 bytes | Head SHA: 4756f5a0e
audit_6c08cadc-a6cf-46e2-96ad-932ec6f0cdfd_20260829T122940Z/api_option_chain.json,Option Chain,Core Backend Service,Active,"/api/option-chain, /api/options-intel",4756f5a0e,Size: 151334 bytes | Head SHA: 4756f5a0e
core/brokers/dhan/nse_option_symbol.py,Option Chain,Core Backend Service,Active,"/api/option-chain, /api/options-intel",4756f5a0e,Size: 14889 bytes | Head SHA: 4756f5a0e
core/data/dhan_option_chain_parser.py,Option Chain,Core Backend Service,Active,"/api/option-chain, /api/options-intel",4756f5a0e,Size: 8085 bytes | Head SHA: 4756f5a0e
core/engine/dhan_options_analyze.py,Option Chain,Core Backend Service,Active,"/api/option-chain, /api/options-intel",4756f5a0e,Size: 6577 bytes | Head SHA: 4756f5a0e
core/utils/option_chain_calculations.py,Option Chain,Core Backend Service,Active,"/api/option-chain, /api/options-intel",4756f5a0e,Size: 7101 bytes | Head SHA: 4756f5a0e
core/validation/option_chain_validator.py,Option Chain,Core Backend Service,Active,"/api/option-chain, /api/options-intel",4756f5a0e,Size: 2382 bytes | Head SHA: 4756f5a0e
dashboard/backend/chain_adapter.py,Option Chain,Core Backend Service,Active,"/api/option-chain, /api/options-intel",4756f5a0e,Size: 14004 bytes | Head SHA: 4756f5a0e
dashboard/backend/equity_option_scanner.py,Option Chain,Core Backend Service,Active,"/api/option-chain, /api/options-intel",4756f5a0e,Size: 12874 bytes | Head SHA: 4756f5a0e
dashboard/backend/moneycontrol_option_gainers.py,Option Chain,Core Backend Service,Active,"/api/option-chain, /api/options-intel",4756f5a0e,Size: 9155 bytes | Head SHA: 4756f5a0e
dashboard/backend/option_strike_visibility_audit.py,Option Chain,Core Backend Service,Active,"/api/option-chain, /api/options-intel",4756f5a0e,Size: 11171 bytes | Head SHA: 4756f5a0e
dashboard/backend/routers/chain.py,Option Chain,Core Backend Service,Active,"/api/option-chain, /api/options-intel",4756f5a0e,Size: 15118 bytes | Head SHA: 4756f5a0e
dashboard/frontend/src/components/ChainAnalytics.tsx,Option Chain,Frontend Workspace UI,Active,/api/option-chain,4756f5a0e,Size: 9482 bytes | Head SHA: 4756f5a0e
dashboard/frontend/src/components/OptionChain.tsx,Option Chain,Frontend Workspace UI,Active,/api/option-chain,4756f5a0e,Size: 22598 bytes | Head SHA: 4756f5a0e
dashboard/frontend/src/components/workspaces/OptionsIntelligence.tsx,Option Chain,Frontend Workspace UI,Active,/api/option-chain,4756f5a0e,Size: 10516 bytes | Head SHA: 4756f5a0e
docs/ALL_INDICES_OPTION_CHAIN_FETCH.md,Option Chain,Core Backend Service,Active,"/api/option-chain, /api/options-intel",4756f5a0e,Size: 7394 bytes | Head SHA: 4756f5a0e
docs/OPTION_CHAIN_COMPREHENSIVE_COLUMNS.md,Option Chain,Core Backend Service,Active,"/api/option-chain, /api/options-intel",4756f5a0e,Size: 8521 bytes | Head SHA: 4756f5a0e
docs/OPTION_CHAIN_DATA_ANALYSIS_AND_FIXES.md,Option Chain,Core Backend Service,Active,"/api/option-chain, /api/options-intel",4756f5a0e,Size: 13178 bytes | Head SHA: 4756f5a0e
docs/OPTION_CHAIN_FIX_SUMMARY.md,Option Chain,Core Backend Service,Active,"/api/option-chain, /api/options-intel",4756f5a0e,Size: 4324 bytes | Head SHA: 4756f5a0e
docs/OPTION_CHAIN_FIX_VERIFICATION_REPORT.md,Option Chain,Core Backend Service,Active,"/api/option-chain, /api/options-intel",4756f5a0e,Size: 7777 bytes | Head SHA: 4756f5a0e
docs/OPTION_CHAIN_ISSUES_AND_FIXES.md,Option Chain,Core Backend Service,Active,"/api/option-chain, /api/options-intel",4756f5a0e,Size: 5045 bytes | Head SHA: 4756f5a0e
docs/OPTION_CHAIN_MISSING_DATA_REPORT.md,Option Chain,Core Backend Service,Active,"/api/option-chain, /api/options-intel",4756f5a0e,Size: 12534 bytes | Head SHA: 4756f5a0e
docs/OPTION_CHAIN_QUICK_START.md,Option Chain,Core Backend Service,Active,"/api/option-chain, /api/options-intel",4756f5a0e,Size: 6042 bytes | Head SHA: 4756f5a0e
docs/OPTION_CHAIN_RECOMMENDATIONS_AND_SUGGESTIONS.md,Option Chain,Core Backend Service,Active,"/api/option-chain, /api/options-intel",4756f5a0e,Size: 21880 bytes | Head SHA: 4756f5a0e
docs/OPTION_CHAIN_TEST_CHECKLIST.md,Option Chain,Core Backend Service,Active,"/api/option-chain, /api/options-intel",4756f5a0e,Size: 5637 bytes | Head SHA: 4756f5a0e
docs/OPTION_CHAIN_VERIFICATION_REPORT.md,Option Chain,Core Backend Service,Active,"/api/option-chain, /api/options-intel",4756f5a0e,Size: 5735 bytes | Head SHA: 4756f5a0e
docs/system3_dhan_index_options_overview.md,Option Chain,Core Backend Service,Active,"/api/option-chain, /api/options-intel",4756f5a0e,Size: 1929 bytes | Head SHA: 4756f5a0e
option_chain_automation_master.py,Option Chain,Core Backend Service,Active,"/api/option-chain, /api/options-intel",4756f5a0e,Size: 914 bytes | Head SHA: 4756f5a0e
reports/latest/broker_chain_semantic_gate/summary.json,Option Chain,Core Backend Service,Active,"/api/option-chain, /api/options-intel",4756f5a0e,Size: 2179 bytes | Head SHA: 4756f5a0e
reports/latest/broker_chain_semantic_gate/summary.md,Option Chain,Core Backend Service,Active,"/api/option-chain, /api/options-intel",4756f5a0e,Size: 847 bytes | Head SHA: 4756f5a0e
reports/latest/dashboard_auto_snap/latest_chain_nifty.json,Option Chain,Core Backend Service,Active,"/api/option-chain, /api/options-intel",4756f5a0e,Size: 237 bytes | Head SHA: 4756f5a0e
reports/latest/dhan_option_chain_schema_audit/summary.json,Option Chain,Core Backend Service,Active,"/api/option-chain, /api/options-intel",4756f5a0e,Size: 918 bytes | Head SHA: 4756f5a0e
reports/latest/dhan_option_chain_schema_audit/summary.md,Option Chain,Core Backend Service,Active,"/api/option-chain, /api/options-intel",4756f5a0e,Size: 702 bytes | Head SHA: 4756f5a0e
reports/latest/dhan_parity/api_chain_BANKNIFTY.json,Option Chain,Core Backend Service,Active,"/api/option-chain, /api/options-intel",4756f5a0e,Size: 340644 bytes | Head SHA: 4756f5a0e
reports/latest/dhan_parity/api_chain_NIFTY.json,Option Chain,Core Backend Service,Active,"/api/option-chain, /api/options-intel",4756f5a0e,Size: 215678 bytes | Head SHA: 4756f5a0e
reports/latest/dhan_parity/api_chain_SENSEX.json,Option Chain,Core Backend Service,Active,"/api/option-chain, /api/options-intel",4756f5a0e,Size: 182439 bytes | Head SHA: 4756f5a0e
reports/latest/live_proof_center/LATEST/api/batch_chains.json,Option Chain,Core Backend Service,Active,"/api/option-chain, /api/options-intel",4756f5a0e,Size: 1777 bytes | Head SHA: 4756f5a0e
reports/latest/live_proof_center/LATEST/api/chain_nifty.json,Option Chain,Core Backend Service,Active,"/api/option-chain, /api/options-intel",4756f5a0e,Size: 334 bytes | Head SHA: 4756f5a0e
reports/latest/live_proof_center/from_actions_32953835848/latest/live_proof_center/LATEST/api/batch_chains.json,Option Chain,Core Backend Service,Active,"/api/option-chain, /api/options-intel",4756f5a0e,Size: 1709 bytes | Head SHA: 4756f5a0e
reports/latest/live_proof_center/from_actions_32953835848/latest/live_proof_center/LATEST/api/chain_nifty.json,Option Chain,Core Backend Service,Active,"/api/option-chain, /api/options-intel",4756f5a0e,Size: 321 bytes | Head SHA: 4756f5a0e
reports/latest/master_mri/t_c1_chain_warm_proof.md,Option Chain,Core Backend Service,Active,"/api/option-chain, /api/options-intel",4756f5a0e,Size: 688 bytes | Head SHA: 4756f5a0e
reports/latest/option_strike_visibility.json,Option Chain,Core Backend Service,Active,"/api/option-chain, /api/options-intel",4756f5a0e,Size: 3110 bytes | Head SHA: 4756f5a0e
reports/latest/option_strike_visibility.md,Option Chain,Core Backend Service,Active,"/api/option-chain, /api/options-intel",4756f5a0e,Size: 1606 bytes | Head SHA: 4756f5a0e
reports/latest/parallel_root_cause_audit/chain_scanner.json,Option Chain,Core Backend Service,Active,"/api/option-chain, /api/options-intel",4756f5a0e,Size: 844 bytes | Head SHA: 4756f5a0e
reports/latest/parallel_root_cause_audit/chain_scanner.md,Option Chain,Core Backend Service,Active,"/api/option-chain, /api/options-intel",4756f5a0e,Size: 594 bytes | Head SHA: 4756f5a0e
reports/latest/qc_forensic_anomaly_audit/chain_matrix.json,Option Chain,Core Backend Service,Active,"/api/option-chain, /api/options-intel",4756f5a0e,Size: 2583 bytes | Head SHA: 4756f5a0e
reports/latest/rhui_v22_verify/api_batch_chains.json,Option Chain,Core Backend Service,Active,"/api/option-chain, /api/options-intel",4756f5a0e,Size: 5829183 bytes | Head SHA: 4756f5a0e
reports/latest/rhui_v22_verify/cross_verify_20260826T080731Z/api_batch_chains.json,Option Chain,Core Backend Service,Active,"/api/option-chain, /api/options-intel",4756f5a0e,Size: 1340 bytes | Head SHA: 4756f5a0e
scripts/analyze_chain_raw_live.py,Option Chain,Core Backend Service,Active,"/api/option-chain, /api/options-intel",4756f5a0e,Size: 4044 bytes | Head SHA: 4756f5a0e
scripts/analyze_optionchain_master.py,Option Chain,Core Backend Service,Active,"/api/option-chain, /api/options-intel",4756f5a0e,Size: 3292 bytes | Head SHA: 4756f5a0e
scripts/build_options_history_contracts.py,Option Chain,Core Backend Service,Active,"/api/option-chain, /api/options-intel",4756f5a0e,Size: 7318 bytes | Head SHA: 4756f5a0e
scripts/build_production_optionchain_master.py,Option Chain,Core Backend Service,Active,"/api/option-chain, /api/options-intel",4756f5a0e,Size: 33277 bytes | Head SHA: 4756f5a0e
scripts/enhance_optionchain_with_predictions.py,Option Chain,Core Backend Service,Active,"/api/option-chain, /api/options-intel",4756f5a0e,Size: 24804 bytes | Head SHA: 4756f5a0e
scripts/monitor_optionchain_performance.py,Option Chain,Core Backend Service,Active,"/api/option-chain, /api/options-intel",4756f5a0e,Size: 6147 bytes | Head SHA: 4756f5a0e
scripts/options_ce_pe_history_pipeline.py,Option Chain,Core Backend Service,Active,"/api/option-chain, /api/options-intel",4756f5a0e,Size: 19192 bytes | Head SHA: 4756f5a0e
scripts/run_live_chain.py,Option Chain,Core Backend Service,Active,"/api/option-chain, /api/options-intel",4756f5a0e,Size: 35728 bytes | Head SHA: 4756f5a0e
scripts/smart_live_chain_runner.py,Option Chain,Core Backend Service,Active,"/api/option-chain, /api/options-intel",4756f5a0e,Size: 22720 bytes | Head SHA: 4756f5a0e
scripts/system3_build_operating_options_xlsx.py,Option Chain,Core Backend Service,Active,"/api/option-chain, /api/options-intel",4756f5a0e,Size: 17113 bytes | Head SHA: 4756f5a0e
scripts/system3_option_visibility_audit.py,Option Chain,Core Backend Service,Active,"/api/option-chain, /api/options-intel",4756f5a0e,Size: 15859 bytes | Head SHA: 4756f5a0e
scripts/update_optionchain_master.py,Option Chain,Core Backend Service,Active,"/api/option-chain, /api/options-intel",4756f5a0e,Size: 6739 bytes | Head SHA: 4756f5a0e
scripts/verify_optionchain_master.py,Option Chain,Core Backend Service,Active,"/api/option-chain, /api/options-intel",4756f5a0e,Size: 6880 bytes | Head SHA: 4756f5a0e
src/dhan/live_chain_rest.py,Option Chain,Core Backend Service,Active,"/api/option-chain, /api/options-intel",4756f5a0e,Size: 5359 bytes | Head SHA: 4756f5a0e
src/dhan/live_chain_ws.py,Option Chain,Core Backend Service,Active,"/api/option-chain, /api/options-intel",4756f5a0e,Size: 1190 bytes | Head SHA: 4756f5a0e
test_option_chain_automation.py,Option Chain,Core Backend Service,Active,"/api/option-chain, /api/options-intel",4756f5a0e,Size: 10338 bytes | Head SHA: 4756f5a0e
tests/evals/test_eval_chain_warm_batch_readiness.py,Option Chain,Core Backend Service,Active,"/api/option-chain, /api/options-intel",4756f5a0e,Size: 8203 bytes | Head SHA: 4756f5a0e
tests/fixtures/dhan_option_chain_sample.json,Option Chain,Core Backend Service,Active,"/api/option-chain, /api/options-intel",4756f5a0e,Size: 1702 bytes | Head SHA: 4756f5a0e
tests/test_dhan_only_chain_guard.py,Option Chain,Core Backend Service,Active,"/api/option-chain, /api/options-intel",4756f5a0e,Size: 2128 bytes | Head SHA: 4756f5a0e
tests/test_dhan_option_chain_parser.py,Option Chain,Core Backend Service,Active,"/api/option-chain, /api/options-intel",4756f5a0e,Size: 5152 bytes | Head SHA: 4756f5a0e
tests/test_equity_option_scanner.py,Option Chain,Core Backend Service,Active,"/api/option-chain, /api/options-intel",4756f5a0e,Size: 3813 bytes | Head SHA: 4756f5a0e
tests/test_nse_option_symbol.py,Option Chain,Core Backend Service,Active,"/api/option-chain, /api/options-intel",4756f5a0e,Size: 2476 bytes | Head SHA: 4756f5a0e
tests/test_optionchain_ui_universe_contract.py,Option Chain,Core Backend Service,Active,"/api/option-chain, /api/options-intel",4756f5a0e,Size: 6366 bytes | Head SHA: 4756f5a0e
tools/fetch_nse_option_chain.py,Option Chain,Core Backend Service,Active,"/api/option-chain, /api/options-intel",4756f5a0e,Size: 2019 bytes | Head SHA: 4756f5a0e
tools/system3_broker_chain_semantic_gate.py,Option Chain,Core Backend Service,Active,"/api/option-chain, /api/options-intel",4756f5a0e,Size: 8430 bytes | Head SHA: 4756f5a0e
audit_6c08cadc-a6cf-46e2-96ad-932ec6f0cdfd_20260829T122940Z/api_api_paper_positions.json,Paper Execution,Simulated Order Engine,Active,"/api/paper/positions, /api/paper/orders",4756f5a0e,Size: 328 bytes | Head SHA: 4756f5a0e
audit_6c08cadc-a6cf-46e2-96ad-932ec6f0cdfd_20260829T122940Z/api_api_paper_status.json,Paper Execution,Simulated Order Engine,Active,"/api/paper/positions, /api/paper/orders",4756f5a0e,Size: 136 bytes | Head SHA: 4756f5a0e
core/broker/dhan_live_order_wrapper.py,Paper Execution,Simulated Order Engine,Active,"/api/paper/positions, /api/paper/orders",4756f5a0e,Size: 4077 bytes | Head SHA: 4756f5a0e
core/engine/dhan_market_regime_recorder.py,Paper Execution,Simulated Order Engine,Active,"/api/paper/positions, /api/paper/orders",4756f5a0e,Size: 5559 bytes | Head SHA: 4756f5a0e
core/engine/system3_phase102_order_ledger_schema.py,Paper Execution,Simulated Order Engine,Active,"/api/paper/positions, /api/paper/orders",4756f5a0e,Size: 4136 bytes | Head SHA: 4756f5a0e
core/engine/system3_phase103_order_ledger_support.py,Paper Execution,Simulated Order Engine,Active,"/api/paper/positions, /api/paper/orders",4756f5a0e,Size: 8896 bytes | Head SHA: 4756f5a0e
core/engine/system3_phase104_tradeplan_to_orders.py,Paper Execution,Simulated Order Engine,Active,"/api/paper/positions, /api/paper/orders",4756f5a0e,Size: 8619 bytes | Head SHA: 4756f5a0e
core/engine/system3_phase108_order_status_refresher.py,Paper Execution,Simulated Order Engine,Active,"/api/paper/positions, /api/paper/orders",4756f5a0e,Size: 6283 bytes | Head SHA: 4756f5a0e
core/engine/system3_phase275_position_sizing_optimizer.py,Paper Execution,Simulated Order Engine,Active,"/api/paper/positions, /api/paper/orders",4756f5a0e,Size: 8538 bytes | Head SHA: 4756f5a0e
core/engine/system3_phase319_position_state_consistency_checker.py,Paper Execution,Simulated Order Engine,Active,"/api/paper/positions, /api/paper/orders",4756f5a0e,Size: 2590 bytes | Head SHA: 4756f5a0e
core/engine/system3_phase329_changeset_and_version_recorder.py,Paper Execution,Simulated Order Engine,Active,"/api/paper/positions, /api/paper/orders",4756f5a0e,Size: 2580 bytes | Head SHA: 4756f5a0e
core/engine/system3_phase86_position_sizing.py,Paper Execution,Simulated Order Engine,Active,"/api/paper/positions, /api/paper/orders",4756f5a0e,Size: 4636 bytes | Head SHA: 4756f5a0e
core/ultra/phase22_position_sizing.py,Paper Execution,Simulated Order Engine,Active,"/api/paper/positions, /api/paper/orders",4756f5a0e,Size: 4220 bytes | Head SHA: 4756f5a0e
dashboard/backend/cloud_paper_engine.py,Paper Execution,Simulated Order Engine,Active,"/api/paper/positions, /api/paper/orders",4756f5a0e,Size: 24742 bytes | Head SHA: 4756f5a0e
dashboard/backend/order_management.py,Paper Execution,Simulated Order Engine,Active,"/api/paper/positions, /api/paper/orders",4756f5a0e,Size: 4957 bytes | Head SHA: 4756f5a0e
dashboard/backend/paper_pipeline_v8.py,Paper Execution,Simulated Order Engine,Active,"/api/paper/positions, /api/paper/orders",4756f5a0e,Size: 22259 bytes | Head SHA: 4756f5a0e
dashboard/backend/position_reconciliation.py,Paper Execution,Simulated Order Engine,Active,"/api/paper/positions, /api/paper/orders",4756f5a0e,Size: 5245 bytes | Head SHA: 4756f5a0e
dashboard/frontend/src/components/PaperTrading.tsx,Paper Execution,Simulated Order Engine,Active,"/api/paper/positions, /api/paper/orders",4756f5a0e,Size: 17878 bytes | Head SHA: 4756f5a0e
dashboard/frontend/src/components/Positions.tsx,Paper Execution,Simulated Order Engine,Active,"/api/paper/positions, /api/paper/orders",4756f5a0e,Size: 8131 bytes | Head SHA: 4756f5a0e
docs/CURRENT_STATUS_PAPER_TRADING.md,Paper Execution,Simulated Order Engine,Active,"/api/paper/positions, /api/paper/orders",4756f5a0e,Size: 4874 bytes | Head SHA: 4756f5a0e
docs/FINAL_PAPER_TRADING_REPORT.md,Paper Execution,Simulated Order Engine,Active,"/api/paper/positions, /api/paper/orders",4756f5a0e,Size: 2533 bytes | Head SHA: 4756f5a0e
docs/PAPER_TRADING_INTEGRATION_COMPLETE.md,Paper Execution,Simulated Order Engine,Active,"/api/paper/positions, /api/paper/orders",4756f5a0e,Size: 5296 bytes | Head SHA: 4756f5a0e
docs/PAPER_TRADING_STATUS_UPDATE.md,Paper Execution,Simulated Order Engine,Active,"/api/paper/positions, /api/paper/orders",4756f5a0e,Size: 2240 bytes | Head SHA: 4756f5a0e
docs/SYSTEM3_VISUAL_AND_PAPER_PROOF_BOARD.md,Paper Execution,Simulated Order Engine,Active,"/api/paper/positions, /api/paper/orders",4756f5a0e,Size: 2412 bytes | Head SHA: 4756f5a0e
docs/audits/system3_quant_lifecycle/sessions/20260816T123000Z/Q11_Q20_STRATEGY_PAPER.md,Paper Execution,Simulated Order Engine,Active,"/api/paper/positions, /api/paper/orders",4756f5a0e,Size: 2255 bytes | Head SHA: 4756f5a0e
docs/audits/system3_quant_lifecycle/sessions/20260816T123000Z/supporting/agent_Q11_Q20_strategy_paper.md,Paper Execution,Simulated Order Engine,Active,"/api/paper/positions, /api/paper/orders",4756f5a0e,Size: 16293 bytes | Head SHA: 4756f5a0e
paper_pnl_summary.json,Paper Execution,Simulated Order Engine,Active,"/api/paper/positions, /api/paper/orders",4756f5a0e,Size: 343 bytes | Head SHA: 4756f5a0e
reports/latest/analyzer_paper_lifecycle_proof/LIFECYCLE_20260614_142129.json,Paper Execution,Simulated Order Engine,Active,"/api/paper/positions, /api/paper/orders",4756f5a0e,Size: 2093 bytes | Head SHA: 4756f5a0e
reports/latest/analyzer_paper_lifecycle_proof/LIFECYCLE_20260614_162724.json,Paper Execution,Simulated Order Engine,Active,"/api/paper/positions, /api/paper/orders",4756f5a0e,Size: 2089 bytes | Head SHA: 4756f5a0e
reports/latest/analyzer_paper_lifecycle_proof/LIFECYCLE_20260614_162812.json,Paper Execution,Simulated Order Engine,Active,"/api/paper/positions, /api/paper/orders",4756f5a0e,Size: 2088 bytes | Head SHA: 4756f5a0e
reports/latest/analyzer_paper_lifecycle_proof/LIFECYCLE_20260724_092306.json,Paper Execution,Simulated Order Engine,Active,"/api/paper/positions, /api/paper/orders",4756f5a0e,Size: 2128 bytes | Head SHA: 4756f5a0e
reports/latest/analyzer_paper_lifecycle_proof/README.md,Paper Execution,Simulated Order Engine,Active,"/api/paper/positions, /api/paper/orders",4756f5a0e,Size: 432 bytes | Head SHA: 4756f5a0e
reports/latest/analyzer_paper_lifecycle_proof/lifecycle_events.json,Paper Execution,Simulated Order Engine,Active,"/api/paper/positions, /api/paper/orders",4756f5a0e,Size: 571 bytes | Head SHA: 4756f5a0e
reports/latest/analyzer_paper_lifecycle_proof/pnl_reconciliation.json,Paper Execution,Simulated Order Engine,Active,"/api/paper/positions, /api/paper/orders",4756f5a0e,Size: 616 bytes | Head SHA: 4756f5a0e
reports/latest/analyzer_paper_lifecycle_proof/summary.json,Paper Execution,Simulated Order Engine,Active,"/api/paper/positions, /api/paper/orders",4756f5a0e,Size: 8064 bytes | Head SHA: 4756f5a0e
reports/latest/analyzer_paper_lifecycle_proof/summary.md,Paper Execution,Simulated Order Engine,Active,"/api/paper/positions, /api/paper/orders",4756f5a0e,Size: 1895 bytes | Head SHA: 4756f5a0e
reports/latest/dashboard_auto_snap/latest_paper.json,Paper Execution,Simulated Order Engine,Active,"/api/paper/positions, /api/paper/orders",4756f5a0e,Size: 668 bytes | Head SHA: 4756f5a0e
reports/latest/live_proof_center/LATEST/api/positions.json,Paper Execution,Simulated Order Engine,Active,"/api/paper/positions, /api/paper/orders",4756f5a0e,Size: 237 bytes | Head SHA: 4756f5a0e
reports/latest/live_proof_center/from_actions_32953835848/latest/live_proof_center/LATEST/api/positions.json,Paper Execution,Simulated Order Engine,Active,"/api/paper/positions, /api/paper/orders",4756f5a0e,Size: 226 bytes | Head SHA: 4756f5a0e
reports/latest/paper_symbol_selection_fix/README.md,Paper Execution,Simulated Order Engine,Active,"/api/paper/positions, /api/paper/orders",4756f5a0e,Size: 1013 bytes | Head SHA: 4756f5a0e
reports/latest/paper_trade_page_multi_source_compare.json,Paper Execution,Simulated Order Engine,Active,"/api/paper/positions, /api/paper/orders",4756f5a0e,Size: 1944 bytes | Head SHA: 4756f5a0e
reports/latest/paper_trade_page_verify.json,Paper Execution,Simulated Order Engine,Active,"/api/paper/positions, /api/paper/orders",4756f5a0e,Size: 2246 bytes | Head SHA: 4756f5a0e
reports/latest/parallel_root_cause_audit/paper_lifecycle.json,Paper Execution,Simulated Order Engine,Active,"/api/paper/positions, /api/paper/orders",4756f5a0e,Size: 846 bytes | Head SHA: 4756f5a0e
reports/latest/parallel_root_cause_audit/paper_lifecycle.md,Paper Execution,Simulated Order Engine,Active,"/api/paper/positions, /api/paper/orders",4756f5a0e,Size: 606 bytes | Head SHA: 4756f5a0e
reports/latest/pending_issues/PAPER_GATES_LIVE_20260825.json,Paper Execution,Simulated Order Engine,Active,"/api/paper/positions, /api/paper/orders",4756f5a0e,Size: 12501 bytes | Head SHA: 4756f5a0e
scripts/check_paper_trading_status.py,Paper Execution,Simulated Order Engine,Active,"/api/paper/positions, /api/paper/orders",4756f5a0e,Size: 4175 bytes | Head SHA: 4756f5a0e
scripts/comprehensive_paper_trading_check.py,Paper Execution,Simulated Order Engine,Active,"/api/paper/positions, /api/paper/orders",4756f5a0e,Size: 10593 bytes | Head SHA: 4756f5a0e
scripts/live_paper_trading_monitor.py,Paper Execution,Simulated Order Engine,Active,"/api/paper/positions, /api/paper/orders",4756f5a0e,Size: 12644 bytes | Head SHA: 4756f5a0e
scripts/monitor_paper_trades.py,Paper Execution,Simulated Order Engine,Active,"/api/paper/positions, /api/paper/orders",4756f5a0e,Size: 6162 bytes | Head SHA: 4756f5a0e
scripts/paper_day_proof_pack.py,Paper Execution,Simulated Order Engine,Active,"/api/paper/positions, /api/paper/orders",4756f5a0e,Size: 25925 bytes | Head SHA: 4756f5a0e
scripts/paper_lifecycle_proof.py,Paper Execution,Simulated Order Engine,Active,"/api/paper/positions, /api/paper/orders",4756f5a0e,Size: 17616 bytes | Head SHA: 4756f5a0e
src/trading/advanced_position_sizing.py,Paper Execution,Simulated Order Engine,Active,"/api/paper/positions, /api/paper/orders",4756f5a0e,Size: 10724 bytes | Head SHA: 4756f5a0e
src/trading/paper_executor.py,Paper Execution,Simulated Order Engine,Active,"/api/paper/positions, /api/paper/orders",4756f5a0e,Size: 14228 bytes | Head SHA: 4756f5a0e
tests/evals/test_positions_win_rate_units.py,Paper Execution,Simulated Order Engine,Active,"/api/paper/positions, /api/paper/orders",4756f5a0e,Size: 709 bytes | Head SHA: 4756f5a0e
tests/fixtures/paper_closed_trades_feb2026.json,Paper Execution,Simulated Order Engine,Active,"/api/paper/positions, /api/paper/orders",4756f5a0e,Size: 3710 bytes | Head SHA: 4756f5a0e
tests/test_paper_alert_truth_contract.py,Paper Execution,Simulated Order Engine,Active,"/api/paper/positions, /api/paper/orders",4756f5a0e,Size: 5218 bytes | Head SHA: 4756f5a0e
tests/test_paper_pipeline_v8_dhan_only.py,Paper Execution,Simulated Order Engine,Active,"/api/paper/positions, /api/paper/orders",4756f5a0e,Size: 2316 bytes | Head SHA: 4756f5a0e
tests/test_public_paper_dashboard_contract.py,Paper Execution,Simulated Order Engine,Active,"/api/paper/positions, /api/paper/orders",4756f5a0e,Size: 3838 bytes | Head SHA: 4756f5a0e
tools/run_paper_trading_e2e_test.py,Paper Execution,Simulated Order Engine,Active,"/api/paper/positions, /api/paper/orders",4756f5a0e,Size: 5387 bytes | Head SHA: 4756f5a0e
tools/storage/live/live_orders_ledger.csv,Paper Execution,Simulated Order Engine,Active,"/api/paper/positions, /api/paper/orders",4756f5a0e,Size: 215 bytes | Head SHA: 4756f5a0e
