{
  "2026-06-13": {
    "NIFTY": 0.131931,
    "BANKNIFTY": 0.138867,
    "FINNIFTY": 0.099671,
    "MIDCPNIFTY": 0.156161
  }
}